customer_id,email,full_name,phone,reg_date
1,kozlovkir@example.org,Зиновьев Варфоломей Афанасьевич,86001338908,2024-04-13
2,pankrat_1985@example.com,Корнилова Агата Валериевна,8 542 351 16 15,2024-11-25
3,anike78@example.org,Марина Артемовна Жданова,+79593103413,2023-11-13
4,dnaumov@example.net,Галина Максимовна Казакова,+7 (419) 283-2764,2026-02-28
5,efim_2016@example.com,Анастасия Евгеньевна Бирюкова,+7 564 139 5376,2026-03-04
6,gavrila1988@example.org,Феликс Евсеевич Дементьев,86965328710,2023-11-27
7,galinavishnjakova@example.net,Арсений Теймуразович Щербаков,87848018451,2024-09-07
8,dveselov@example.org,Иванна Сергеевна Фадеева,+7 (814) 893-25-28,2025-09-10
9,moiseevalidija@example.com,Гущин Митофан Ефремович,+7 (039) 117-1822,2026-03-30
10,uljan1981@example.com,Кошелева Наталья Даниловна,8 (346) 578-7133,2023-09-17
11,adrian_98@example.org,Иванова Анжела Аркадьевна,+7 (105) 183-4738,2024-01-01
12,ilja2023@example.com,Евдокия Болеславовна Белова,8 566 701 06 51,2024-06-30
13,evgrafbeljakov@example.com,Королев Клавдий Фомич,+7 (178) 108-0132,2025-03-02
14,svetozar1984@example.com,Глафира Мироновна Смирнова,8 474 687 23 43,2023-09-08
15,arkadi_2020@example.com,Логинов Самсон Юлианович,8 (208) 121-9136,2023-12-13
16,fokakirillov@example.org,Гаврилова Фаина Феликсовна,8 (543) 534-6247,2024-10-13
17,kuznetsovratmir@example.net,г-жа Богданова Синклитикия Даниловна,8 (425) 135-4278,2026-06-06
18,juli80@example.net,Клавдия Борисовна Субботина,+7 (411) 824-49-35,2024-04-21
19,silanti74@example.org,Родионов Кирилл Андреевич,+7 524 278 6801,2023-10-04
20,sofijapetrova@example.com,Куликова Нина Владимировна,+7 450 533 1586,2026-01-29
21,zhannaknjazeva@example.org,Дарья Наумовна Козлова,+7 (563) 421-60-73,2024-04-15
22,mili1990@example.org,Прохоров Евдоким Трифонович,8 414 586 8501,2024-07-19
23,fainasilina@example.com,Кириллов Платон Изотович,8 698 169 3406,2023-06-12
24,timofe_2016@example.net,Евпраксия Михайловна Горбунова,+7 595 148 46 56,2026-05-28
25,fade23@example.com,Щербакова Дарья Юрьевна,84680443699,2026-03-23
26,ruben_77@example.net,Мухин Давыд Архипович,+78951343320,2023-08-20
27,savelikostin@example.org,Фирс Георгиевич Терентьев,8 763 201 63 28,2025-05-31
28,naumovazinaida@example.org,Ростислав Жоресович Селиверстов,8 (986) 872-77-43,2026-02-24
29,tamara87@example.net,Быков Бажен Ермилович,+7 (455) 812-2362,2024-05-07
30,aksenovorest@example.com,Аксенова Анастасия Григорьевна,8 690 967 05 46,2025-03-21
31,olga_2019@example.net,Елена Рудольфовна Полякова,+76706562729,2025-09-16
32,burovamarfa@example.net,Козлова Анжелика Олеговна,+7 (720) 465-37-55,2025-01-18
33,praskovja64@example.org,Тимур Антипович Селиверстов,8 310 033 0923,2023-12-23
34,glafira1977@example.net,Октябрина Ждановна Комиссарова,8 299 124 1904,2025-11-20
35,tevseev@example.org,Пахомов Илья Бориславович,+79190586518,2026-03-11
36,agap_67@example.org,Митофан Фокич Рогов,+7 (628) 498-77-69,2024-07-30
37,innokenti_14@example.com,Суворов Филарет Тарасович,8 075 273 5454,2025-12-22
38,fedor08@example.org,Молчанов Орест Эдгардович,8 (377) 701-4363,2024-09-27
39,savvati_88@example.com,Ульян Игнатович Казаков,8 (444) 313-51-82,2024-04-02
40,svjatopolkegorov@example.net,Мишина Светлана Эльдаровна,+71343524082,2024-08-09
41,turovaalla@example.net,Владлен Эдгардович Орлов,+7 947 775 2047,2023-12-04
42,vlasovseliverst@example.org,Зимина Алла Владиславовна,+7 (941) 318-69-99,2024-05-25
43,natan_2000@example.com,Харитон Федотович Тимофеев,89091334123,2024-03-06
44,afinogen_1980@example.org,Чеслав Харитонович Калинин,+7 344 713 4936,2023-12-05
45,zinovi_2014@example.org,Вероника Анатольевна Семенова,+7 (499) 471-74-64,2025-07-26
46,semen_1999@example.org,Белозерова Нина Леонидовна,84013990490,2024-03-08
47,spartak2014@example.com,Евгения Харитоновна Кудряшова,8 (175) 655-12-56,2026-05-22
48,konstantin2015@example.com,Таисия Антоновна Панова,+7 545 168 08 76,2023-09-02
49,spartakdenisov@example.net,Нинель Альбертовна Ершова,+78247710932,2024-10-04
50,agafon_2007@example.com,Одинцов Викентий Фомич,+7 274 846 77 37,2025-10-13
51,marijaponomareva@example.net,Бобылева Вера Афанасьевна,+76584044997,2024-01-26
52,timofe2002@example.com,Тихон Матвеевич Панов,8 339 636 0576,2025-01-29
53,polinasilina@example.org,Меркушев Харлампий Игнатович,+7 718 702 62 17,2024-07-25
54,jaropolk_61@example.com,Синклитикия Мироновна Пестова,8 780 913 4316,2023-11-09
55,zuevguri@example.net,Алексей Андреевич Большаков,+7 455 623 8692,2024-02-29
56,anzhelikakostina@example.com,Журавлева Полина Харитоновна,+7 (374) 740-74-82,2023-10-02
57,mechislav2009@example.com,Родионова Зоя Робертовна,+73671369594,2026-05-31
58,azari64@example.org,Зимина Алла Юльевна,8 (439) 533-94-21,2026-02-08
59,nikiforovaninel@example.org,Гурьева Василиса Богдановна,+75623285884,2024-02-20
60,svetozar45@example.org,Афиноген Викторович Симонов,+7 (685) 160-4817,2025-01-02
61,foti65@example.org,Воронова Алевтина Яковлевна,8 (593) 174-6120,2023-08-06
62,semen11@example.org,Вера Натановна Панова,8 869 261 7964,2023-07-30
63,erofe_77@example.org,Антонина Максимовна Некрасова,8 064 317 1390,2023-08-27
64,ilja_29@example.org,Фадеев Фадей Глебович,83352904228,2024-07-03
65,valerijanesterova@example.org,Ефимов Изот Захарьевич,+7 240 268 1177,2024-12-23
66,hristofor_1977@example.com,Блохина Эмилия Аскольдовна,8 (470) 076-6177,2023-10-02
67,markovjuvenali@example.org,Егоров Ярополк Зиновьевич,8 984 789 61 18,2024-05-09
68,olihachev@example.com,Радован Трифонович Аксенов,+7 565 452 71 11,2023-11-01
69,vgrigorev@example.net,Владислав Ануфриевич Сафонов,8 (851) 656-0494,2024-12-07
70,ignatevsilvestr@example.org,Трофимов Захар Борисович,8 851 493 6899,2026-04-23
71,aleksandr_2011@example.net,Ираида Алексеевна Королева,+74550229612,2026-02-17
72,tarasovasvetlana@example.org,Радован Измаилович Яковлев,8 459 910 2290,2026-04-21
73,dorofeevprov@example.net,Эрнст Феофанович Аксенов,+73815614978,2026-04-11
74,anikita36@example.net,Ершов Ладислав Гордеевич,+7 (445) 107-62-26,2025-09-14
75,sidorshilov@example.net,Анжела Никифоровна Самойлова,+7 607 159 6966,2024-09-01
76,maslovadrian@example.com,Блохин Ян Фокич,8 161 369 6816,2024-10-03
77,efrem_52@example.org,Андреева Светлана Степановна,+7 (552) 312-4329,2024-02-02
78,borisovsemen@example.com,Фаина Петровна Федосеева,89552717744,2025-12-14
79,kazakovapraskovja@example.org,Радислав Алексеевич Павлов,8 411 998 6798,2023-08-12
80,filimon2014@example.org,Савелий Юлианович Алексеев,+7 715 182 0377,2025-09-01
81,julian_1980@example.com,Кондрат Терентьевич Исаков,8 905 151 8644,2026-03-25
82,lorafedorova@example.net,Фомичева Любовь Константиновна,8 291 486 52 81,2026-03-09
83,xvolkova@example.org,Дмитрий Гордеевич Александров,8 (332) 214-18-88,2023-08-07
84,tamara_92@example.net,Гремислав Гавриилович Никонов,82706537947,2024-06-07
85,izjaslav_1991@example.com,Евдокия Максимовна Ларионова,87746886239,2024-01-10
86,antonin75@example.net,Регина Васильевна Боброва,+7 247 826 13 75,2023-07-21
87,zkiselev@example.net,Никандр Артурович Давыдов,+7 (051) 522-0472,2025-06-07
88,jakov1970@example.org,Рябов Геннадий Федосьевич,+7 434 103 69 71,2023-11-29
89,eduard2006@example.org,Игнатьева Жанна Вениаминовна,+76095396218,2024-12-21
90,pestovstepan@example.net,Селезнева Таисия Архиповна,8 706 540 51 53,2026-03-26
91,mamontovfoma@example.net,Вера Аскольдовна Казакова,8 (527) 722-1704,2024-04-18
92,vishnjakovaevpraksija@example.org,Леонид Якубович Афанасьев,8 (740) 345-0541,2025-01-01
93,zbragina@example.net,Никандр Игоревич Туров,+7 (775) 841-61-69,2024-03-16
94,kuprijan_1991@example.org,Нестеров Лавр Ефремович,8 (962) 757-05-96,2024-08-09
95,vorobevamilitsa@example.com,Дементьева Галина Алексеевна,+7 (970) 213-55-69,2023-07-30
96,nonnablohina@example.com,Бажен Викентьевич Лобанов,8 654 310 2786,2025-10-29
97,belousovkazimir@example.net,Юлий Ермилович Шубин,8 (312) 172-71-55,2023-09-18
98,tit_1989@example.com,Дарья Михайловна Панфилова,+7 (132) 370-5895,2025-06-05
99,vladislav_2011@example.org,Афанасьев Самуил Фадеевич,8 912 517 78 52,2025-10-13
100,vasilisagorbunova@example.net,Анастасия Васильевна Михеева,+7 (422) 535-84-14,2024-04-09
101,kir_1978@example.net,Творимир Бенедиктович Овчинников,+7 (992) 299-59-00,2023-10-14
102,blohinauljana@example.com,Комиссарова Ульяна Николаевна,80784473647,2023-10-01
103,jakovlevaninel@example.com,Елизар Измаилович Кошелев,+7 (555) 625-88-15,2024-06-19
104,vitali1988@example.com,Валерий Анисимович Калинин,8 963 259 53 27,2025-08-17
105,sigizmund1990@example.com,Фокин Никодим Юльевич,8 (339) 500-47-97,2024-08-26
106,avksenti_1977@example.com,Белоусов Михей Трофимович,8 060 983 5841,2025-01-30
107,radim_2022@example.net,Ярополк Валерианович Гусев,+7 655 852 39 86,2025-07-25
108,solovevaaleksandra@example.org,Брагина Олимпиада Семеновна,8 (298) 259-52-69,2024-09-16
109,silvestr_88@example.com,Петухова Олимпиада Архиповна,8 516 940 9749,2025-11-23
110,antoninloginov@example.com,Евдокимов Якуб Тарасович,+7 (309) 130-75-62,2025-03-12
111,ostapovchinnikov@example.net,Анастасия Валентиновна Михеева,+7 (857) 865-2785,2025-10-05
112,evpraksija_49@example.com,Крылов Клавдий Ефимович,+7 (443) 757-5844,2023-12-16
113,natan_1996@example.com,Вероника Кирилловна Волкова,+71574733848,2026-05-26
114,vseslav19@example.net,Николаева Алла Станиславовна,+7 (301) 657-1208,2024-02-10
115,esuhanova@example.com,Симонова Ия Леонидовна,+70193802620,2025-02-15
116,dorofe2020@example.com,Агафья Кузьминична Ермакова,81547887287,2024-08-06
117,veniaminsuhanov@example.org,Юдина Зоя Геннадиевна,+7 549 329 6685,2023-10-22
118,gdenisova@example.org,Ольга Леонидовна Колобова,+7 (046) 374-5499,2023-06-27
119,valentina53@example.org,Абрамова Ксения Валериевна,8 841 459 33 27,2024-02-02
120,olga2011@example.com,Ульян Харитонович Симонов,8 (339) 187-8519,2023-12-01
121,nikonovataisija@example.net,Беляков Геннадий Владленович,8 871 397 1870,2025-05-14
122,raisaaksenova@example.com,Шилова Октябрина Константиновна,+7 640 391 0651,2025-09-27
123,kolobovaangelina@example.com,Исаков Дмитрий Венедиктович,8 567 661 82 51,2024-03-13
124,nikodim_2005@example.org,Цветкова Агата Архиповна,+77868633752,2024-08-11
125,veniaminmorozov@example.net,Аггей Демидович Ершов,+7 190 790 30 67,2024-06-08
126,erofe_2021@example.org,Калинин Игорь Жоресович,89534283644,2023-09-12
127,harlampi_2020@example.org,Котова Тамара Святославовна,+7 568 566 2462,2025-09-22
128,ilarion1985@example.com,Вероника Рубеновна Фомичева,+7 866 882 6343,2024-11-04
129,strelkovradim@example.com,Владимиров Евграф Антипович,+76990139837,2024-04-29
130,lazar_03@example.org,Варвара Романовна Фомичева,+7 (936) 385-4678,2026-03-13
131,leon_45@example.net,Октябрина Болеславовна Брагина,8 (535) 560-93-20,2024-07-19
132,foti_2009@example.net,Герасим Герасимович Суханов,+7 (693) 785-4777,2024-02-26
133,david_28@example.com,Белозеров Тит Ануфриевич,8 (010) 062-3120,2024-05-14
134,ratibor_1995@example.org,Харитонова Эмилия Романовна,8 (008) 860-08-48,2024-08-28
135,ovchinnikovanina@example.org,Белов Станислав Вилорович,+7 (398) 454-6156,2025-05-23
136,zinovipetuhov@example.net,Анжелика Антоновна Тарасова,8 668 700 21 76,2026-03-07
137,feofan_18@example.org,Мясников Ферапонт Харламович,+70148902503,2025-12-07
138,marfagushchina@example.org,Феоктист Демидович Ермаков,8 856 218 50 16,2024-06-04
139,aleksandrovernest@example.net,Марфа Леонидовна Новикова,+77735866296,2023-10-21
140,iosif11@example.com,Кулаков Герасим Терентьевич,8 511 047 5412,2023-10-23
141,ninatretjakova@example.net,Исакова Валентина Алексеевна,+7 581 995 60 46,2025-02-01
142,vladimirovfedot@example.org,Романова Марина Викторовна,+7 (444) 721-26-46,2024-09-17
143,julija1975@example.com,Иосиф Эдгарович Кириллов,83712406596,2024-11-02
144,mark1999@example.net,Вера Кузьминична Маркова,83752654793,2024-10-28
145,yshilov@example.com,Феоктист Германович Капустин,8 (280) 737-4167,2024-01-12
146,ilarion42@example.net,Наркис Артёмович Третьяков,87968868058,2025-12-18
147,kiselevipat@example.net,Сергеева Эмилия Аскольдовна,86561014388,2025-10-23
148,prokofidavidov@example.com,Харитон Юлианович Алексеев,8 071 461 1254,2024-11-23
149,elise2005@example.com,Валерий Феоктистович Молчанов,8 (514) 010-51-23,2025-08-19
150,taisijajakovleva@example.com,Кондратьева Октябрина Евгеньевна,8 226 609 37 96,2025-02-03
151,krjukovaekaterina@example.org,Арсений Бориславович Лаврентьев,8 (255) 371-4785,2025-12-23
152,znikolaeva@example.net,Казаков Ратмир Всеволодович,+79912513412,2025-01-09
153,raisakolesnikova@example.com,Игнатьева Мария Олеговна,+7 (782) 827-42-25,2025-05-10
154,knjazevaljudmila@example.org,Евлампий Теймуразович Силин,8 (876) 767-7219,2023-07-27
155,kuzmamorozov@example.com,Дмитриев Давыд Фокич,87881914858,2023-08-13
156,trifon1984@example.com,Никонов Иосиф Ефимович,+7 745 171 3395,2026-01-13
157,nsuhanov@example.org,Евфросиния Аркадьевна Ермакова,8 849 825 4494,2025-08-17
158,kuzminostap@example.org,г-жа Филатова Василиса Ефимовна,+7 (536) 729-46-67,2023-10-05
159,maslovsofon@example.net,Модест Филиппович Селиверстов,8 (590) 175-18-63,2025-04-07
160,serafimfedotov@example.com,Лукия Тимуровна Игнатьева,+7 (975) 001-70-12,2025-04-25
161,avgust1999@example.org,г-жа Бобылева Клавдия Валериевна,+71541520643,2025-04-06
162,krjukovvalentin@example.org,Воробьев Влас Давидович,8 (700) 516-2713,2025-01-25
163,gurevvarfolome@example.org,Ладимир Викентьевич Щербаков,+7 (218) 909-27-53,2026-02-09
164,nadezhdagorbacheva@example.net,Ерофей Афанасьевич Самсонов,+7 219 656 52 34,2026-03-07
165,krilovfade@example.net,Кошелева Ия Алексеевна,+73898364037,2025-01-29
166,zhuravlevsigizmund@example.net,Лобанова Агафья Михайловна,8 269 658 2710,2025-12-08
167,popovkallistrat@example.org,Семенов Никон Юльевич,+78666188924,2023-10-17
168,bogdan83@example.org,Карпова Феврония Афанасьевна,+76303161799,2023-09-03
169,galina21@example.org,Филатова Агафья Валериевна,8 (588) 425-24-10,2024-11-11
170,hnekrasov@example.org,Флорентин Артемьевич Чернов,8 (850) 792-52-41,2025-11-17
171,danilovsimon@example.org,Самойлов Агап Демьянович,+7 756 220 8635,2024-06-29
172,ukrasilnikova@example.com,Бажен Марсович Ковалев,8 (023) 806-1744,2024-10-30
173,zhdanovratibor@example.org,Кузьма Ефимьевич Гришин,83759738320,2025-03-07
174,zhukovasofija@example.com,Шубина Агафья Леоновна,+7 641 383 6702,2024-08-17
175,solovevignati@example.net,Мокей Фокич Туров,+7 918 261 99 06,2026-04-04
176,zhannakalinina@example.com,Марфа Леонидовна Филиппова,8 (431) 329-12-12,2025-05-08
177,longin1997@example.org,Силина Евфросиния Петровна,+77411249035,2024-01-26
178,kulakovipat@example.com,Антип Ефимович Осипов,+7 (067) 883-17-12,2023-12-15
179,semenovaelena@example.org,Власов Мокей Архипович,89410137215,2023-12-17
180,fokinaoktjabrina@example.org,Дроздов Пимен Тихонович,8 (066) 253-24-47,2024-01-26
181,gorbachevajulija@example.net,Лавр Эдуардович Тихонов,8 (701) 462-6383,2026-02-13
182,adam_1996@example.net,Тихон Чеславович Коновалов,88564205930,2024-08-19
183,kornilovaolimpiada@example.net,Фотий Даниилович Туров,+7 (133) 480-39-65,2024-03-05
184,zhannakapustina@example.com,Людмила Эдуардовна Новикова,8 992 937 8427,2023-08-07
185,pavlovigor@example.net,Назаров Самсон Ааронович,8 932 525 0029,2026-06-08
186,valerijasazonova@example.net,Анжела Максимовна Крюкова,8 915 452 26 75,2024-03-06
187,iraida_2011@example.com,Сафонов Демид Матвеевич,+74220969029,2024-10-16
188,feofanorlov@example.com,Кононов Бажен Данилович,8 521 570 4331,2024-12-05
189,velimir00@example.com,Панкрат Владленович Доронин,8 765 861 79 32,2025-05-11
190,lavrentevanani@example.com,Осипов Василий Артёмович,8 262 181 5997,2026-06-08
191,gorbunovaglafira@example.net,Галина Альбертовна Комарова,8 336 884 4431,2023-08-26
192,jsergeeva@example.com,Денисов Авдей Федотович,+7 497 310 32 41,2025-06-14
193,timofeevnikon@example.com,Капитон Бенедиктович Носков,8 (625) 652-7047,2025-06-01
194,zinovi49@example.org,Игнатов Валерий Архипович,8 869 380 6868,2026-05-12
195,filipp1986@example.com,Николай Александрович Овчинников,88992172233,2023-12-23
196,rodionovaanzhelika@example.net,Гедеон Дорофеевич Филиппов,+7 168 685 48 70,2026-06-02
197,julija_1998@example.org,Гедеон Бориславович Стрелков,+7 914 856 46 79,2026-01-10
198,andre1981@example.com,Ян Трифонович Петров,8 530 745 05 44,2024-08-18
199,irina2016@example.org,Елизавета Валентиновна Петухова,8 (546) 913-73-67,2025-08-20
200,apollon_82@example.org,Сильвестр Трофимович Кузьмин,8 (902) 330-3070,2024-12-20
201,kirfomin@example.com,Калашникова Варвара Алексеевна,+7 (579) 727-9855,2024-02-19
202,pelageja14@example.org,Гремислав Гордеевич Гордеев,+7 (334) 680-0722,2025-12-29
203,tsvetkovazoja@example.net,Ксения Игоревна Родионова,8 574 374 89 69,2023-11-15
204,panfilovamargarita@example.net,Кошелева Ия Кузьминична,+7 715 454 44 32,2025-08-21
205,arefikonstantinov@example.net,Лучезар Викентьевич Молчанов,+7 744 666 0993,2024-11-24
206,tvorimirkabanov@example.com,Людмила Сергеевна Петухова,+7 (824) 172-48-25,2026-03-22
207,poljakovmina@example.org,Тимофеева Наина Леоновна,8 494 717 0999,2023-09-28
208,evlampi2004@example.org,Марина Станиславовна Петухова,8 022 356 97 25,2024-03-16
209,martinovmarian@example.net,Лариса Аркадьевна Иванова,8 (432) 927-12-96,2026-02-18
210,bkonstantinov@example.com,Андрей Германович Гурьев,8 058 300 3354,2023-12-27
211,blinovsila@example.net,Артемий Андреевич Петухов,+77898562575,2024-03-28
212,militsasokolova@example.org,Титов Еремей Адамович,88215064890,2025-12-18
213,nesterovavalentina@example.net,Алла Вадимовна Аксенова,8 (618) 472-30-46,2026-04-02
214,nesterovspiridon@example.com,Филатова Вера Николаевна,+7 891 411 73 93,2024-07-22
215,egor_1994@example.net,Гостомысл Анатольевич Хохлов,8 (375) 300-11-97,2024-01-27
216,guljaevsokrat@example.org,Комарова Зоя Евгеньевна,8 (447) 012-04-55,2025-04-01
217,belovanikita@example.org,Глафира Леоновна Ефимова,8 (941) 552-16-67,2024-08-05
218,emaslova@example.com,Лаврентьева Глафира Вадимовна,+7 (021) 697-97-29,2025-01-19
219,juli_02@example.com,Валерия Наумовна Быкова,+7 145 089 9358,2025-08-30
220,gorbunovipat@example.com,Никандр Вилорович Дьячков,8 (900) 287-7217,2024-10-20
221,maksimiljanlitkin@example.com,Цветков Ульян Матвеевич,8 317 797 17 75,2023-12-11
222,olimpiada2014@example.org,Тихонов Анатолий Ааронович,+7 994 883 75 50,2024-05-21
223,maksimiljan2008@example.net,Терентьева Майя Петровна,+7 130 554 88 51,2023-08-20
224,polinakudrjavtseva@example.net,Исакова Валентина Ждановна,83316373516,2023-08-21
225,mamontovradim@example.com,Пестова Прасковья Валентиновна,8 (080) 869-78-29,2024-03-05
226,valentinakolesnikova@example.net,Бобылева Лидия Сергеевна,8 693 465 47 22,2025-03-12
227,ladimir_2017@example.net,Таисия Даниловна Медведева,+7 (945) 228-8515,2025-10-30
228,fortunat2008@example.net,Муравьева Синклитикия Ильинична,8 081 062 00 34,2024-02-15
229,elena42@example.org,Анисимова Евфросиния Тимофеевна,+7 571 983 8638,2026-05-26
230,ivanna06@example.com,Лонгин Антипович Попов,+73973598933,2024-09-08
231,demjan2016@example.org,Захаров Софон Валерианович,8 064 842 29 40,2024-11-04
232,lora1980@example.org,Марков Эдуард Антипович,84798515832,2025-08-26
233,ustinovsilanti@example.org,Терентий Трофимович Тарасов,8 335 554 3987,2025-10-29
234,andreevaljubov@example.com,Носков Юрий Демьянович,+7 561 648 4085,2025-08-16
235,prokofi_2003@example.org,Евдоким Захарьевич Копылов,+7 128 801 33 61,2024-04-24
236,klavdija_2020@example.com,Субботина Анжела Владиславовна,+7 750 110 2481,2025-11-19
237,isidorisakov@example.com,Онуфрий Феликсович Веселов,+7 618 091 9015,2025-07-30
238,kalininladislav@example.net,Фадеев Порфирий Тарасович,8 072 832 68 42,2024-09-15
239,avtonom_88@example.org,Иванов Филипп Тимурович,8 (814) 353-6822,2024-03-21
240,jakovshchukin@example.com,Королев Ферапонт Антипович,8 (781) 414-1397,2024-11-04
241,vladimir_31@example.com,Мясникова Евдокия Кузьминична,8 (759) 492-99-55,2025-04-05
242,agataveselova@example.org,Нина Игоревна Одинцова,8 257 775 4781,2024-03-09
243,odintsovkliment@example.org,Евпраксия Захаровна Гурьева,+7 108 099 69 30,2025-10-13
244,tihon87@example.net,Майя Никифоровна Цветкова,84278816580,2026-04-04
245,jurizimin@example.org,Вера Петровна Яковлева,+7 (992) 750-37-31,2024-07-24
246,igor_03@example.net,Майя Натановна Воронова,8 (005) 184-49-89,2024-03-06
247,ysuhanova@example.com,Самсонова Анжела Семеновна,+76386557790,2025-07-28
248,ninelsergeeva@example.org,Носков Климент Гордеевич,+7 (225) 913-65-17,2026-04-23
249,samuil1984@example.net,Щукин Остап Адамович,+7 (029) 922-8092,2023-09-04
250,ivannastrelkova@example.org,Маслова Фёкла Феликсовна,+7 413 797 7236,2025-12-29
251,fainabirjukova@example.org,Панфилова Иванна Викторовна,8 799 136 6210,2024-04-19
252,silanti_2016@example.com,Элеонора Болеславовна Борисова,8 (990) 881-17-29,2025-09-24
253,samsonovanina@example.net,Аникей Федотович Данилов,8 (659) 916-24-73,2023-10-18
254,emmanuil86@example.com,Рогов Аверьян Валерианович,8 (063) 565-1269,2024-07-08
255,terenti69@example.com,Федосеева Марфа Григорьевна,8 887 258 87 44,2025-11-23
256,fevronija_62@example.net,Данилов Прокофий Владиславович,+7 386 589 02 60,2023-10-29
257,olimpiadagushchina@example.net,Арсений Евсеевич Поляков,8 190 669 8490,2024-03-08
258,porfiri1970@example.org,Регина Ильинична Григорьева,+7 988 392 0530,2024-02-09
259,egorovnifont@example.com,Маслова Феврония Геннадьевна,8 (011) 848-9554,2024-05-26
260,radovanteterin@example.com,Осипова Дарья Наумовна,8 (181) 845-1848,2025-11-19
261,iraida76@example.net,Илья Игоревич Силин,8 (790) 714-16-33,2024-10-12
262,wkolobova@example.net,Филатова Иванна Ефимовна,+71651827553,2025-11-17
263,dobromisl37@example.net,Зиновьев Иларион Евсеевич,+7 (333) 952-1117,2026-01-18
264,fadeevasofija@example.org,Маргарита Яковлевна Веселова,8 (947) 284-63-92,2023-09-02
265,panfil_2002@example.net,Коновалов Никодим Всеволодович,8 (187) 500-36-91,2024-10-27
266,juli_42@example.net,Карп Харитонович Кондратьев,85527636556,2024-08-17
267,dmitri2008@example.org,Елизавета Болеславовна Молчанова,+73866322702,2025-03-25
268,vsevolod2012@example.net,Веселова Пелагея Кузьминична,+78906120347,2026-02-12
269,savelevmark@example.com,Федот Дмитриевич Коновалов,+7 615 939 9824,2024-12-12
270,evgenija_87@example.net,Богдан Тарасович Горбачев,+77225699611,2024-02-16
271,zosima_55@example.net,Карл Тихонович Дорофеев,8 (598) 762-20-23,2026-04-03
272,oktjabrina13@example.org,Валентин Арсенович Колобов,8 (800) 681-14-92,2023-10-18
273,oorehov@example.org,Зуева Василиса Владимировна,8 (200) 557-7848,2025-05-01
274,sofijaborisova@example.net,Евдокимова Татьяна Оскаровна,8 (845) 783-1745,2025-03-11
275,german40@example.org,Мишина Вера Макаровна,+77807740649,2024-06-03
276,hohlovamargarita@example.org,Феликс Феодосьевич Афанасьев,+7 (266) 341-6389,2026-05-22
277,kondrati84@example.com,Виноградов Добромысл Венедиктович,+71797497350,2024-02-01
278,litkinasinklitikija@example.org,Орлов Кондрат Евстигнеевич,+7 (703) 120-73-56,2024-10-06
279,moke2001@example.net,Лора Артемовна Одинцова,+7 (046) 187-23-46,2023-06-29
280,turovipat@example.com,Нинель Ефимовна Зиновьева,+7 371 837 6452,2026-02-11
281,kononovataisija@example.net,Трофимов Лаврентий Герасимович,8 031 365 0249,2023-12-12
282,peliseeva@example.org,Фаина Руслановна Пахомова,82513271950,2023-09-10
283,anzhela_28@example.org,Жуков Лукьян Изотович,8 (306) 524-07-78,2024-09-09
284,irina_2003@example.org,Некрасова Любовь Леонидовна,8 (498) 218-27-44,2025-09-28
285,radovan_08@example.com,Доронина Акулина Яковлевна,8 935 186 3878,2024-02-04
286,ljubomir65@example.org,Прохоров Артем Андреевич,+7 (203) 173-10-96,2026-03-28
287,stepan2012@example.net,Васильева Майя Дмитриевна,81037170586,2025-01-03
288,birjukovaemilija@example.com,Гурьева Анжела Кузьминична,+7 381 138 63 38,2026-03-26
289,filaretisaev@example.org,Наумова Наина Борисовна,85761228685,2026-03-27
290,sinklitikijamoiseeva@example.com,Лариса Тимуровна Большакова,8 665 939 8368,2024-07-08
291,radislav_76@example.org,Боброва Фёкла Архиповна,8 (240) 433-5048,2025-08-12
292,filimon_2008@example.org,Рыбаков Мир Витальевич,+7 (459) 334-41-96,2025-11-10
293,bazhenvladimirov@example.com,Дарья Рудольфовна Шарапова,81940961055,2025-04-14
294,hdoronina@example.org,Элеонора Андреевна Калашникова,8 048 058 92 58,2026-05-28
295,gerasimvasilev@example.net,Карпова Нонна Эльдаровна,88136462251,2025-06-18
296,hohlovamilitsa@example.com,Овчинников Платон Васильевич,+7 (783) 769-38-98,2024-06-26
297,askoldfedotov@example.com,Фирс Афанасьевич Макаров,8 655 355 90 42,2024-12-04
298,jaropolk1979@example.com,Зыков Игорь Германович,8 211 039 2405,2026-05-22
299,timofeevradim@example.com,Никитин Тимофей Гордеевич,+7 (884) 879-2069,2026-04-05
300,anike_1987@example.org,Медведев Ян Егорович,+7 701 645 1046,2024-06-03
301,tvolkova@example.org,Пелагея Эльдаровна Лукина,+7 238 780 03 84,2024-11-09
302,nikodim2020@example.org,Зимин Милован Ильич,+73840460843,2024-01-31
303,nikodim_21@example.net,Юлий Давыдович Аксенов,+7 (926) 495-7823,2026-03-19
304,fainapotapova@example.net,Вера Константиновна Пахомова,8 (262) 925-1881,2024-03-22
305,galaktion_05@example.com,Клавдия Павловна Кононова,+72312209949,2025-11-06
306,eduardzhukov@example.org,Ефимова Анжелика Романовна,+7 (897) 526-77-22,2024-04-05
307,amosisakov@example.org,Надежда Дмитриевна Кононова,+7 (312) 797-5736,2025-02-27
308,koshelevamarina@example.net,Юлий Алексеевич Галкин,+7 770 388 60 86,2025-08-19
309,ponomarevakira@example.com,Лазарь Ермилович Суворов,+7 (649) 082-77-18,2023-12-02
310,fainasubbotina@example.net,Карпова Надежда Леонидовна,8 (027) 937-14-52,2023-12-18
311,andreevradim@example.net,Станислав Теймуразович Артемьев,8 (926) 860-2592,2024-02-16
312,darjakomissarova@example.net,Тимофеев Леонид Филатович,+72123094077,2025-07-23
313,averki_2011@example.com,Сафонов Савелий Филиппович,8 719 903 84 98,2024-04-27
314,gerasimovaveronika@example.org,Петрова Вероника Антоновна,89451016224,2026-01-14
315,demjan_2000@example.net,Тетерина Александра Богдановна,+75561681472,2023-12-16
316,maksim86@example.net,Никитин Юлий Антонович,+7 981 794 69 54,2025-09-03
317,vladislav_99@example.com,Евдокимова Полина Святославовна,+7 (934) 301-07-13,2026-01-20
318,csharapov@example.com,Еремей Августович Кабанов,+7 (441) 448-8501,2026-05-10
319,matve_69@example.net,Дарья Георгиевна Суханова,8 770 272 7857,2025-03-14
320,shchukinaregina@example.com,Ларионова Лариса Федоровна,8 (039) 551-2405,2025-01-12
321,grigori_2008@example.net,Чеслав Валентинович Князев,+75046173574,2024-05-10
322,ladislav_1981@example.org,Андрей Германович Сысоев,+7 780 782 35 78,2024-10-04
323,gavrila_18@example.net,г-жа Владимирова Александра Робертовна,8 810 409 15 70,2023-11-17
324,tamara_2014@example.net,Флорентин Ефстафьевич Кабанов,+7 (533) 448-5714,2024-01-27
325,irinaandreeva@example.org,Тамара Степановна Орлова,+7 (858) 542-4932,2023-09-28
326,juli58@example.com,Новиков Савва Анисимович,+7 601 662 99 79,2024-12-13
327,marian38@example.org,Октябрина Феликсовна Титова,+7 717 477 33 29,2024-07-14
328,nikifor_25@example.com,Амвросий Арсенович Мухин,+7 577 245 99 28,2023-11-16
329,tprohorova@example.org,Аскольд Ефимьевич Лукин,8 (696) 393-82-76,2023-09-20
330,emeljan_96@example.com,Александрова София Егоровна,+7 (197) 199-75-81,2025-05-01
331,ksenijapestova@example.com,Киселев Эдуард Тарасович,8 701 329 0227,2025-09-12
332,nikita99@example.com,Федосеев Лукьян Ефимович,84651909862,2024-09-08
333,fominataisija@example.org,Шилов Мирон Брониславович,+70369656666,2025-10-03
334,dementimuhin@example.org,Блинов Мирослав Фёдорович,+7 (422) 010-27-62,2023-10-19
335,nainasamolova@example.com,Элеонора Олеговна Ефремова,+7 (786) 876-53-26,2026-01-04
336,ignatevapolina@example.net,Овчинников Карп Фадеевич,8 (950) 097-5197,2026-05-17
337,baranovstepan@example.com,Богдан Афанасьевич Николаев,8 (189) 490-58-07,2025-05-15
338,rjurik_2009@example.net,Милован Ерофеевич Калинин,+7 (094) 940-79-29,2023-08-29
339,ninel90@example.com,Владлен Юльевич Воробьев,+74294440192,2025-12-15
340,nonnafomina@example.org,Измаил Чеславович Королев,8 (051) 292-7663,2026-04-01
341,marfa2013@example.org,Гурьев Мечислав Антипович,+71027674783,2025-01-19
342,qblohin@example.org,Кудряшова Агафья Ильинична,8 (658) 018-56-94,2024-11-11
343,karl14@example.net,Суворова Жанна Эдуардовна,+7 (852) 580-0106,2023-11-08
344,vasili_2016@example.com,Кондратий Димитриевич Григорьев,+7 091 093 9111,2026-01-04
345,marinaprohorova@example.net,Меркушева Евгения Вадимовна,+7 (447) 174-65-42,2023-10-02
346,fekla06@example.com,Аристарх Дорофеевич Пестов,+72717396271,2024-01-19
347,tatjana_1999@example.org,Киселева Нинель Захаровна,+7 011 947 07 20,2023-08-07
348,jlukin@example.net,Никифор Ааронович Копылов,8 (766) 183-06-71,2025-11-07
349,miron_1992@example.net,Аполлон Бенедиктович Громов,8 (517) 432-8063,2024-09-16
350,gavdeeva@example.net,Мартынова Анжелика Павловна,+7 (203) 093-7618,2026-03-05
351,sigizmund87@example.org,Павлов Мартын Анатольевич,8 138 782 93 10,2024-01-15
352,valentina1971@example.com,Юлия Аскольдовна Николаева,+7 (020) 417-92-91,2023-11-22
353,chernovcheslav@example.net,Брагин Егор Федотович,8 651 982 5309,2024-03-05
354,arseni_14@example.org,Глафира Максимовна Жданова,+7 (739) 021-96-20,2025-07-05
355,ivanovaverjan@example.org,Феврония Ильинична Аксенова,8 (232) 487-63-29,2026-05-19
356,kirillovaevgenija@example.net,г-н Исаев Ладислав Иларионович,8 083 318 19 58,2025-08-06
357,rostislavmamontov@example.net,Егорова Алла Георгиевна,+7 277 220 05 43,2025-04-15
358,mark97@example.org,Зайцев Тимофей Вячеславович,+7 (078) 113-79-95,2025-03-21
359,ljubosmisldanilov@example.org,Валерьян Данилович Зиновьев,8 363 179 70 62,2024-05-10
360,denis1996@example.com,Молчанов Евлампий Ильясович,+73520904217,2025-05-22
361,waleksandrov@example.com,Анисимов Эрнест Владиленович,82983168739,2025-06-14
362,klavdi1970@example.net,Иосиф Денисович Большаков,8 939 290 60 07,2025-08-01
363,rodionovasvetlana@example.com,Валерьян Филимонович Горшков,+7 (180) 632-5431,2023-07-04
364,glafira1990@example.org,Гордеева Ульяна Харитоновна,+7 772 625 7016,2026-05-18
365,taras_04@example.com,Эмилия Тимофеевна Игнатьева,+7 (195) 085-0165,2025-06-01
366,gromovamaja@example.org,Крюкова Ангелина Федоровна,+7 (253) 817-9335,2024-12-08
367,sila64@example.org,Коновалов Радислав Чеславович,8 (817) 884-7951,2024-03-28
368,bojan1975@example.com,Ия Анатольевна Киселева,+7 (412) 723-80-46,2026-05-05
369,vlas_2002@example.com,Адриан Ермолаевич Пономарев,+7 038 569 55 79,2026-04-09
370,trofim_2000@example.com,Влас Ефремович Романов,+73754025472,2026-01-26
371,sinklitikijadmitrieva@example.org,Виктория Валериевна Фролова,+7 059 274 52 38,2023-08-02
372,mechislav_25@example.com,Сорокина Синклитикия Кузьминична,+7 067 275 20 88,2024-11-05
373,savvati49@example.net,Воронцов Пров Игоревич,+7 702 814 06 93,2025-05-02
374,vadim_50@example.net,Логинова Светлана Дмитриевна,+73018718637,2024-10-15
375,apollon_2015@example.com,Парфен Исидорович Блинов,8 045 547 8137,2025-03-16
376,konstantin1981@example.net,Наталья Николаевна Кудрявцева,89123478519,2025-01-13
377,ivanovosip@example.net,Наина Вячеславовна Наумова,8 (923) 264-87-04,2025-12-05
378,semen87@example.org,Смирнов Герасим Евсеевич,+77146273014,2025-07-14
379,moiseevmitofan@example.net,Поликарп Дорофеевич Исаев,8 (158) 904-29-02,2024-10-18
380,ivanna1979@example.com,Дорофеев Мирослав Федосеевич,8 044 818 3219,2024-02-24
381,ljubomir_1991@example.net,Ираида Михайловна Белова,8 (952) 028-4576,2024-11-19
382,valentinarjabova@example.org,Никонова Евдокия Федоровна,88881671120,2025-06-23
383,leonti_52@example.com,Фёкла Семеновна Фадеева,8 240 132 2342,2024-04-30
384,anzhelikarodionova@example.net,Валерия Анатольевна Соколова,8 (603) 108-90-71,2024-07-07
385,golubevaklavdija@example.net,Белов Владилен Гертрудович,83250124955,2024-02-14
386,emilija_2019@example.net,Ермаков Артем Бориславович,80833428013,2025-08-01
387,mihe2017@example.net,Муравьев Вацлав Гавриилович,8 663 836 1517,2023-11-28
388,vsemil_2003@example.com,Наумова Алина Артемовна,8 716 479 4738,2025-03-03
389,pahom31@example.com,Маргарита Вячеславовна Попова,8 (167) 811-26-69,2023-11-15
390,angelinagromova@example.org,Чеслав Трофимович Ильин,+7 (674) 994-6579,2025-02-27
391,sokrat1988@example.org,Валентина Васильевна Максимова,8 (732) 010-17-02,2025-01-24
392,gerasim_49@example.net,Воробьев Спиридон Эдгарович,8 (347) 784-85-88,2023-07-07
393,gorbunovavarvara@example.com,Назар Феофанович Рыбаков,+7 028 427 6246,2025-07-06
394,ermakovseliverst@example.net,Потапова Ульяна Руслановна,8 (828) 064-79-69,2026-04-25
395,tamara_45@example.org,Соловьев Владимир Иосифович,8 905 616 5565,2023-09-05
396,iosiffrolov@example.net,Борислав Арсенович Беспалов,+71520850769,2025-08-17
397,blukin@example.net,Азарий Жоресович Мельников,86591713578,2026-04-11
398,guri_94@example.com,Евпраксия Святославовна Калашникова,+7 834 404 96 39,2023-10-30
399,kapustinmartin@example.com,Брагин Тарас Харламович,8 351 484 68 53,2025-03-14
400,novchinnikov@example.net,Трофим Гавриилович Бобылев,+7 829 737 4896,2025-11-05
401,galkinaevpraksija@example.com,Иларион Вилорович Дементьев,+76651364424,2026-05-11
402,onufrizhuravlev@example.org,Новиков Иннокентий Ефстафьевич,8 (786) 603-24-20,2024-07-15
403,vasilisa82@example.net,Пелагея Архиповна Павлова,+7 594 165 16 23,2023-11-30
404,vissarion_2005@example.net,Светлана Ждановна Чернова,+7 391 559 63 63,2024-01-20
405,zaharovermil@example.com,Ираклий Антонович Емельянов,8 (515) 867-3425,2025-06-17
406,leon_09@example.org,Алла Егоровна Максимова,8 (645) 183-7606,2024-07-10
407,budimir34@example.org,Галина Павловна Евдокимова,8 604 177 6561,2024-02-14
408,silvestr15@example.com,Авдеева Таисия Леонидовна,8 (002) 720-63-45,2025-11-20
409,makarovgleb@example.org,Лыткина Василиса Эльдаровна,8 577 242 95 43,2023-10-19
410,lzinovev@example.com,Ульяна Дмитриевна Лебедева,+7 893 173 4206,2026-01-25
411,qtsvetkova@example.org,Фомин Данила Валерианович,+7 867 713 3344,2025-07-16
412,bosipov@example.org,Бирюкова Ия Георгиевна,8 262 044 39 73,2025-01-04
413,borislav1970@example.com,Марков Никон Гордеевич,8 694 118 00 53,2025-06-10
414,ernst_90@example.org,Якуб Тарасович Антонов,8 528 092 42 87,2024-11-17
415,vlas1976@example.com,Горбунова Вероника Захаровна,+7 502 745 64 49,2024-07-23
416,longin_1999@example.org,Селиверст Вилорович Наумов,8 (032) 032-07-42,2025-06-04
417,fzhukov@example.org,Феликс Чеславович Рыбаков,8 (121) 513-42-28,2024-08-06
418,fortunatlitkin@example.org,Дроздова Евгения Николаевна,+7 371 504 16 59,2023-11-21
419,gerasim_01@example.com,Ольга Робертовна Исаева,+79050975923,2023-08-24
420,ljubomir01@example.net,Марина Богдановна Власова,+72361032664,2026-03-11
421,varvarapetuhova@example.com,Ксения Юльевна Титова,8 158 377 6749,2025-12-28
422,wkorolev@example.com,Эмилия Геннадиевна Кудряшова,8 108 573 27 88,2023-10-18
423,ruslan61@example.com,Владимир Ефимович Одинцов,+7 (864) 908-1081,2025-08-11
424,gsharapov@example.com,Ермакова Зоя Матвеевна,+79180172260,2023-10-17
425,tnosova@example.com,Радован Филимонович Ефремов,+75232194168,2023-07-07
426,afanasevavalerija@example.org,Архипов Родион Трофимович,87499564122,2023-07-01
427,veniaminavdeev@example.org,Пономарева Алевтина Григорьевна,8 (236) 831-47-27,2025-03-26
428,andreevaglafira@example.org,Зуева Пелагея Руслановна,+7 793 349 6050,2023-11-16
429,fnikonov@example.net,Гурьева Таисия Кирилловна,+7 767 899 7308,2023-07-09
430,uborisova@example.net,Рожков Панкратий Харламович,+7 795 760 24 37,2024-11-25
431,ignati2004@example.org,Зимина Лукия Юльевна,8 (246) 657-29-34,2026-05-17
432,haritonovsvjatopolk@example.org,Яковлев Эрнст Эдгардович,+7 674 338 00 54,2024-12-15
433,darjasharapova@example.net,Голубев Мартын Феликсович,+7 931 837 45 50,2025-10-22
434,georgi89@example.net,Васильев Порфирий Фокич,+7 199 180 81 21,2024-04-24
435,gleb_47@example.net,г-н Степанов Михаил Игнатьевич,+7 (137) 603-75-48,2024-03-02
436,fedotovmoke@example.net,Майя Ефимовна Алексеева,8 (632) 666-7850,2025-04-27
437,agafjaterenteva@example.net,Анжелика Львовна Веселова,8 260 602 90 84,2025-03-22
438,revseeva@example.net,Антонова Лариса Макаровна,+7 489 267 3899,2026-03-18
439,ija1993@example.net,Евстафий Ефимьевич Михайлов,+7 856 288 4318,2025-10-14
440,spiridon52@example.org,Евсеев Тимур Дорофеевич,+7 (468) 105-4851,2023-08-23
441,tretjakovlavrenti@example.net,Панова Лукия Егоровна,89893544926,2025-08-25
442,vasilibolshakov@example.net,Бирюкова Майя Робертовна,+7 266 110 62 73,2025-05-03
443,fominstepan@example.com,Михеева Марфа Захаровна,87677622827,2025-05-21
444,raisasamolova@example.net,Соболев Ратибор Харламович,+7 285 196 1159,2024-09-01
445,galkinaviktorija@example.org,Мстислав Ефимьевич Анисимов,8 (022) 960-44-32,2025-07-08
446,ilinataisija@example.com,Соловьев Панкратий Харлампьевич,84975679228,2026-02-22
447,sinklitikija2000@example.net,Любосмысл Афанасьевич Лаврентьев,89663658074,2026-03-09
448,knjazevgrigori@example.net,Евдокимов Леонид Валерьевич,8 (139) 890-9837,2025-07-29
449,kovalevasinklitikija@example.org,Ирина Григорьевна Николаева,87189569070,2024-11-19
450,adenisov@example.org,Лариса Мироновна Сидорова,+7 118 242 24 12,2024-09-28
451,kshcherbakova@example.org,Большакова Евгения Алексеевна,+7 461 526 5461,2023-08-29
452,izjaslavsitnikov@example.net,Горшкова Раиса Сергеевна,8 140 578 61 70,2025-03-04
453,adamfedotov@example.net,Антонина Ефимовна Фадеева,8 (249) 671-8325,2025-09-26
454,zinaidabeljakova@example.com,Тамара Петровна Волкова,+7 794 200 7494,2026-05-01
455,ofilatov@example.org,Панфилова Ия Аскольдовна,+7 (891) 416-12-84,2025-04-11
456,julianseleznev@example.com,Лукия Захаровна Ситникова,8 (435) 537-95-02,2026-03-10
457,koshelevaolimpiada@example.org,Дарья Наумовна Наумова,8 (681) 180-71-56,2025-12-30
458,nikanor_20@example.org,Евдоким Феофанович Кузнецов,+7 (045) 319-4337,2024-12-24
459,matveevapolina@example.net,Никитина Агата Геннадьевна,8 149 872 83 99,2025-11-03
460,angelinasafonova@example.org,Василиса Захаровна Тетерина,83843089487,2023-06-13
461,rtimofeeva@example.net,Субботин Любомир Феликсович,8 418 775 80 30,2024-08-14
462,cbeljaeva@example.com,Григорьев Марк Артурович,80361332541,2026-02-06
463,novikovsamuil@example.com,Феврония Леоновна Одинцова,+73173505831,2025-12-28
464,taisija1976@example.net,Владилен Архипович Туров,+7 065 120 7049,2026-02-06
465,gtitov@example.net,Зайцев Куприян Тарасович,8 196 399 07 67,2025-04-05
466,shirjaevaleksandr@example.com,Сафонова Евдокия Борисовна,+7 091 939 28 45,2025-03-25
467,marfa2012@example.com,Кудрявцев Аникей Ануфриевич,+7 (496) 854-98-22,2025-06-08
468,erast54@example.com,Регина Эдуардовна Прохорова,+7 (038) 806-53-33,2023-09-24
469,evgeni_77@example.net,Красильникова Фаина Феликсовна,8 946 521 7073,2023-06-15
470,ivanabramov@example.net,Трофимов Максимильян Матвеевич,+7 (620) 501-5081,2024-01-17
471,potap39@example.com,Новиков Евстафий Герасимович,+72342583230,2024-03-09
472,varlaam02@example.com,Доронина Валерия Львовна,+7 (473) 552-8961,2023-12-11
473,vasilisaevseeva@example.org,Мельников Мстислав Жоресович,86309938425,2024-06-27
474,evdokimovairina@example.org,Фаина Рудольфовна Никитина,+7 791 286 85 78,2025-05-31
475,lidijakulakova@example.com,Трофимова Полина Руслановна,+79690333736,2024-05-14
476,paramon69@example.org,Маргарита Ждановна Хохлова,+7 214 785 39 07,2025-08-13
477,parfen_77@example.com,Сергей Жоресович Дорофеев,8 027 341 51 48,2025-08-14
478,angelina_1975@example.com,Антонина Васильевна Богданова,8 083 535 4443,2026-01-03
479,sofijasisoeva@example.com,Петухов Кондрат Изотович,8 690 782 63 33,2025-06-16
480,sofronsafonov@example.net,Октябрина Львовна Вишнякова,+7 536 637 78 05,2024-01-11
481,ksenijafokina@example.net,Корнилов Мина Игоревич,+7 (666) 845-9090,2024-01-12
482,loraermakova@example.net,Элеонора Филипповна Князева,8 636 186 37 15,2025-11-10
483,alla1990@example.org,Муравьев Фадей Вячеславович,+7 970 231 6433,2024-09-04
484,arhip_2000@example.org,Автоном Власович Большаков,8 621 286 71 63,2023-12-28
485,leonidgorbunov@example.net,Яковлева Элеонора Филипповна,+79387430271,2025-02-19
486,stepansuhanov@example.net,Оксана Рубеновна Игнатьева,+7 147 546 9263,2024-03-14
487,yfomichev@example.net,Ермаков Валентин Тимурович,+7 324 841 3768,2023-12-15
488,bazhen_18@example.com,Григорий Димитриевич Никитин,8 (070) 176-5636,2023-08-07
489,maksimovavalerija@example.net,Лидия Рубеновна Мартынова,8 (118) 372-74-22,2023-07-08
490,borisovkuprijan@example.org,Карпова Глафира Анатольевна,+7 427 523 0837,2026-05-27
491,djachkovaregina@example.net,Прохорова Валентина Натановна,+77090063353,2024-04-15
492,sokolovpantelemon@example.org,Лукия Георгиевна Федосеева,+7 312 206 81 55,2025-10-30
493,jaropolknikitin@example.net,Пахом Валерианович Жуков,+7 (155) 206-5063,2025-05-22
494,artemiprohorov@example.com,Фомина Алина Афанасьевна,+7 (649) 718-9241,2025-12-27
495,akulina_62@example.com,Мишин Лукьян Харлампьевич,+7 509 976 83 89,2026-06-08
496,zhukovaakulina@example.net,Варвара Константиновна Фролова,8 391 025 74 32,2025-01-13
497,andrefrolov@example.net,Блохина Нинель Леоновна,+7 (450) 864-03-55,2024-06-20
498,timurzatsev@example.net,Елена Юльевна Уварова,8 852 701 71 30,2026-02-19
499,evfrosinijaguseva@example.org,Хохлов Елизар Данилович,8 (167) 423-3629,2024-06-30
500,konon97@example.net,Самойлов Светозар Артурович,8 662 776 8962,2025-06-27
