employee_id,last_name,first_name,patronymic,birth_date,gender,address,phone,email,hire_date,status,department_id,position_id,salary
1,Гаврилов,Мина,Кузьминична,1973-08-07,М,"к. Бологое, пер. Островского, д. 77, 242388",+7 928 327 64 83,tatjana_03@example.org,2009-06-19,active,7,11,76421
2,Григорьева,Ольга,Федотович,1995-02-21,Ж,"д. Красногорск (Моск.), ш. Заречное, д. 684 стр. 346, 048281",8 532 871 01 22,erjabova@example.com,2023-10-07,active,6,4,52156
3,Крюкова,Лаврентий,Егоровна,1989-12-24,М,"п. Хасавюрт, ул. Вахитова, д. 382, 824896",83252880957,makarovamaja@example.com,2015-03-05,active,6,20,74671
4,Лукина,Тимур,Николаевна,2002-05-18,М,"г. Яхрома, алл. Профсоюзная, д. 951, 473829",+7 (465) 787-1331,adrian_98@example.org,2025-04-07,active,9,4,89615
5,Мартынов,Савватий,Станиславовна,1987-08-14,М,"п. Уварово, алл. Челюскинцев, д. 84 к. 81, 080132",8 311 656 67 01,maslovalukija@example.org,2019-06-07,active,10,12,115674
6,Силин,Святослав,Гордеевич,1982-09-21,Ж,"клх Можайск, ул. Беляева, д. 90, 219136",+7 260 647 4687,evdokijaanisimova@example.org,2004-10-14,active,1,8,141327
7,Горшков,Филарет,Васильевна,1995-11-21,Ж,"к. Брянск, пр. Сиреневый, д. 983, 251354",+7 916 998 5435,kapitonafanasev@example.org,2016-07-23,terminated,4,4,89823
8,Пахомова,Порфирий,Альбертовна,2003-04-23,Ж,"п. Кулунда, пр. Ударный, д. 516 стр. 305, 278680",+79808412411,german_1988@example.com,2022-03-31,active,6,6,88520
9,Сысоева,Афиноген,Львовна,1965-07-29,М,"к. Уфа, пер. Поселковый, д. 32 к. 1/3, 634216",8 (059) 826-2045,mjasnikovaljudmila@example.org,1986-03-13,active,5,3,119840
10,Зуев,Рюрик,Германович,1986-10-03,Ж,"г. Кудымкар, пер. Кузнецкий, д. 719, 569816",8 433 036 5414,anastasija_86@example.net,2024-05-11,active,4,6,100589
11,Панфилов,Евграф,Андреевич,2003-08-31,Ж,"к. Печенга, наб. Полярная, д. 76 стр. 59, 804436",8 088 356 15 95,molchanovladimir@example.net,2024-05-23,active,9,8,129733
12,Доронин,Рубен,Феофанович,2001-05-29,М,"с. Щелково, пр. Зои Космодемьянской, д. 86, 320163",+7 (872) 148-9513,zinovi32@example.org,2020-11-21,active,1,8,147715
13,Семенова,Ирина,Фомич,1958-11-07,М,"с. Кропоткин (Краснод.), ш. Энергетическое, д. 4/5, 143455",8 (317) 278-8957,parfen_2007@example.com,2013-08-05,active,7,9,48675
14,Егоров,Болеслав,Вилорович,1971-03-04,Ж,"с. Азов (Рост.), наб. Разина, д. 9/9 к. 47, 670656",8 231 665 87 60,pantelemonkolesnikov@example.net,2000-05-22,terminated,10,11,67869
15,Самойлова,Руслан,Валерьянович,1997-10-11,М,"к. Нарьян-Мар, наб. 60 лет СССР, д. 2 к. 1/9, 531003",8 (069) 901-6272,osipovamarina@example.com,2019-02-26,active,8,5,74718
16,Федотова,Адриан,Витальевич,1971-09-01,Ж,"к. Чайковский, пр. М.Горького, д. 41 стр. 249, 586518",+7 (719) 374-52-99,guljaevgremislav@example.com,2012-11-15,active,9,18,74438
17,Молчанова,Агап,Федосеевич,1988-10-16,М,"ст. Кострома, наб. Курчатова, д. 77, 075273",+7 657 262 84 98,ruben1999@example.net,2018-11-07,active,7,12,68746
18,Федосеев,Исидор,Елисеевич,1996-01-01,М,"г. Магас, пр. Петровский, д. 6, 885685",+78083136783,anzhela2018@example.com,2019-12-22,active,2,2,54371
19,Буров,Клавдия,Егорович,1976-04-19,Ж,"ст. Калязин, алл. Ватутина, д. 14 к. 14, 842710",+73135182337,marija98@example.net,2013-10-26,active,7,20,48326
20,Субботин,Кондратий,Харлампович,1985-05-28,М,"п. Глазов, ш. Баумана, д. 78 стр. 8/5, 499091",8 204 711 6719,alekseevaviktorija@example.net,2010-06-18,active,8,17,72953
21,Родионов,Ярослав,Евсеевич,2000-05-17,Ж,"клх Серафимович, бул. Астраханский, д. 4, 183242",+7 232 812 06 79,kuzma1972@example.org,2018-12-20,active,2,18,138419
22,Суханов,Аристарх,Тимофеевна,1976-05-13,Ж,"клх Мостовской, наб. Заводская, д. 139 стр. 1, 787429",89471746488,porfiri1975@example.net,2009-03-07,active,6,4,78469
23,Кулагина,Александра,Эдгардович,1961-08-22,М,"г. Можга, наб. Пограничная, д. 9/1 к. 7/1, 859770",8 (565) 512-56-74,wkulagina@example.net,1993-06-24,active,1,9,105612
24,Ильина,Карл,Васильевич,1975-01-13,М,"клх Елатьма, бул. Мира, д. 7 к. 8/4, 826398",8 (710) 932-48-08,ogerasimov@example.org,2018-05-31,active,2,10,123748
25,Ситникова,Всемил,Арсеньевич,1974-03-26,М,"с. Москва, МГУ, бул. Волочаевский, д. 4/7, 576627",8 584 044 99 72,timofe2002@example.com,1994-09-27,active,3,18,142056
26,Новикова,Владлен,Вениаминовна,1978-01-09,Ж,"ст. Тында, наб. Советов, д. 491 к. 4, 611724",+7 718 702 62 17,martjan96@example.net,1996-12-29,active,8,1,54662
27,Кулагин,Аникита,Тимуровна,1959-04-02,М,"д. Дно, пр. Краснопартизанский, д. 5/1, 482175",+75562386922,anzhelikakostina@example.com,2017-03-22,active,5,8,47592
28,Антонова,Ладимир,Федосьевич,2002-05-29,Ж,"г. Ханты-Мансийск, ш. Клубное, д. 5/4 стр. 4, 942104",+77436713695,kira40@example.net,2024-02-22,active,2,3,135932
29,Королева,Ананий,Иосифович,2005-04-08,Ж,"клх Находка, пр. Фабричный, д. 73, 160481",+7 (145) 623-28-58,kim_1981@example.com,2025-03-10,active,9,5,56828
30,Фомина,Модест,Робертовна,2001-03-09,Ж,"г. Дивногорск, ул. Свободы, д. 2/2, 826758",+79651370985,arsenikalashnikov@example.com,2022-09-27,terminated,3,9,109163
31,Панфилова,Фрол,Николаевна,1965-12-12,Ж,"г. Пермь, алл. Красногвардейская, д. 2/4 к. 405, 931839",8 179 640 53 77,mitofankomarov@example.net,1998-08-18,terminated,9,7,133447
32,Прохоров,Игорь,Степановна,1965-06-22,Ж,"п. Кунгур, алл. 60 лет СССР, д. 817, 891783",80422842102,efimovazhanna@example.net,2025-04-26,active,6,15,107839
33,Архипова,Аникей,Станиславовна,2000-04-09,М,"п. Кырен, бул. Механизаторов, д. 9/5 стр. 9/7, 183673",8 (470) 076-6177,mjasnikovboleslav@example.com,2021-10-11,active,4,3,84313
34,Ларионова,Мартьян,Филиппович,1982-07-26,М,"д. Билибино, пер. Ворошилова, д. 765 стр. 549, 198327",8 156 545 27 11,tarasovpimen@example.org,2008-03-07,active,4,19,68864
35,Филатов,Велимир,Анатольевна,1980-06-11,М,"к. Азов (Рост.), ш. Волгоградское, д. 2/3, 183667",+7 493 689 98 09,alekse24@example.net,2010-01-11,active,1,8,48834
36,Гришин,Глеб,Ефстафьевич,2004-07-15,Ж,"к. Кашира, ул. Мелиораторов, д. 2/5 стр. 9/5, 369003",8 991 022 9014,vera1998@example.com,2023-10-22,active,2,17,71195
37,Наумова,Еремей,Викентьевич,2007-06-08,Ж,"с. Баксан, ул. Высоцкого, д. 759 к. 7/5, 605297",+74510762268,sidorshilov@example.net,2026-04-22,active,4,18,57342
38,Самойлова,Зоя,Иосипович,1961-06-06,М,"д. Тихвин, ш. Тимирязева, д. 3, 124329",8 136 968 16 45,marianguljaev@example.org,1989-10-26,active,8,14,64957
39,Потапова,Синклитикия,Ивановна,1960-07-23,Ж,"д. Белый Яр (Томск.), пер. Уральский, д. 8 к. 1/1, 411998",+7 (779) 979-95-52,artem2001@example.com,2004-09-16,active,7,12,95519
40,Герасимова,Роман,Афанасьевна,2005-09-18,Ж,"г. Котлас, пр. Октября, д. 65 стр. 7, 590515",+7 793 597 8207,kornilovmefodi@example.net,2024-02-07,active,1,4,47944
41,Щербакова,Федосий,Теймуразович,1974-10-08,М,"клх Тулпан, бул. Олега Кошевого, д. 1, 423573",+79251925462,nikiforovfedot@example.com,2000-06-18,active,2,8,65112
42,Никифоров,Всеслав,Артемьевич,1975-07-24,Ж,"г. Приморско-Ахтарск, бул. Ручейный, д. 5/8 к. 48, 735977",+7 888 059 29 62,evgenijanikonova@example.net,2019-09-23,active,3,14,64050
43,Савина,Кондрат,Тарасович,1989-08-27,М,"ст. Железногорск(Курск.), пр. Братский, д. 2/4 к. 6/1, 068536",8 (623) 924-0758,kulakovsofron@example.org,2010-06-02,active,2,15,145909
44,Третьяков,Мстислав,Аксёнович,1977-02-12,М,"ст. Егорьевск, бул. Олега Кошевого, д. 543 стр. 703, 117980",+7 522 047 27 79,lihachevaanzhelika@example.org,2016-08-09,active,9,1,52224
45,Захарова,Софон,Демидович,2004-04-30,Ж,"ст. Советский, бул. Красина, д. 5, 515319",+7 (460) 953-96-21,miroslav_1974@example.net,2025-06-11,active,8,16,68016
46,Харитонов,Регина,Венедиктович,1958-06-13,Ж,"д. Пермь, пр. Прудный, д. 634 стр. 254, 667652",8 852 772 2170,egor03@example.org,2010-03-15,terminated,3,13,40282
47,Соколова,Иванна,Исидорович,1990-10-08,Ж,"п. Сасово, пр. Западный, д. 7 к. 1, 658202",+71616928451,bolshakovlavr@example.com,2023-08-31,active,8,10,95444
48,Максимов,Ананий,Арсеньевич,1971-06-29,М,"к. Лабытнанги, ул. Заводская, д. 97, 814473",8 569 092 7557,drozdovvseslav@example.net,2008-11-29,active,5,7,47665
49,Гордеева,Ираида,Эдгардович,1969-01-20,Ж,"д. Кизляр, алл. Кленовая, д. 17, 895782",+7 217 271 55 18,kornil_1990@example.org,1992-11-27,active,1,2,116569
50,Орехов,Артемий,Тихонович,2004-03-21,М,"с. Тверь, ш. Свободное, д. 34, 535841",8 (866) 912-51-77,mechislav_1978@example.net,2023-04-10,active,9,6,47455
51,Анисимова,Евсей,Афанасьевна,1974-02-09,М,"клх Касимов, пр. Совхозный, д. 9/5 стр. 8, 647102",+7 (498) 182-99-22,feoktist_00@example.org,2022-01-04,active,2,20,48907
52,Меркушев,Павел,Фомич,1969-04-26,М,"с. Котлас, ул. Березовая, д. 7, 325953",8 925 556 2588,filippovilarion@example.com,1998-02-23,active,10,8,115880
53,Зайцева,Сигизмунд,Фролович,1989-05-16,Ж,"д. Алапаевск, пр. Элеваторный, д. 6, 506098",+77016873395,vasilevaija@example.com,2013-12-25,active,7,19,114085
54,Титова,Митофан,Ермилович,1960-06-08,Ж,"д. Бавлы, ул. Болотная, д. 8, 298259",8 878 499 12 16,martjan_85@example.org,2000-02-06,terminated,4,11,71285
55,Устинов,Гремислав,Георгиевна,2005-09-28,М,"д. Соль-Илецк, бул. Курский, д. 397 к. 3/4, 913075",+79588879470,maksimiljan_16@example.net,2025-07-05,active,5,15,81441
56,Шарапов,Георгий,Львовна,1969-04-22,М,"д. Новгород Великий, ш. Путевое, д. 4/4 стр. 9, 344375",8 897 028 38 57,nazar_1991@example.org,2019-12-11,active,10,19,53104
57,Баранова,Милен,Тимуровна,2004-07-17,Ж,"п. Каневская, наб. Городская, д. 41 стр. 90, 301657",+74198665240,ljubov15@example.com,2022-12-16,active,9,9,57361
58,Воронцова,Екатерина,Викентьевич,1955-10-14,М,"с. Игнашино, ш. М.Горького, д. 3/5, 049915",8 (267) 734-5401,tvorimirgrishin@example.net,1993-02-18,active,4,12,77353
59,Тимофеева,Радован,Альбертовна,1991-02-11,М,"п. Щелково, пр. Войкова, д. 2 стр. 2/3, 753046",8 (287) 431-52-74,agafjazinoveva@example.com,2017-02-10,active,9,10,120173
60,Лобанова,Прокофий,Евстигнеевич,1977-11-11,М,"клх Магнитогорск, пер. Черноморский, д. 82 к. 67, 878339",+79904530174,militsazimina@example.net,2025-07-22,active,9,10,126951
61,Воробьева,Болеслав,Филатович,1991-05-17,М,"клх Карачаевск, пер. Восьмого Марта, д. 187 стр. 3/9, 790874",8 191 088 3982,lidijakrasilnikova@example.net,2010-02-06,terminated,3,9,55129
62,Панфилов,Николай,Эльдаровна,1955-08-21,М,"к. Онега, ш. Репина, д. 2/9 к. 25, 868230",+7 (910) 651-8017,dmitrievanadezhda@example.org,2025-01-29,active,3,9,76930
63,Кириллов,Азарий,Фомич,2001-04-06,Ж,"п. Бомнак, пер. Озерный, д. 1/4, 673830",8 (686) 337-5243,morozovpankrat@example.net,2020-06-10,active,4,9,106244
64,Савин,Сила,Даниилович,2005-03-18,Ж,"д. Таганрог, наб. Революции, д. 7, 246287",85995342836,kir08@example.net,2024-03-22,active,1,3,123136
65,Моисеев,Зиновий,Мироновна,1965-04-03,М,"г. Тюмень, ш. Орловское, д. 146 стр. 939, 735403",8 (086) 688-26-34,maksimiljanjudin@example.org,1996-03-04,active,1,1,83719
66,Фролов,Оксана,Робертовна,2006-10-06,Ж,"д. Талдом, ул. Шаумяна, д. 4 к. 6, 093204",8 (393) 638-54-67,anna_1994@example.com,2025-12-04,active,5,6,137154
67,Королева,Фотий,Ниловна,1983-11-06,М,"п. Дивногорск, пер. Восьмого Марта, д. 18 стр. 110, 231203",+72353693785,sofija77@example.com,2019-01-16,active,7,18,41267
68,Дементьев,Ратибор,Ануфриевич,1997-06-23,Ж,"г. Владикавказ, алл. Слободская, д. 99 стр. 6, 615679",87700886008,terenti40@example.net,2019-08-08,active,3,18,44722
69,Савельев,Ирина,Ефимович,2001-12-24,М,"д. Баксан, алл. Шишкина, д. 1, 489025",+7 016 668 70 02,chernovplaton@example.net,2020-02-06,active,3,14,56704
70,Лазарева,Емельян,Викторович,2006-08-16,М,"г. Сальск, ш. Фабричное, д. 7, 047735",8 142 939 68 56,anzhelikaovchinnikova@example.net,2025-10-14,active,1,12,67535
71,Князев,Назар,Гаврилович,2001-09-07,М,"г. Миасс, наб. Просторная, д. 321 к. 8/9, 101581",86194311426,marijafilippova@example.com,2024-09-30,active,6,18,93264
72,Капустина,Эммануил,Зиновьевич,1981-08-25,М,"п. Благовещенск (Амур.), пр. Томский, д. 5/8, 543799",+7 466 183 9826,verafedotova@example.com,2006-04-16,terminated,4,6,144842
73,Соболев,Ратмир,Венедиктович,1976-03-01,Ж,"с. Морозовск, бул. Папанина, д. 75 к. 7, 193982",+7 659 657 5692,ljubim93@example.com,2017-05-07,active,1,6,136542
74,Ильина,Татьяна,Адрианович,2004-12-01,М,"д. Сосьва (Хант.), пр. 1 Мая, д. 9/1 стр. 9, 135290",8 (374) 167-24-34,nataljavishnjakova@example.com,2025-04-19,active,7,8,74970
75,Мельникова,Анжела,Ждановна,1982-08-17,Ж,"к. Аргаяш, ул. Калинина, д. 2/2 к. 55, 738757",8 610 143 8889,prokofidavidov@example.com,2003-12-08,active,2,13,45075
76,Абрамова,Порфирий,Матвеевна,1986-03-22,М,"п. Пинега, алл. Производственная, д. 7/1 стр. 77, 033419",8 140 105 1238,taisijajakovleva@example.com,2007-09-02,active,8,12,80001
77,Давыдов,Терентий,Иосифович,1977-08-13,Ж,"д. Чита, бул. Элеваторный, д. 2, 412528",+7 (714) 785-9696,shestakovmilovan@example.com,2008-10-26,active,4,13,83025
78,Рябова,Панкрат,Викентьевич,1994-07-19,Ж,"г. Стрежевой, алл. Серова, д. 7/8, 772190",8 627 828 27 42,larisaodintsova@example.com,2026-01-27,active,5,12,124080
79,Быков,Синклитикия,Ермолаевич,1957-08-28,М,"д. Кежма, ул. Покровская, д. 1 к. 5/6, 713395",+73842797881,fedotovtihon@example.com,2024-01-04,active,9,11,43617
80,Дмитриева,Юлиан,Федотович,1966-09-23,Ж,"ст. Токсово, ш. Кубанское, д. 16 стр. 3, 325367",82330958498,lidijakrjukova@example.com,1994-05-22,active,5,6,116099
81,Дмитриева,Флорентин,Евстигнеевич,1998-02-26,Ж,"ст. Благовещенск (Амур.), пр. Красноярский, д. 4/8 стр. 6, 589297",8 671 168 45 77,foma_01@example.net,2021-12-27,active,10,14,85309
82,Хохлова,Елена,Анисимович,1958-07-23,М,"г. Обоянь, бул. Мелиоративный, д. 464 стр. 2/2, 371293",+7 701 277 06 32,gorde41@example.net,2011-11-22,active,9,4,90488
83,Белозеров,Екатерина,Августович,1955-12-25,М,"г. Тутаев, ул. Тракторная, д. 6/4 стр. 86, 112196",8 162 713 6111,modest_42@example.com,1997-11-21,active,7,1,108146
84,Евдокимов,Пахом,Тимофеевна,1964-12-12,Ж,"к. Белореченск, пр. 50 лет Победы, д. 237, 552696",+7 (413) 899-9404,spartakkoshelev@example.net,2007-10-20,active,2,11,121678
85,Колесникова,Трифон,Всеволодович,2007-05-03,Ж,"клх Петушки, бул. Амурский, д. 2, 183285",8 (109) 104-30-06,konon_2012@example.net,2026-02-25,active,2,10,106469
86,Калинина,Фрол,Рудольфовна,1999-08-27,Ж,"клх Александров Гай, пр. Белинского, д. 3, 241056",+7 463 031 61 79,nikiforovadarja@example.org,2022-04-08,active,6,13,131384
87,Гусев,Станислав,Евсеевич,2003-11-27,Ж,"клх Тимашевск, ул. Первомайская, д. 80, 622086",81778507925,zojamamontova@example.org,2023-10-20,active,4,14,127153
88,Чернов,Любим,Фёдорович,2004-06-12,Ж,"ст. Минусинск, ул. Иванова, д. 553 к. 4, 597383",8 419 518 0238,pestovamilitsa@example.org,2023-01-27,active,3,20,114593
89,Белозерова,Аверьян,Устинович,1957-01-22,М,"г. Балашиха, ш. Коммуны, д. 8, 918261",+7 (850) 506-4138,pankratemeljanov@example.org,2015-04-29,active,1,10,77606
90,Ильин,Ферапонт,Феодосьевич,2000-07-06,Ж,"г. Забайкальск, пр. Матросова, д. 2/9 к. 4, 474112",+7 (344) 565-57-43,fokinegor@example.org,2025-05-15,active,10,20,125813
91,Кошелев,Жанна,Юрьевна,2003-05-22,Ж,"г. Славянск-на-Кубани, ш. Казачье, д. 400, 365199",80352135680,kazimir20@example.com,2023-07-30,active,8,7,107000
92,Соловьев,Афиноген,Арсенович,1968-11-21,Ж,"к. Качканар, наб. Заливная, д. 3/1, 476870",8 (215) 107-02-96,bsokolova@example.com,1992-11-05,active,3,3,77196
93,Комиссаров,Климент,Викентьевич,1983-12-18,М,"к. Шарья, ул. Бригадная, д. 678, 213348",+7 (838) 065-7875,ljubim_1996@example.com,2003-11-07,active,4,10,69444
94,Русакова,Таисия,Гурьевич,1994-08-10,М,"п. Сусуман, ул. Весенняя, д. 49, 870593",8 522 395 59 05,tatjanablohina@example.org,2026-04-25,active,1,8,102277
95,Федосеев,Владислав,Никифоровна,1967-07-05,Ж,"п. Ербогачен, пр. Станиславского, д. 3 стр. 4, 644220",8 002 921 8515,glazareva@example.com,2024-06-22,active,10,7,134155
96,Владимирова,Никифор,Сергеевна,1994-01-18,М,"ст. Нарткала, ул. Кузнецкая, д. 23 к. 5, 006762",+7 295 939 1725,frolovmilan@example.com,2019-01-29,active,4,5,125990
97,Устинова,Семен,Матвеевич,1979-05-02,М,"п. Оймякон, бул. Линейный, д. 859, 629620",8 (617) 932-7104,filippovaivanna@example.org,2000-10-06,active,2,14,68683
98,Тихонов,Максимильян,Геннадиевич,1983-04-14,М,"г. Магас, бул. Ильича, д. 11 стр. 52, 714677",8 (844) 431-0698,gerasim1973@example.com,2023-10-06,active,9,15,46582
99,Королев,Капитон,Ефимовна,1992-06-17,Ж,"г. Нефедова, пр. Моховой, д. 768 стр. 4/8, 160898",8 256 527 04 77,zinovi49@example.org,2024-01-24,terminated,2,15,57477
100,Мельникова,Филимон,Геннадьевна,1965-06-19,Ж,"клх Бомнак, пр. М.Горького, д. 5, 099861",+7 722 332 06 16,gedeonshchukin@example.net,2011-08-28,active,9,20,81588
101,Анисимов,Геннадий,Болеславовна,1995-06-11,Ж,"к. Печенга, пер. Короленко, д. 465, 745054",81191485646,filimon2011@example.com,2018-09-20,active,9,14,148864
102,Рогова,Климент,Эдгардович,2002-10-22,М,"ст. Белый Яр (Томск.), ш. Аэродромное, д. 748 стр. 18, 330307",+7 324 754 69 13,ereme2026@example.com,2021-03-23,active,8,15,73972
103,Горбунова,Мирослав,Герасимович,1974-01-28,М,"п. Красноярск, ш. Революционное, д. 1 стр. 1/3, 333468",8 786 103 5797,olimpiadasafonova@example.net,1993-06-05,active,5,17,103517
104,Кондратьева,Эмилия,Святославовна,2001-11-09,Ж,"п. Смоленск, бул. М.Горького, д. 608 к. 5, 715454",+7 722 903 4944,yavdeeva@example.com,2022-01-24,active,2,10,70735
105,Третьякова,Валерия,Захаровна,1975-10-07,М,"к. Кизел, пер. Металлургов, д. 9 стр. 3, 417248",+7 (283) 096-5207,isidor66@example.com,2019-09-17,active,9,3,58136
106,Фомичева,Добромысл,Леонидовна,1978-04-10,Ж,"п. Тарко-Сале, ш. Революции, д. 7, 223569",+7 353 465 54 94,viktorin2002@example.org,2011-10-30,active,3,7,48418
107,Евдокимов,Гаврила,Никифоровна,1967-09-15,М,"клх Рубцовск, пр. Беляева, д. 1/1 к. 15, 830033",+7 752 500 74 32,pelagejaustinova@example.org,2009-02-14,active,9,15,94496
108,Осипов,Леонтий,Бориславович,1981-07-14,М,"с. Новороссийск, алл. 50 лет ВЛКСМ, д. 333, 098215",8 (942) 104-4789,martin_1999@example.net,2023-09-19,active,7,13,140898
109,Кошелева,Антонина,Алексеевич,1980-12-18,М,"клх Елабуга, бул. Зеленый, д. 7, 849926",+78909010016,natan1978@example.net,2002-07-09,active,10,13,102518
110,Суворова,Сократ,Геннадьевна,1963-06-12,Ж,"клх Ставрополь, алл. Центральная, д. 811 к. 91, 143744",+71173934835,kkapustin@example.org,2013-01-09,terminated,5,13,149540
111,Медведев,Антип,Эдуардовна,1967-04-28,Ж,"ст. Неплюевка, ул. Юности, д. 8/5, 762120",+7 455 611 0022,miron_79@example.com,1996-02-26,active,9,20,68906
112,Щукин,Василий,Вениаминовна,1988-04-11,Ж,"к. Можайск, бул. Вольный, д. 9, 637562",87296590277,belozerovostap@example.com,2025-04-05,active,7,16,43804
113,Киселев,Юлий,Августович,1999-03-20,М,"ст. Кисловодск, пр. Сурикова, д. 2/8, 517016",+7 (877) 217-53-54,seleznevaelena@example.net,2024-03-20,active,7,6,101261
114,Кудрявцева,Анатолий,Аркадьевна,1955-06-12,М,"клх Семлячики, ул. Минская, д. 555, 102726",+7 994 883 75 50,radovansuhanov@example.net,1980-09-16,terminated,9,1,91645
115,Николаева,Ираклий,Герасимович,1968-03-12,М,"г. Тутаев, ул. Седова, д. 9/3 стр. 22, 995866",+7 637 351 60 91,ratmir2014@example.net,2003-01-28,active,7,5,100515
116,Евсеев,Кир,Измаилович,1975-06-14,Ж,"клх Дагомыс, бул. Водопроводный, д. 2 стр. 9, 996846",8 (226) 984-85-83,epifanefremov@example.net,2020-12-09,active,7,11,67742
117,Виноградова,Агап,Борисович,1957-02-25,Ж,"д. Учалы, бул. 30 лет Победы, д. 58, 666580",8 200 342 44 20,elizar80@example.com,1976-01-09,active,7,9,138567
118,Овчинников,Октябрина,Германович,1997-08-30,М,"г. Ростов-на-Дону, пер. Путевой, д. 52 к. 357, 259094",8 (359) 893-34-72,gerasimovdementi@example.net,2023-12-30,active,2,16,42540
119,Ильина,Филипп,Ильясович,1960-05-23,М,"к. Новочеркасск, алл. Шишкина, д. 815 к. 49, 561648",8 832 818 2688,wgerasimov@example.org,1997-08-16,terminated,6,8,125215
120,Сазонова,Аким,Ярославович,2007-11-12,М,"п. Ярославль, ш. Новостройка, д. 738, 207501",8 887 704 3581,sergeevtimofe@example.net,2025-12-05,active,1,1,72411
121,Ефимов,Аполлинарий,Тимуровна,1972-07-29,М,"ст. Черняховск, бул. Станционный, д. 9, 449147",8 (193) 466-7665,kolesnikovavarvara@example.net,2016-07-08,active,10,5,71266
122,Харитонова,Николай,Ильинична,1957-07-13,Ж,"г. Хоста, пр. Кольцевой, д. 4 стр. 4, 822239",8 (283) 268-42-45,zhdanovatamara@example.org,1992-09-18,active,2,19,68569
123,Данилов,Евлампий,Гавриилович,2001-02-03,М,"к. Южноуральск, алл. Карла Маркса, д. 8/6, 929955",80878141413,maksimiljan1994@example.org,2022-09-21,active,6,6,119415
124,Кузнецов,Давыд,Жанович,1972-03-08,М,"ст. Дивногорск, алл. Механическая, д. 910 стр. 799, 084887",+7 (645) 257-7754,ustin1977@example.org,2000-04-14,active,3,10,54168
125,Шаров,Михей,Давидович,2007-12-23,М,"п. Инта, пер. Краснофлотский, д. 6/1 стр. 47, 453038",84278816580,jurizimin@example.org,2026-05-20,terminated,10,13,91990
126,Носов,Мирослав,Харитонович,1986-05-16,Ж,"с. Кизилюрт, пр. К.Маркса, д. 8 стр. 1/9, 723184",+7 051 844 9892,ysuhanova@example.com,2011-07-22,active,4,4,131382
127,Давыдов,Геннадий,Владиленович,1980-01-31,М,"д. Чулым, алл. Вокзальная, д. 30, 286990",81365177739,nadezhdalebedeva@example.org,2022-07-21,active,10,4,144363
128,Коновалова,Милица,Юльевна,1974-09-21,Ж,"клх Неплюевка, пер. Верхний, д. 76 к. 11, 886291",+7 379 772 36 92,julijaprohorova@example.net,1998-09-29,active,7,12,49038
129,Шарапова,Савелий,Георгиевна,1996-04-01,Ж,"ст. Старая Русса, наб. Гражданская, д. 3/5 к. 4/2, 986430",+7 881 172 9806,pantelemon_1995@example.org,2026-04-20,active,7,16,53833
130,Елисеева,Октябрина,Абрамович,1994-10-06,М,"д. Норильск, наб. М.Горького, д. 96 стр. 3/6, 449562",8 (180) 635-6512,lbolshakova@example.com,2023-12-19,terminated,8,5,97080
131,Михеева,Викторин,Давыдович,1985-10-28,Ж,"г. Богучар, алл. Степана Разина, д. 790 к. 9/5, 277038",+7 (138) 658-90-26,braginaanna@example.org,2013-07-17,active,5,20,145932
132,Виноградов,Евлампий,Станиславовна,1996-03-25,М,"д. Кандалакша, ул. Верхняя, д. 984 стр. 6, 393769",8 (839) 205-3021,emilija65@example.net,2014-04-18,active,10,9,82245
133,Шестаков,Казимир,Устинович,1989-11-18,М,"ст. Невельск, бул. Бажова, д. 571 к. 463, 658804",+7 818 451 84 89,iraida76@example.net,2016-04-25,active,2,9,99087
134,Герасимов,Константин,Трифонович,2001-04-11,Ж,"ст. Кунгур, алл. Краснознаменная, д. 69, 111790",8 182 755 3942,sigizmundzinovev@example.org,2025-10-06,active,10,20,127580
135,Субботина,Тит,Анатольевич,1988-04-02,Ж,"д. Аршан (Бурят.), наб. Льва Толстого, д. 27 стр. 6/1, 369155",8 957 947 2846,florentingusev@example.org,2015-01-28,active,8,11,63834
136,Ковалева,Дорофей,Евсеевич,1971-07-28,Ж,"ст. Волгодонск, наб. Заовражная, д. 7/4 стр. 82, 267288",+77955276365,oleg_47@example.org,2011-01-16,active,5,11,76655
137,Моисеев,Севастьян,Димитриевич,1993-09-08,М,"г. Приозерск, наб. Выгонная, д. 64, 877169",80612034717,kazimir_55@example.net,2016-07-19,active,9,7,51221
138,Дмитриева,Ростислав,Виленович,1966-11-02,М,"с. Новый Уренгой, пер. Курчатова, д. 3/3 стр. 523, 326111",8 699 611 2535,valentina_44@example.net,2017-01-09,active,8,18,139374
139,Киселев,Трофим,Адрианович,2007-11-23,М,"д. Зеленоград, ул. 70 лет Октября, д. 8, 848728",8 811 492 16 43,kondratizuev@example.net,2026-01-25,active,8,15,143931
140,Рябова,Харлампий,Филиппович,1998-05-17,М,"г. Троицк (Моск.), наб. Лунная, д. 9/1, 740649",86884578317,mihe64@example.org,2020-04-17,active,4,13,130673
141,Ковалева,Аверьян,Марсович,1968-04-06,Ж,"клх Тутончаны, пр. Енисейский, д. 522 к. 879, 973502",8 866 326 63 41,pegorova@example.net,1989-08-17,active,10,12,102031
142,Соловьев,Творимир,Гаврилович,1962-05-24,Ж,"к. Валдай, ул. Физкультурная, д. 2/9, 234601",+74270312073,pantelemon_47@example.com,1997-04-27,active,9,11,86112
143,Воронцова,Никандр,Феофанович,1972-04-02,М,"с. Макушино, наб. Интернациональная, д. 41, 502491",+7 371 837 6452,kononovataisija@example.net,2017-03-04,active,5,8,55814
144,Соколов,Илья,Анатольевич,1994-12-22,М,"п. Сузун, наб. Белинского, д. 4/1, 524077",8 (925) 132-71-95,semenovaljudmila@example.net,2022-06-21,active,9,6,65105
145,Киселева,Куприян,Матвеевна,1988-10-13,Ж,"д. Ноябрьск, ул. 1 Мая, д. 3/1 к. 4, 186387",+7 (928) 557-4982,lobanovgerman@example.com,2025-07-14,active,5,19,139641
146,Крылова,Герасим,Еремеевич,1977-05-21,Ж,"клх Сургут (Хант.), пер. Таманский, д. 253 стр. 237, 058650",8 511 810 22 03,martinovevdokim@example.org,2023-05-25,terminated,4,10,69816
147,Лукин,Яков,Архиповна,1958-03-14,Ж,"клх Воскресенск, пер. Фурманова, д. 7/2 стр. 92, 852897",+7 413 811 38 63,stepanprohorov@example.org,2000-02-29,active,1,18,56591
148,Ильина,Лука,Зиновьевич,1980-09-23,М,"д. Амурск, алл. Дружбы, д. 443 стр. 1, 888992",8 659 398 36 84,radislav_76@example.org,2001-12-03,active,1,18,78290
149,Русаков,Андрей,Ильясович,1966-01-21,Ж,"с. Чебаркуль, пер. Чкалова, д. 296, 556613",+7 (459) 334-41-96,bazhenvladimirov@example.com,2025-01-11,active,8,4,41607
150,Калинина,Автоном,Семеновна,1998-06-15,М,"ст. Шали, пер. Революционный, д. 56 стр. 3/3, 179086",8 048 058 92 58,gerasimvasilev@example.net,2020-11-27,active,8,11,64164
151,Лаврентьев,Борислав,Юлианович,1984-12-31,М,"к. Чайковский, ул. Красных Партизан, д. 6/6, 559042",+7 (278) 376-93-89,iosif_1986@example.org,2014-11-20,active,8,4,147756
152,Харитонова,Яков,Феликсовна,1985-07-11,М,"к. Вытегра, пр. Ермака, д. 953 к. 93, 879206",82703352110,jakubgushchin@example.org,2023-05-08,active,2,19,122502
153,Воробьева,Вероника,Андреевич,1972-10-25,М,"п. Оленек, бул. Песочный, д. 8 стр. 923, 800384",+7 (043) 940-70-16,veronika51@example.org,2013-07-02,active,10,10,51164
154,Устинов,Селиван,Петровна,1966-02-12,М,"к. Палана, алл. Базарная, д. 9/4 стр. 4/3, 495782",+7 555 438 4046,fokinatamara@example.com,1998-03-04,active,7,20,118135
155,Егоров,Валентина,Васильевна,1992-04-09,Ж,"ст. Домбай, ул. 8 Марта, д. 7/5 стр. 5/3, 122099",+7 (248) 262-9251,tverdislav_2018@example.org,2014-10-19,active,7,15,98028
156,Яковлева,Эрнст,Геннадиевна,1971-02-23,М,"п. Кингисепп, пр. Пионерский, д. 7, 331279",83305172897,dobroslav_67@example.com,2022-06-22,active,7,10,114531
157,Кулагин,Зинаида,Фокич,1972-03-23,М,"с. Баксан, пер. Димитрова, д. 986, 347644",8 609 656 99 98,anastasija_2017@example.org,2021-08-09,active,2,7,121987
158,Сазонов,Гурий,Ерофеевич,1997-02-26,М,"п. Серафимович, бул. Проезжий, д. 2/5 стр. 3, 117518",+7 827 718 1298,marfatihonova@example.com,2021-09-04,active,2,6,71439
159,Кошелева,Милица,Яковлевич,1997-01-31,Ж,"к. Ялуторовск, ул. Украинская, д. 50, 777809",+7 (686) 025-92-22,allagavrilova@example.com,2023-06-20,active,3,1,93545
160,Кудряшов,Изот,Валентиновна,2000-04-23,М,"клх Нижнекамск, алл. Спортивная, д. 6, 016224",8 (767) 199-03-84,emeljan_1973@example.org,2023-06-30,active,8,10,44278
161,Исакова,Вера,Михайловна,1995-12-03,М,"с. Данков, бул. Прохладный, д. 9, 833901",88279501455,enesterova@example.com,2023-08-18,active,5,15,49329
162,Боброва,Надежда,Архиповна,1961-05-26,М,"ст. Ирбит, алл. Ленина, д. 20 стр. 471, 605583",8 (946) 954-89-95,emilijavorontsova@example.com,1980-02-26,terminated,10,7,95723
163,Маслов,Алла,Львовна,1974-08-06,М,"п. Набережные Челны, бул. Серафимовича, д. 1/3 к. 3/8, 760849",+71448850155,kvoronova@example.net,2017-04-01,active,3,9,148348
164,Евдокимов,Евфросиния,Анатольевна,1991-11-25,Ж,"д. Гдов, бул. Островского, д. 246 к. 4/6, 438421",+7 395 512 4056,grigori_2008@example.net,2016-04-02,active,3,10,117993
165,Савина,Андрей,Германович,1961-09-25,Ж,"клх Ахтубинск, пр. Пограничный, д. 240 к. 8, 184094",8 (807) 823-57-84,gavrila_18@example.net,2023-03-12,active,8,10,131715
166,Носков,Епифан,Германович,1968-07-14,Ж,"д. Нижнеудинск, наб. Поперечная, д. 44 стр. 51, 870207",+74857142241,kondratevajulija@example.net,1989-12-15,terminated,9,18,104722
167,Комиссаров,Вацлав,Антипович,1961-04-17,Ж,"ст. Снежногорск (Мурм.), пр. Гоголя, д. 8/4, 294562",8 629 979 54 53,bogdan_2021@example.com,2024-07-18,active,1,14,136276
168,Моисеева,Максимильян,Зиновьевич,1986-04-12,М,"д. Бреды, пер. Кочубея, д. 7/4 к. 38, 615396",8 (017) 157-72-45,raisaorlova@example.com,2019-01-29,active,1,3,70005
169,Моисеева,Ферапонт,Измаилович,1992-06-27,М,"г. Шатки, бул. Воровского, д. 8, 132902",+7 (219) 719-9758,birjukovprokl@example.org,2021-09-19,terminated,5,19,45273
170,Лихачев,Геннадий,Алексеевна,1975-04-09,Ж,"ст. Магас, наб. Цветочная, д. 285, 036965",8 997 335 49 46,bronislav_90@example.net,2017-06-22,active,8,9,63788
171,Корнилов,Наум,Тарасович,1985-01-17,Ж,"п. Суздаль, пр. Геологический, д. 826 стр. 3/8, 876532",8 (327) 238-6562,darja22@example.org,2017-06-26,active,8,3,101605
172,Попов,Эрнест,Вадимовна,1989-05-01,Ж,"клх Тулпан, пр. Крестьянский, д. 237 к. 1, 807787",+7 (846) 895-0097,veniamin_97@example.net,2018-08-06,active,6,4,61079
173,Крюков,Пантелеймон,Федоровна,1975-06-25,Ж,"с. Великие Луки, пер. Магистральный, д. 5, 944401",+72094940792,prohorovakira@example.net,2014-01-05,active,8,10,126846
174,Одинцова,Демид,Вениаминовна,2005-09-20,М,"ст. Прохладный, алл. Щетинкина, д. 63 к. 141, 767478",+7 (752) 437-28-05,merkushevgalaktion@example.net,2024-09-12,active,9,2,99614
175,Колесникова,Натан,Максимовна,1981-12-23,Ж,"д. Кущевская, наб. Черемуховая, д. 749 к. 4/4, 258001",8 (428) 604-76-58,belovasinklitikija@example.net,2000-05-15,active,6,4,141259
176,Лазарев,Остап,Андреевна,1962-07-03,Ж,"ст. Шенкурск, пр. Брянский, д. 524, 174654",8 (534) 430-09-10,emmanuilkabanov@example.org,1991-07-06,active,1,18,100552
177,Куликов,Эмилия,Елизарович,2008-04-25,Ж,"п. Ульяновск, алл. Веселая, д. 5/2 к. 511, 072006",+7 665 044 2717,juliankarpov@example.org,2026-05-03,active,9,12,121609
178,Родионова,Георгий,Игнатович,1982-01-23,М,"к. Медногорск, ул. Революционная, д. 9 к. 2, 432806",80877661830,steterina@example.com,2022-07-13,active,1,7,75003
179,Моисеев,Евграф,Матвеевна,1981-12-24,М,"д. Североморск, ул. Лазо, д. 750, 387829",+7 571 732 03 09,selivankolesnikov@example.org,2007-11-23,terminated,8,16,55915
180,Богданов,Аскольд,Оскаровна,1965-01-25,М,"г. Талдом, ш. Проточное, д. 636 стр. 6/2, 530925",8 (079) 032-02-04,panovjulian@example.org,1987-05-11,terminated,10,8,133032
181,Хохлов,Виссарион,Викторович,2006-12-26,М,"г. Алагир, ул. Дальневосточная, д. 8/3, 248763",8 258 273 90 21,ksavina@example.org,2025-05-05,active,1,18,93476
182,Исакова,Юлиан,Алексеевич,1996-01-04,М,"с. Ялуторовск, алл. Энергетическая, д. 331 стр. 8/3, 005436",+7 (791) 456-08-33,lobanovvalentin@example.net,2018-04-10,active,2,15,55396
183,Сидорова,Марк,Филипповна,2007-01-16,Ж,"с. Камышин, бул. 40 лет Победы, д. 61 стр. 41, 363179",8 (010) 822-07-81,samsonovizmail@example.net,2026-01-22,active,5,17,132459
184,Брагина,Аполлинарий,Феодосьевич,1965-04-18,Ж,"п. Вытегра, пр. Правды, д. 45 к. 3, 983168",+7 (972) 652-7354,markgusev@example.org,2016-07-28,active,8,16,71946
185,Ершова,Ермолай,Харламович,1986-12-04,М,"с. Тутаев, пр. Гражданский, д. 8/4 к. 780, 254310",+70633569392,aksenovaalina@example.org,2021-03-27,active,7,7,118561
186,Костин,Глафира,Владиславович,2003-04-17,Ж,"к. Россошь, бул. Портовый, д. 195 к. 1, 657905",8 (990) 772-62-57,samolovaanzhela@example.com,2024-05-24,active,5,14,84548
187,Филиппова,Демид,Артемовна,2003-05-26,Ж,"г. Благовещенск (Амур.), наб. Докучаева, д. 9/9 к. 978, 795137",+7 832 538 17 93,ljubimkazakov@example.com,2022-02-16,active,5,10,149769
188,Шаров,Болеслав,Вячеславович,1975-01-21,Ж,"с. Анива, алл. Светлая, д. 638 к. 6/6, 988774",+7 124 127 23 80,pankrati82@example.com,2012-05-05,active,8,18,103483
189,Зыкова,Влас,Тимофеевна,1976-04-15,Ж,"п. Елатьма, алл. Огородная, д. 359, 452380",+7 (437) 540-25-47,julijastrelkova@example.org,2016-12-02,active,9,13,99682
190,Пахомов,Лукьян,Виленович,1980-10-22,М,"с. Льгов, бул. Братский, д. 6/2 стр. 1/3, 406937",8 (828) 410-67-27,german_08@example.net,2010-12-15,active,4,19,90196
191,Лапин,Вадим,Антонович,1996-10-25,Ж,"клх Новочеркасск, алл. Войкова, д. 7 к. 1, 554781",+7 (983) 430-1871,nikodim_1983@example.com,2018-06-22,active,7,2,81704
192,Лаврентьева,Милица,Феофанович,2005-11-22,М,"д. Оймякон, ул. Специалистов, д. 7, 879232",8 742 662 99 12,lazarmuhin@example.net,2025-07-03,active,7,13,126991
193,Титова,Корнил,Эдгардович,1958-04-22,Ж,"п. Сухиничи, бул. Владимирский, д. 814 стр. 895, 471589",+79478730024,alla71@example.net,1977-06-27,active,1,5,105836
194,Большаков,Исидор,Васильевна,1959-06-01,Ж,"ст. Яр-Сале, ш. Мирное, д. 68, 445189",+7 (572) 520-45-65,kalininakira@example.net,2001-04-30,active,8,4,108937
195,Козлов,Гаврила,Викентьевич,1990-09-11,М,"с. Бузулук, ш. Украинское, д. 575, 279852",+75765213283,fedotgorbachev@example.net,2019-01-18,active,3,14,125823
196,Копылова,Алексей,Эдуардовна,1963-07-03,Ж,"г. Аршан (Бурят.), пер. Привокзальный, д. 2/5 стр. 114, 193932",+7 (223) 423-2161,sokolovsvjatopolk@example.com,2005-05-30,active,5,11,121691
197,Королев,Алексей,Виленович,2006-03-18,Ж,"к. Златоуст, ул. Песочная, д. 88 стр. 3, 125663",+79552893891,zikovfoka@example.org,2026-05-20,active,6,18,89808
198,Авдеев,Зосима,Брониславович,2007-03-31,М,"с. Шатура, наб. Сурикова, д. 78 стр. 7, 175207",8 171 827 5480,bolshakovsemen@example.org,2025-06-15,active,8,18,44705
199,Шашков,Николай,Александровна,2000-03-31,М,"клх Тамбов, ш. Абрикосовое, д. 6/8 к. 8/9, 271147",+7 126 691 21 53,evstigne_96@example.org,2022-06-18,active,5,8,137880
200,Матвеева,Игнатий,Венедиктович,1957-06-15,М,"п. Магадан, пр. Папанина, д. 9 стр. 9, 061675",+7 017 026 95 24,mishinbazhen@example.net,2001-01-18,active,2,4,98153
201,Русаков,Пров,Алексеевич,1957-09-01,М,"д. Енисейск, ул. Черняховского, д. 8 стр. 6/5, 009025",+7 (842) 762-46-71,vasilisa2007@example.net,1999-05-25,active,1,2,82516
202,Пономарева,Оксана,Адрианович,2007-07-04,М,"г. Нарьян-Мар, ул. 40 лет Победы, д. 976, 407905",8 616 556 5033,leontikapustin@example.org,2025-11-22,active,6,14,59080
203,Гуляев,Филимон,Захарьевич,1994-05-24,М,"к. Кунгур, наб. Короленко, д. 29, 954198",+7 713 578 52 94,polikarp_37@example.net,2020-06-19,active,10,6,62280
204,Гаврилов,Парфен,Изотович,1960-08-25,М,"клх Томари, пер. Тюленина, д. 57, 908357",+78468536649,radovan_2015@example.net,1988-09-09,active,7,20,129539
205,Антонов,Иларион,Робертовна,2002-01-25,Ж,"г. Кострома, пр. Вахитова, д. 7/1 к. 52, 044820",+76651364424,onufrizhuravlev@example.org,2026-03-14,active,10,5,70433
206,Сафонова,Святослав,Адамович,1959-03-14,М,"г. Когалым, ул. Комарова, д. 7 стр. 46, 123476",+7 594 165 16 23,drozdovsidor@example.org,1994-06-28,active,8,9,127404
207,Макаров,Харитон,Эдгардович,1991-09-26,М,"к. Усть-Ишим, наб. Гастелло, д. 883 к. 1/7, 413432",8 158 673 4257,leon_09@example.org,2025-04-21,active,8,10,128815
208,Дмитриева,Порфирий,Жоресович,2007-08-11,Ж,"клх Армавир, бул. Воронежский, д. 3/1, 345911",8 041 776 56 12,silvestr15@example.com,2025-10-06,active,6,19,79210
209,Павлова,Ипат,Натановна,2007-09-01,Ж,"с. Холмогоры, ул. Солнечная, д. 81, 420696",+7 (965) 772-42-95,evstafi16@example.com,2026-04-17,active,8,10,66111
210,Петухов,Казимир,Афанасьевич,1980-06-20,Ж,"п. Рыбинск, пер. Рыбацкий, д. 4, 262044",+7 (910) 867-71-33,karldmitriev@example.net,2006-06-20,active,2,8,89986
211,Мясников,Ян,Денисович,1980-08-02,Ж,"п. Соликамск, пер. Трудовой, д. 748 к. 7, 280924",87107256366,afanasi18@example.org,2004-05-09,active,5,1,148794
212,Кузнецова,Сила,Игоревич,1987-04-15,Ж,"к. Элиста, пер. Комарова, д. 3/6 к. 3/9, 032032",+7 (158) 624-15-02,kliment2020@example.com,2006-06-29,active,10,2,119482
213,Галкин,Рюрик,Владиславович,2003-06-22,Ж,"п. Листвянка (Иркут.), ш. Радужное, д. 4, 892613",8 (617) 075-87-77,sazonovgedeon@example.org,2025-09-11,active,5,8,119569
214,Пономарев,Евпраксия,Игнатович,1957-03-14,М,"г. Юрьевец (Иван.), наб. Карьерная, д. 50 к. 1, 896164",+71659152017,radovan2012@example.com,1987-04-20,active,4,20,72850
215,Пестова,Изяслав,Сергеевна,1982-07-31,Ж,"клх Владикавказ, пер. Крымский, д. 8/7 к. 5/7, 659266",+7 032 664 21 47,zgorshkova@example.com,2003-09-24,active,1,10,143364
216,Васильева,Андрон,Измаилович,1986-12-22,Ж,"д. Барнаул, ул. Трудовая, д. 786 стр. 579, 491801",+7 (278) 814-7617,gennadi24@example.org,2020-09-16,active,6,5,51813
217,Кириллова,Денис,Гавриилович,1982-03-05,М,"с. Тырныауз, ул. Геологов, д. 802, 697499",+7 164 597 7945,ekaterinagerasimova@example.org,2012-06-07,active,7,6,66318
218,Фомина,Зоя,Львовна,2001-05-16,Ж,"ст. Ялуторовск, алл. Дальняя, д. 8 стр. 77, 122777",8 412 203 10 30,svetozarkulagin@example.org,2019-07-11,active,6,17,105771
219,Григорьева,Радим,Демьянович,1969-02-18,Ж,"д. Чокурдах, пер. Советов, д. 90 стр. 669, 467179",+79605016679,kornil_1972@example.com,2010-09-19,active,5,16,145708
220,Гаврилова,Прохор,Феодосьевич,1956-11-06,М,"ст. Новосибирск, ш. Алтайское, д. 24 к. 3/3, 297167",+7 (437) 573-83-95,vlas1989@example.net,1995-07-02,active,6,4,101385
221,Гаврилов,Измаил,Анатольевна,1958-08-20,Ж,"к. Невинномысск, ш. Шоссейное, д. 3 к. 807, 199180",+7 545 228 0156,orehovzosima@example.org,2011-02-22,active,4,13,145458
222,Миронов,Василий,Дмитриевна,1963-06-20,М,"ст. Азов (Рост.), ш. Монтажников, д. 5, 145653",+7 (524) 787-1255,varvarajakusheva@example.org,1991-10-09,active,7,1,74663
223,Лобанова,Прасковья,Архиповна,1984-02-17,Ж,"к. Петушки, пр. Транспортный, д. 1/3, 846684",+7 (266) 678-5072,terentevaregina@example.org,2012-10-15,active,5,19,89941
224,Соколов,Мечислав,Юрьевна,1974-06-21,Ж,"д. Наро-Фоминск, бул. Подлесный, д. 4 к. 588, 200894",8 (926) 738-9975,mignateva@example.com,2000-09-01,active,4,16,43280
225,Кошелев,Феврония,Наумовна,1984-03-14,Ж,"к. Малая Вишера, бул. Казачий, д. 9/4 к. 458, 712661",8 (105) 485-1017,filipp07@example.com,2005-04-29,terminated,4,3,123283
226,Якушев,Аркадий,Васильевич,1987-11-04,М,"ст. Жигулевск, пер. Полярный, д. 8/3, 377028",+7 (715) 869-8864,aleksandra1998@example.com,2018-05-24,terminated,5,14,55292
227,Данилова,Викторин,Устинович,1962-12-10,М,"г. Мезень, алл. Казанская, д. 1/2 к. 2, 679497",+7 594 082 15 45,kuprijan70@example.org,2003-12-01,active,1,10,104569
228,Симонов,Юлия,Харламович,2004-06-06,Ж,"клх Саров (Морд.), наб. Целинная, д. 50 стр. 481, 983780",82287772519,onosov@example.com,2022-12-05,active,9,5,90940
229,Самсонова,Василиса,Алексеевна,1967-08-31,М,"с. Апшеронск, наб. Кошевого, д. 2 стр. 318, 224124",+7 433 971 8956,emeljanovaakulina@example.com,2013-05-13,active,9,14,116983
230,Ширяев,Евфросиния,Ануфриевич,1997-03-31,Ж,"с. Тикси, пр. Донской, д. 1 стр. 8, 170630",8 200 461 5265,nazar10@example.org,2019-10-24,active,2,16,120694
231,Селиверстова,Фадей,Валентиновна,2001-05-16,Ж,"д. Сеймчан, ул. Металлистов, д. 3, 074946",+7 382 496 71 83,margaritapotapova@example.org,2022-05-07,terminated,5,2,130476
232,Родионов,Акулина,Владимировна,1990-02-28,М,"клх Кудымкар, пр. Абрикосовый, д. 65 стр. 67, 209700",+70289141612,kliment_1999@example.org,2014-01-19,active,8,8,87537
233,Кузьмина,Остромир,Матвеевна,2003-04-17,Ж,"п. Саянск, алл. Южная, д. 6, 194337",8 (681) 180-71-56,nikanor_20@example.org,2024-05-13,terminated,6,18,124518
234,Шилов,Анатолий,Эдгарович,2003-05-06,Ж,"д. Губкин, ул. Полярная, д. 4 стр. 4, 894870",83036149872,evlampi_2014@example.net,2024-12-17,active,5,7,56011
235,Фомина,Анастасия,Захаровна,1958-12-18,М,"г. Павловский Посад, наб. Широкая, д. 236, 325411",8 664 187 7580,anisimmatveev@example.com,1978-11-05,active,4,20,42799
236,Князев,Самуил,Филипповна,1957-01-25,М,"клх Северо-Курильск, ул. Кольцевая, д. 606 стр. 820, 496110",85431735058,afanasinosov@example.net,2013-02-10,active,4,5,143150
237,Сафонов,Антонин,Тарасович,1982-10-07,М,"г. Волхов, пер. Профсоюзный, д. 39, 567972",+7 963 990 76 76,shirjaevaleksandr@example.com,2009-01-09,active,9,7,116858
238,Орехова,Всеслав,Андреевич,1959-07-20,М,"г. Томск, бул. Безымянный, д. 938 стр. 465, 315377",+7 (496) 854-98-22,leonid2011@example.com,2018-05-08,active,4,11,141498
239,Нестеров,Иванна,Васильевна,1993-12-15,М,"д. Катайск, пр. Толстого, д. 4/7, 050150",8 946 521 7073,kabanovaelena@example.net,2021-05-18,active,10,1,76342
240,Бобров,Викентий,Ермолаевич,1985-05-27,М,"п. Апатиты, ш. Васильковое, д. 702, 534735",+7 (950) 033-4234,lukijasazonova@example.net,2016-01-22,terminated,9,9,144662
241,Александров,Вера,Андреевна,1997-11-03,Ж,"ст. Дудинка, алл. Цветочная, д. 3 к. 4/2, 912868",8 112 233 86 55,panisimova@example.org,2022-03-12,active,1,5,41947
242,Семенова,Сигизмунд,Фомич,1967-08-13,М,"с. Кежма, пр. Репина, д. 55 к. 521, 853907",8 587 774 9690,efimsamsonov@example.org,2020-06-17,active,4,19,82437
243,Муравьев,Януарий,Федотович,1986-02-18,Ж,"к. Таштагол, пер. Крестьянский, д. 4 стр. 611, 835354",8 (665) 754-60-27,kapitonjudin@example.org,2014-06-03,active,1,5,137218
244,Лапина,Олимпиада,Святославовна,2001-12-12,Ж,"клх Тобольск, ш. Розы Люксембург, д. 43, 389877",+73928404456,lharitonova@example.net,2022-10-31,active,2,16,98756
245,Исаев,Борислав,Геннадиевич,1984-08-11,М,"с. Печора, пер. Горького, д. 1 стр. 622, 636186",8 377 805 29 24,chernovaljudmila@example.com,2009-01-02,active,2,15,106039
246,Рябов,Савелий,Игнатович,1994-03-10,Ж,"п. Люберцы, пер. Ленинский, д. 1/6 стр. 725, 212867",8 (412) 182-09-70,evpraksijavinogradova@example.com,2024-10-25,terminated,1,17,79535
247,Гуляев,Архип,Гертрудович,1964-04-10,Ж,"г. Петрозаводск, ш. Лазурное, д. 8 стр. 8/1, 475469",+7 (467) 299-4938,kirill1983@example.org,1994-03-06,active,1,2,102781
248,Чернов,Павел,Вячеславович,1997-06-20,Ж,"с. Усть-Калманка, наб. Магистральная, д. 785, 243807",8 762 916 03 24,kuzma_2015@example.org,2015-11-29,active,2,16,133375
249,Антонова,Афанасий,Макаровна,2001-05-29,М,"д. Королев, пр. Казачий, д. 5/3 стр. 20, 418621",8 (656) 360-04-12,darja_77@example.com,2025-02-07,active,2,11,119730
250,Лебедев,София,Кузьминична,1974-01-10,Ж,"г. Октябрьское (Хант.), алл. Грибоедова, д. 23, 600531",+7 (752) 308-37-08,kolesnikovleon@example.com,2007-01-09,active,5,20,122978
251,Орехова,Валерий,Яковлевна,2000-08-16,Ж,"п. Воскресенск, наб. Ангарская, д. 165 к. 4/8, 149501",+7 (206) 815-58-39,titafanasev@example.com,2026-02-22,active,10,17,78652
252,Бирюков,Ерофей,Ефимьевич,2007-08-31,М,"г. Нарткала, пер. Рылеева, д. 9/4, 309143",87189241956,lorazaharova@example.net,2026-02-08,active,7,4,143952
253,Мартынов,Регина,Геннадьевна,1960-11-01,Ж,"клх Аша, ш. Зои Космодемьянской, д. 1 стр. 65, 380339",+7 257 432 6303,nonna1992@example.org,2004-10-12,active,9,7,96370
254,Носков,Спиридон,Гавриилович,1985-07-14,Ж,"клх Снежинск, алл. Ивановская, д. 36 к. 54, 347156",+7 171 302 3212,elizar_1986@example.net,2016-05-16,active,7,11,148451
255,Фокин,Гурий,Феоктистович,1984-03-13,Ж,"с. Сладково, пр. Дальневосточный, д. 9/8 к. 852, 230085",8 (962) 706-6149,gerasim_2007@example.net,2018-11-27,active,2,11,95936
256,Уварова,Онуфрий,Фёдорович,1982-04-16,Ж,"д. Сунтар, бул. Жукова, д. 466 стр. 17, 024972",8 674 916 0169,evdokijafadeeva@example.com,2008-12-05,active,6,5,130023
257,Данилова,Иосиф,Васильевна,2000-07-10,М,"д. Миасс, пр. Родниковый, д. 395 стр. 4, 402701",+7 (011) 669-18-36,nataljamaksimova@example.net,2019-02-07,active,2,3,96606
258,Аксенова,Феврония,Фёдорович,1991-02-27,М,"п. Бийск, алл. Хуторская, д. 7 стр. 2/3, 416141",8 462 252 23 72,venedikt_2000@example.net,2020-10-14,active,6,5,112924
259,Григорьева,Амвросий,Данилович,1987-12-15,М,"с. Нарьян-Мар, пр. Луначарского, д. 6 стр. 4, 669055",8 (100) 409-01-38,melnikovaeleonora@example.net,2009-05-07,active,9,18,83207
260,Сысоев,Авдей,Матвеевна,1982-10-11,Ж,"г. Яшкуль, ш. Трудовое, д. 8 к. 89, 915671",+7 (091) 843-57-97,ostromir_2014@example.org,2025-09-30,active,7,2,77700
261,Сафонов,Никандр,Вячеславовна,1968-09-15,М,"п. Каспийск, ш. Родниковое, д. 360, 643471",+7 (898) 027-14-87,nonnapestova@example.org,1995-12-07,active,10,17,67884
262,Калинина,Творимир,Наумовна,1988-11-28,Ж,"г. Верхний Уфалей, бул. Енисейский, д. 395 к. 7, 409836",+7 539 915 66 86,zaharosipov@example.org,2021-04-24,active,4,4,85890
263,Воронцова,Лучезар,Иосифович,2001-08-29,Ж,"п. Шаховская, алл. Строительная, д. 5 к. 849, 746052",+7 (899) 316-08-75,kiradjachkova@example.org,2025-09-28,active,5,19,69643
264,Молчанова,Епифан,Олеговна,1970-10-01,М,"д. Липецк, бул. Омский, д. 2/3 к. 1, 729277",+7 276 420 8656,milen2021@example.com,2008-07-17,active,10,20,128470
265,Гаврилов,Галактион,Григорьевич,2006-05-12,Ж,"п. Ямбург, пр. Владимирский, д. 713 стр. 5/3, 176475",+7 (059) 126-6201,savvati_20@example.org,2024-05-16,active,5,1,63647
266,Жуков,Виссарион,Архипович,1963-09-27,М,"д. Гремячинск (Перм.), наб. Вишневая, д. 16, 888718",8 (830) 999-74-19,marijatrofimova@example.net,2021-07-07,active,5,11,86009
267,Савельева,Тимофей,Эльдаровна,1999-10-13,Ж,"д. Красноуральск, ул. Свободная, д. 6, 603408",+7 312 920 87 51,gusevauljana@example.org,2022-10-05,active,3,19,126159
268,Тарасова,Василиса,Феофанович,1964-12-13,М,"п. Шахты, алл. Гайдара, д. 3 стр. 2/9, 462671",87585988310,anatoliponomarev@example.org,2000-03-26,active,1,3,137794
269,Якушев,Евпраксия,Макаровна,1965-03-07,Ж,"д. Котлас, наб. Свободная, д. 286, 155423",8 (314) 359-8926,larisaustinova@example.com,2001-10-15,active,8,11,60631
270,Лазарев,Автоном,Матвеевич,1970-07-22,М,"к. Оха, наб. Шолохова, д. 3/5, 822269",8 112 849 71 85,ustin49@example.org,2006-09-26,active,6,19,118148
271,Самойлова,Аполлинарий,Наумовна,1998-12-06,М,"с. Мичуринск, бул. Российский, д. 331, 148706",8 396 727 5784,pahom83@example.com,2025-07-27,active,3,6,138885
272,Дорофеев,Наина,Харлампович,1989-04-23,Ж,"п. Троицко-Печорск, алл. Линейная, д. 3, 067625",8 (816) 093-0685,stojanzimin@example.net,2011-02-24,active,5,15,126761
273,Якушева,Мартьян,Кузьминична,1972-06-05,М,"д. Сузун, наб. Лесная, д. 6/5, 105265",8 (144) 744-3096,levgushchin@example.net,1991-01-07,active,8,14,75804
274,Самойлов,Варлаам,Эдгардович,1968-11-15,М,"п. Уварово, ул. Октября, д. 3/3 к. 7, 531340",+7 882 617 02 43,nikola1995@example.com,1995-12-16,active,2,12,96349
275,Одинцов,Николай,Петровна,1977-12-21,Ж,"г. Всеволожск, алл. Прудовая, д. 9, 305690",+7 237 416 7872,polina_68@example.net,2010-09-26,active,10,16,109066
276,Савин,Самуил,Еремеевич,1988-07-01,М,"п. Чокурдах, бул. Учительский, д. 31 стр. 1/5, 260931",+7 639 282 34 14,pahomlazarev@example.com,2008-03-21,active,7,20,47180
277,Авдеев,Натан,Андреевна,1976-04-14,Ж,"к. Барнаул, ул. Советская, д. 553, 491624",+7 (356) 708-6041,mihail45@example.net,2010-12-27,active,4,5,140160
278,Агафонов,Михаил,Ефимьевич,1963-01-09,Ж,"г. Гудермес, бул. Киевский, д. 493 стр. 2/2, 473820",+7 082 555 98 95,kirillnikitin@example.net,1989-09-16,active,2,1,105193
279,Дьячков,Евдоким,Аркадьевна,2003-11-09,М,"к. Балтийск, ул. Окружная, д. 8/9 стр. 927, 866943",+78557161768,azari_1981@example.net,2023-05-29,active,7,18,132231
280,Филиппов,Авдей,Борисовна,1970-04-03,М,"к. Аша, алл. Литейная, д. 14 стр. 93, 059551",80878844344,viktorin_1981@example.org,2025-08-14,active,6,3,92044
281,Абрамова,Капитон,Венедиктович,1983-03-22,Ж,"клх Красноуфимск, бул. Ясный, д. 4/6 стр. 4, 273652",84500534240,varvara_2022@example.net,2017-07-03,active,8,3,81033
282,Попова,Вадим,Гавриилович,1986-09-11,Ж,"г. Россошь, пр. Шолохова, д. 182, 660100",+7 (239) 724-04-22,mafanaseva@example.org,2009-03-06,active,7,10,55096
283,Воронцова,Ипат,Архипович,1973-08-24,Ж,"п. Белый Яр (Томск.), бул. Черемуховый, д. 200 стр. 2, 203036",+7 (900) 185-13-27,gremislav1990@example.com,2017-11-09,active,6,6,145030
284,Крюков,Гедеон,Ивановна,1974-12-14,М,"с. Тутаев, пер. Байкальский, д. 3/5 к. 6, 475410",+7 (617) 213-1451,viktorin_51@example.org,2022-04-05,active,6,3,97240
285,Савина,Геннадий,Ивановна,1965-05-29,М,"к. Тавда, пр. Красных Партизан, д. 3 к. 76, 887883",8 267 711 9642,markovvladimir@example.org,2009-07-26,active,10,13,108676
286,Герасимова,Борис,Никифоровна,1984-02-20,Ж,"ст. Дзержинск, пр. Средний, д. 4/4 к. 30, 260650",8 (931) 350-3058,vsevolod1977@example.org,2025-12-27,active,5,11,69041
287,Шестакова,Вацлав,Васильевна,1960-06-14,М,"клх Тулун, наб. Чайкиной, д. 6/8 стр. 341, 092820",8 (920) 252-13-10,wpetuhov@example.org,2005-05-31,active,2,17,122998
288,Блинова,Панфил,Филиппович,1993-02-21,М,"с. Йошкар-Ола, пер. Сибирский, д. 8/6 стр. 7/3, 563411",+79843624186,ekaterinavlasova@example.net,2012-06-14,active,4,12,86019
289,Данилова,Митофан,Семеновна,1978-04-06,М,"к. Верещагино (Перм.), пер. Красный, д. 1/1 стр. 2, 054683",+7 342 811 3904,ustinmedvedev@example.net,2006-12-13,active,3,9,65856
290,Шаров,Полина,Наумовна,1979-08-25,Ж,"клх Сладково, бул. Студенческий, д. 33, 889857",+7 (156) 818-20-96,frol1972@example.com,2024-05-10,active,2,6,141298
291,Ларионов,Влас,Ермолаевич,1979-12-14,Ж,"д. Верхний Баскунчак, ул. Смирнова, д. 3 к. 3, 495511",86063399129,valeri2024@example.org,2004-01-13,active,10,19,98838
292,Ермакова,Лора,Фокич,1972-12-26,М,"к. Тобольск, наб. Королева, д. 868 стр. 1, 380214",8 (472) 197-05-46,nzinoveva@example.net,2016-07-19,active,6,5,97640
293,Сорокина,Гордей,Трифонович,1960-05-25,М,"с. Мыс Шмидта, наб. Володарского, д. 4/8, 470827",+7 (671) 577-8711,valentinafomicheva@example.com,1988-04-14,active,5,9,117518
294,Котов,Алла,Жоресович,1994-02-05,Ж,"п. Боровск, пр. Широкий, д. 8 к. 9/4, 201654",+7 960 567 3030,qpotapov@example.net,2014-11-19,active,2,10,100521
295,Игнатов,Евстафий,Федосеевич,1988-03-16,М,"клх Мокшан, алл. Гафури, д. 67, 648072",8 (826) 596-08-93,vladimirovfoka@example.net,2021-06-25,active,6,10,50057
296,Силина,Алла,Васильевна,1962-01-24,М,"г. Махачкала, пер. Свободный, д. 8/7 к. 6/6, 851276",+7 336 829 6353,florentinpestov@example.org,2005-06-10,active,9,13,100648
297,Титова,Демьян,Владиславовна,1966-07-02,Ж,"клх Сасово, пер. Спортивный, д. 7 стр. 83, 137157",8 (664) 649-1111,gorbachevanadezhda@example.org,2012-08-02,active,10,7,82143
298,Горбунова,Анжела,Станиславовна,2005-11-13,Ж,"п. Озеры, ш. Карла Маркса, д. 3 стр. 4/9, 396096",8 053 844 44 63,mjasnikovanaina@example.org,2024-05-27,active,1,15,53566
299,Гуляев,Александра,Николаевна,1967-04-03,М,"к. Карабудахкент, ул. Заводская, д. 1/3, 981960",8 582 631 28 19,wrogova@example.net,1994-02-14,terminated,2,17,124689
300,Калинина,Радован,Дмитриевна,2008-05-07,М,"с. Шамары, ул. Морская, д. 5, 117536",8 233 438 3640,boris20@example.net,2026-05-07,active,8,15,108690
301,Горбачева,Селиверст,Адамович,1983-08-03,Ж,"к. Нефтеюганск, пер. Садовый, д. 58 к. 139, 882351",+7 713 665 72 24,lihachevadarja@example.net,2008-12-15,active,5,13,93578
302,Лапин,Амвросий,Викентьевич,1970-05-22,Ж,"п. Камень-на-Оби, ш. Бригадное, д. 2/5 стр. 83, 769459",+7 244 731 58 47,polikarp2004@example.com,1995-09-11,active,1,11,48639
303,Комиссаров,Эрнст,Федотович,1969-01-09,М,"п. Мостовской, ш. Производственное, д. 4 к. 635, 510505",85517208496,ernest85@example.com,2001-07-23,active,7,10,73029
304,Яковлева,Рубен,Тимуровна,1977-04-25,Ж,"к. Моршанск, алл. Клубная, д. 8/1, 611729",+7 (816) 493-8318,ljudmila91@example.net,2006-06-04,active,10,5,85851
305,Комиссаров,Харлампий,Данилович,1994-08-28,М,"с. Владивосток, бул. Мичурина, д. 6 к. 7, 857906",+7 409 074 2608,andron_1992@example.net,2017-09-20,terminated,7,5,117993
306,Буров,Ирина,Эдгарович,1999-01-22,М,"ст. Углегорск, бул. Интернациональный, д. 1, 041459",+7 591 030 02 15,ksavelev@example.org,2023-07-03,active,7,11,146585
307,Гаврилова,Касьян,Власович,1964-10-22,Ж,"к. Старый Оскол, ул. Путевая, д. 2, 833117",87125296718,ilarion_2009@example.com,1986-11-23,active,9,3,124675
308,Козлов,Еремей,Кузьминична,1970-02-21,М,"п. Ногинск (Моск.), пр. Краснознаменный, д. 4/2 к. 7, 491271",8 (637) 153-98-85,lidija72@example.net,1995-08-18,active,1,12,80483
309,Морозов,Иларион,Фокич,1968-02-28,М,"г. Сарапул, наб. Гражданская, д. 466 к. 4, 294897",+70787541815,jrodionov@example.com,2021-06-09,terminated,6,16,65166
310,Рябов,Пимен,Леонидовна,1958-10-29,М,"с. Вологда, бул. Флотский, д. 4/3, 549401",+7 (131) 009-4318,egorovzinovi@example.net,1989-05-29,terminated,3,3,78770
311,Дьячкова,Сила,Михайловна,1997-10-07,Ж,"п. Кулунда, алл. Зеленая, д. 8, 737100",8 (432) 512-25-72,haritonovaolimpiada@example.com,2025-05-27,active,9,17,44947
312,Савин,Екатерина,Давыдович,1991-03-06,Ж,"ст. Новая Игирма, бул. Орджоникидзе, д. 2/5 к. 426, 570396",8 (221) 145-7758,veronika74@example.com,2021-05-23,active,10,5,118282
313,Копылова,Елисей,Афанасьевич,1968-08-15,М,"д. Тосно, наб. Красногвардейская, д. 8/6 стр. 2, 727284",8 148 782 45 56,rsisoeva@example.com,2024-08-03,active,3,20,146042
314,Большаков,Виктория,Ефимьевич,1988-07-24,М,"г. Красногорск (Моск.), наб. Дальневосточная, д. 51, 369143",+71407034910,lev1970@example.com,2007-08-23,active,1,14,87749
315,Белозерова,Савватий,Ильич,1972-05-11,Ж,"д. Камышлов, наб. Кольцевая, д. 8 к. 76, 287585",8 661 449 42 96,foka_23@example.com,2022-03-21,terminated,10,10,138617
316,Красильников,Мина,Фролович,1984-01-18,Ж,"ст. Палана, пр. Лесный, д. 9/8, 104159",8 708 061 29 43,mstislav_1978@example.net,2005-05-07,active,4,10,145987
317,Степанова,Корнил,Харлампьевич,2002-06-05,Ж,"клх Минусинск, ул. Водников, д. 21 стр. 229, 331708",8 019 803 8287,elenasamsonova@example.net,2024-03-09,terminated,4,12,128907
318,Макаров,Никифор,Валерьевич,1975-11-04,Ж,"д. Усмань, пр. Ильича, д. 5, 975466",8 723 849 79 16,akulinagerasimova@example.org,2017-07-26,active,5,13,105916
319,Гущин,Вацлав,Фёдорович,1984-05-05,Ж,"к. Алдан, наб. Громова, д. 95, 812259",+7 (047) 196-09-40,andronik1994@example.org,2013-11-15,terminated,4,20,58140
320,Панова,Родион,Тарасовна,1964-12-17,М,"д. Южно-Курильск, ул. Трудовая, д. 223 к. 677, 312661",+74617679298,isidor_1978@example.net,1987-03-01,active,8,12,112684
321,Овчинников,Юлий,Валентинович,1957-12-24,М,"клх Лотошино, алл. Алтайская, д. 9/4, 901302",+7 759 025 17 62,evstigne_1983@example.com,1976-04-28,active,9,4,77363
322,Дроздова,Мирослав,Устинович,1994-02-08,М,"с. Якша, ш. Кирпичное, д. 528 к. 417, 985034",8 (152) 873-3978,mir_98@example.org,2026-03-07,active,5,15,107286
323,Гуляев,Ипатий,Максимовна,1979-10-15,Ж,"к. Артем, наб. 60 лет СССР, д. 4, 023850",+7 241 893 89 84,dosipova@example.net,2005-10-16,active,2,8,147046
324,Куликов,Семен,Филипповна,1993-10-20,Ж,"клх Нижнеудинск, пр. Лермонтова, д. 10 к. 738, 870662",80516991872,marija01@example.org,2019-02-06,active,1,14,46980
325,Красильников,Клавдия,Аркадьевна,1964-10-22,Ж,"клх Уварово, ул. Пионерская, д. 20 стр. 327, 055934",+7 719 553 56 03,vadimsafonov@example.org,1991-08-16,active,4,13,50696
326,Евсеев,Эрнст,Харлампович,2000-03-07,Ж,"к. Урай, ул. Трактовая, д. 7 стр. 5/2, 283483",+7 114 837 53 74,emilija_84@example.net,2019-03-19,active,6,4,149992
327,Мухина,Мокей,Эдуардовна,1965-02-03,Ж,"с. Ангарск, пр. Сурикова, д. 733 к. 96, 408509",+7 377 107 0449,fmoiseev@example.org,2005-12-16,active,3,2,77601
328,Носкова,Каллистрат,Рубеновна,1995-08-25,М,"с. Снежинск, алл. Шахтерская, д. 244 стр. 58, 960945",+7 (059) 660-1864,rostislav_1998@example.net,2018-03-16,active,3,16,98799
329,Овчинников,Василиса,Станиславовна,1999-11-15,М,"клх Усть-Кулом, пр. Майский, д. 949, 172444",80149542770,avksenti2001@example.org,2026-04-12,terminated,1,9,68266
330,Панов,Владимир,Дмитриевна,1967-04-23,М,"г. Новая Игирма, бул. Красный, д. 25 стр. 287, 335956",+7 (903) 102-87-95,zhdanovaelizaveta@example.org,1990-02-25,active,10,17,95476
331,Красильников,Анастасия,Еремеевич,1965-03-03,М,"г. Шумиха, ш. Комарова, д. 4, 902611",+7 595 565 7490,margaritasoloveva@example.com,1998-06-09,active,4,10,55970
332,Новикова,Феофан,Вадимовна,1998-04-29,М,"п. Новый Оскол, пр. Островского, д. 737, 158815",8 (681) 809-7887,karp_39@example.com,2024-07-19,active,10,15,48232
333,Рыбаков,Эрнест,Филатович,1983-12-08,М,"д. Тавда, ш. Ивановское, д. 17 стр. 71, 871206",+7 (928) 369-2944,longin_11@example.com,2002-09-26,active,8,20,110261
334,Миронов,Зоя,Артёмович,1964-06-10,М,"г. Новокузнецк, пр. Химиков, д. 5/8 к. 92, 209957",8 (866) 526-8341,martin_99@example.net,2008-03-30,active,10,8,134181
335,Шашков,Любим,Вячеславович,1990-01-17,М,"ст. Избербаш, ул. Союзная, д. 9/5, 154214",84134750988,parfen_1989@example.com,2017-05-08,active,1,20,86244
336,Шашков,Севастьян,Давидович,1966-12-15,Ж,"с. Ардон, алл. Детская, д. 8/9 к. 57, 176741",+74913421388,alevtinamoiseeva@example.org,1994-04-02,active,3,3,108614
337,Мартынова,Клавдий,Кузьминична,1963-05-11,М,"клх Тотьма, алл. Парковая, д. 732 к. 53, 272742",8 131 528 5478,krjukovluka@example.org,1994-11-09,active,9,18,106496
338,Носова,Александра,Афанасьевич,1990-07-26,Ж,"д. Ирбит, ш. Инженерное, д. 8 к. 7/6, 413146",+7 (061) 789-3206,juri69@example.org,2023-10-08,active,8,2,123318
339,Горшков,Любосмысл,Ильинична,1984-05-06,М,"д. Кашира, ул. Энергетиков, д. 6 к. 7/8, 640473",+7 275 156 27 79,pafanaseva@example.org,2013-11-23,terminated,5,1,86805
340,Нестерова,Александра,Андреевич,1976-06-05,Ж,"г. Нальчик, ш. Светлое, д. 683 к. 92, 342556",8 (639) 283-19-95,eleonorapotapova@example.org,2001-10-01,active,2,19,136362
341,Емельянова,Фадей,Денисович,1956-05-12,М,"ст. Октябрьское (Хант.), пр. Украинский, д. 2 стр. 718, 089219",+7 081 867 0244,danilovazinaida@example.org,2000-12-18,active,6,18,84374
342,Зимина,Евлампий,Вячеславовна,1976-09-04,М,"с. Ухта, пр. Балтийский, д. 16 к. 7/6, 739063",8 680 447 3149,nazar1989@example.com,2009-11-16,active,8,16,122802
343,Пестов,Моисей,Богдановна,1962-11-05,Ж,"г. Сыктывкар, пр. Чехова, д. 3 к. 759, 438787",+75211823793,baranovolimpi@example.net,2002-02-18,active,2,15,44847
344,Воронов,Антонина,Захарьевич,1986-10-30,Ж,"ст. Гагарин, пр. Мая 1, д. 88, 866041",8 (881) 161-62-02,pelageja_1978@example.org,2019-08-19,active,4,2,81365
345,Суворова,Куприян,Кузьминична,1973-11-18,М,"к. Двинской, пер. Монтажников, д. 356, 710433",8 (595) 922-4839,spartak_94@example.com,1998-04-03,active,9,16,73202
346,Фомичев,Тимофей,Игнатович,1961-11-17,М,"д. Печенга, пер. Краснознаменный, д. 292 к. 34, 912896",+7 979 215 8350,kirbobrov@example.com,2002-05-02,active,4,10,86789
347,Ермакова,Фирс,Вениаминовна,1996-08-02,Ж,"г. Джейрах, ш. Щетинкина, д. 8/6 стр. 9, 386667",+79732033192,glafiramuhina@example.org,2020-08-11,active,6,9,56315
348,Филатова,Леонтий,Александровна,1977-01-01,Ж,"г. Норильск, ш. Новоселов, д. 4/9 к. 66, 037583",8 (193) 242-6877,elizaveta18@example.com,1995-03-07,active,7,15,90678
349,Орехов,Фрол,Игнатович,1961-11-02,Ж,"с. Иваново, бул. Крайний, д. 350 к. 22, 107051",8 480 940 4760,kir09@example.org,2016-11-06,terminated,8,16,88148
350,Артемьева,Клавдий,Георгиевич,2000-01-05,М,"г. Змеиногорск, ул. Томская, д. 78 к. 50, 851579",80552958066,golubevaevdokija@example.net,2025-02-09,active,7,3,96440
351,Захаров,Ирина,Богдановна,1986-12-10,Ж,"ст. Калевала, ш. Шахтерское, д. 1 стр. 5/3, 295633",+7 112 125 90 20,mstislavribakov@example.org,2014-03-18,active,6,4,50494
352,Казаков,Евстигней,Ерофеевич,1973-01-30,Ж,"клх Рязань, бул. Рязанский, д. 95 к. 2, 437401",8 (417) 595-58-72,seliverstovafaina@example.com,2026-04-02,active,5,15,118986
353,Дмитриева,Василиса,Гаврилович,1987-10-09,М,"клх Волгодонск, наб. Фрунзе, д. 97, 079799",+7 (795) 596-90-51,avksenti_26@example.com,2020-07-22,active,8,12,98606
354,Лаврентьев,Наина,Харламович,1972-01-04,Ж,"п. Тобольск, наб. Выгонная, д. 62, 142576",+75957640381,xkrasilnikov@example.com,2001-03-31,active,6,20,97008
355,Смирнов,Родион,Игоревна,1965-06-20,Ж,"п. Нефедова, пр. Льва Толстого, д. 77, 316252",+7 (244) 123-3613,tamarasazonova@example.com,2010-09-01,active,1,3,127973
356,Лапин,Фаина,Еремеевич,2001-05-07,Ж,"д. Шатой, ул. Угловая, д. 47 к. 734, 562624",8 968 157 90 39,zhannafomina@example.com,2021-12-24,active,3,1,58714
357,Давыдова,Никанор,Юльевна,1988-02-21,Ж,"п. Цимлянск, пр. Смирнова, д. 776 стр. 546, 978575",+7 462 268 1715,lapinonufri@example.org,2024-05-01,active,2,8,142041
358,Цветков,Михаил,Тарасовна,1967-08-09,М,"г. Сургут (Хант.), наб. Березовая, д. 5 к. 6/5, 842456",8 861 205 94 38,platon1973@example.com,1986-10-13,active,10,2,119310
359,Кулагин,Прокофий,Ефимович,1998-09-17,М,"к. Нефтегорск (Самар.), бул. Петровский, д. 1/2 к. 6, 291681",+7 915 086 3218,gusevgalaktion@example.net,2022-06-11,active,6,12,98188
360,Галкина,Алина,Ефимьевич,1984-03-09,Ж,"д. Соловки, ш. Николаева, д. 3, 809624",8 024 161 39 44,timur_2024@example.org,2011-06-14,active,9,12,92171
361,Авдеев,Аверкий,Глебович,1956-09-15,М,"клх Шали, пер. 30 лет Победы, д. 9/1 к. 6, 572773",8 244 795 13 30,efrem_19@example.com,2010-11-29,active,4,4,43396
362,Александров,Ия,Константиновна,1981-12-23,Ж,"п. Якутск, алл. Есенина, д. 7/1 стр. 9, 368269",+76091785138,lazar_45@example.com,2004-03-01,active,7,18,55435
363,Вишняков,Валерий,Григорьевич,1969-10-24,Ж,"п. Печора, ш. Металлистов, д. 8 к. 72, 085721",+7 942 268 65 36,luchezar51@example.net,2013-11-20,active,8,7,120199
364,Суханова,Фома,Федосеевич,1983-11-24,М,"д. Якша, бул. Социалистический, д. 1 к. 9/9, 275327",8 309 329 98 19,bfomicheva@example.com,2026-02-19,active,8,7,56074
365,Юдин,Евстигней,Васильевич,1975-05-16,Ж,"п. Славянск-на-Кубани, ул. Набережная, д. 868 стр. 2/7, 819807",+7 039 773 97 32,sidor2013@example.org,2009-09-19,active,8,6,133502
366,Ковалев,Марфа,Ермолаевич,1982-07-18,М,"п. Королев, алл. Путевая, д. 851 к. 4/5, 475749",+7 568 761 1249,molchanovdavid@example.com,2009-11-24,terminated,6,12,133000
367,Богданов,Чеслав,Романовна,1964-12-17,М,"д. Лянтор, наб. Курская, д. 539 к. 19, 588679",+7 (840) 359-54-42,saveli74@example.org,1994-07-18,active,5,10,60644
368,Никифорова,Мечислав,Витальевич,1995-05-22,М,"к. Каргасок, алл. Литейная, д. 835, 908335",8 (585) 672-8727,qnovikov@example.org,2024-09-03,active,9,8,55907
369,Лаврентьев,Амос,Даниловна,1962-02-27,Ж,"п. Середниково, ул. Физкультурная, д. 2, 128403",8 814 888 1079,iosif_1986@example.com,1995-08-19,active,4,16,43445
370,Григорьева,Илья,Романовна,1994-12-27,М,"к. Хатанга, пер. Парижской Коммуны, д. 873, 469472",8 (718) 051-37-17,muhinevstafi@example.org,2018-07-26,active,6,15,145337
371,Меркушев,Сильвестр,Якубович,1974-09-28,Ж,"п. Инта, ш. Космодемьянской, д. 2, 582313",+74835488471,pelagejaivanova@example.com,1999-12-25,active,2,3,80539
372,Козлова,Леон,Ефремович,1977-03-18,Ж,"д. Соль-Илецк, пер. Баумана, д. 4 стр. 8, 524555",8 (714) 939-2523,kkirillova@example.org,2010-07-01,terminated,8,17,93843
373,Якушев,Леон,Богдановна,1982-03-19,М,"с. Онега, пер. Крымский, д. 99 к. 5/2, 325797",8 060 652 74 03,isaanisimov@example.com,2001-10-06,active,2,5,81553
374,Александрова,Эмилия,Терентьевич,2002-03-28,М,"п. Бугульма, ш. Красных Партизан, д. 52 к. 28, 359848",8 (349) 960-10-54,moise_1999@example.com,2024-09-27,active,9,12,56821
375,Маслова,Кузьма,Адамович,1964-12-28,М,"г. Приморско-Ахтарск, пр. Станиславского, д. 980 к. 1, 085874",+7 557 325 73 75,evstafi_44@example.net,2022-02-04,active,3,14,105911
376,Калинина,Мариан,Арсеньевич,2005-05-30,М,"с. Сеймчан, алл. Тургенева, д. 629 стр. 9/7, 694096",+7 918 182 81 97,afanasikomissarov@example.net,2023-06-24,active,9,5,79862
377,Савельев,Авксентий,Захарьевич,1984-07-01,Ж,"п. Вологда, пер. Вокзальный, д. 68, 553334",+7 (439) 587-39-59,evdokijamamontova@example.org,2008-01-16,active,4,12,108012
378,Потапов,Парамон,Даниилович,1970-03-20,Ж,"д. Гремячинск (Бурят.), алл. 1 Мая, д. 223, 955633",8 027 160 7360,porfiri1997@example.org,1994-05-19,active,5,7,123238
379,Молчанов,Сильвестр,Харлампович,1972-10-21,М,"с. Амурск, бул. Шевченко, д. 323 к. 328, 700934",8 (170) 066-6155,artemi64@example.org,2016-02-01,active,5,20,109924
380,Никонов,Ян,Юльевна,1966-02-24,М,"д. Москва, ш. Заводское, д. 1, 026086",8 228 225 12 07,levmaslov@example.net,2024-11-11,active,3,19,116106
381,Богданова,Марина,Власович,1966-03-13,М,"с. Соболево, алл. Энергетиков, д. 2 к. 8/4, 382231",+7 053 161 17 76,potap_1979@example.net,1990-08-19,active,10,20,84252
382,Константинов,Майя,Еремеевич,1997-04-14,Ж,"д. Асино, ш. Добролюбова, д. 132 стр. 40, 650977",+7 334 245 79 88,sinklitikija25@example.com,2021-02-13,active,1,3,45958
383,Матвеева,Евгений,Эльдаровна,1994-09-17,М,"клх Владикавказ, ш. Володарского, д. 2 стр. 7, 821371",8 737 948 71 48,martin_24@example.com,2014-09-29,active,10,14,121016
384,Третьякова,Ульян,Ерофеевич,1964-01-11,Ж,"д. Шаховская, пер. Коммунистический, д. 9, 825212",8 476 818 2683,elenanosova@example.org,2025-03-21,active,9,10,124136
385,Гришина,Алевтина,Геннадьевна,1970-10-30,М,"клх Малгобек, ул. Ударная, д. 4, 062272",+7 (896) 340-64-68,ekornilova@example.com,2005-04-25,active,7,10,99446
386,Кириллова,Никифор,Владиленович,1999-05-26,Ж,"с. Дмитров, наб. Чернышевского, д. 518 стр. 497, 418972",8 693 351 34 26,vladimirovfoti@example.net,2018-08-01,active,3,15,94476
387,Сазонова,Раиса,Ниловна,1978-08-30,Ж,"ст. Тавда, пр. 60 лет СССР, д. 514 стр. 9, 645101",+70641769274,stanimirorlov@example.org,2020-11-29,active,6,20,58830
388,Мартынов,Святослав,Владимировна,1989-02-11,М,"д. Владивосток, ш. Волочаевское, д. 7, 057798",+7 (964) 178-9969,galina_1996@example.org,2008-05-15,active,6,12,92260
389,Кулагина,Нифонт,Филипповна,1998-03-05,Ж,"п. Кяхта, ш. Коммунистическое, д. 8 к. 3, 885652",8 039 205 14 60,ippolit1994@example.net,2024-08-30,active,9,18,53917
390,Харитонов,Бронислав,Ильич,1997-05-18,М,"к. Самара, ш. Большое, д. 15 к. 539, 882691",8 (354) 116-5972,qmaslov@example.net,2018-09-29,active,2,9,98929
391,Королев,Вадим,Натановна,1996-02-15,Ж,"д. Елец, наб. Заводская, д. 4/4 стр. 83, 204309",8 425 856 26 14,markovzinovi@example.com,2022-05-01,active,1,10,90351
392,Никонов,Порфирий,Анатольевна,1992-12-10,Ж,"г. Данков, ш. Лазурное, д. 91 к. 9/6, 935837",83628969645,petr55@example.org,2015-07-05,active,3,11,115718
393,Игнатова,Фирс,Антипович,1986-10-02,Ж,"клх Новгород Великий, бул. Томский, д. 1, 626374",87796120878,samsonovaljubov@example.com,2023-01-21,active,3,16,107466
394,Давыдова,Ирина,Ефимьевич,1977-12-04,М,"клх Жиганск, алл. Новгородская, д. 12 стр. 2/6, 169666",+7 (986) 289-5090,frol_11@example.net,2019-08-10,active,5,16,43037
395,Егоров,Савватий,Измаилович,1967-11-20,М,"с. Витим, наб. Южная, д. 680 стр. 920, 056409",+7 452 647 12 46,zosimashestakov@example.net,2024-03-17,terminated,9,15,71552
396,Гришина,Мстислав,Арсеньевич,1967-03-01,Ж,"г. Юрьевец (Иван.), пер. Киевский, д. 5, 529821",+7 (972) 835-1295,ninelkrjukova@example.org,2019-01-06,active,1,2,76877
397,Данилова,Евдоким,Витальевич,1997-02-27,М,"г. Новороссийка, пр. Песочный, д. 958, 834527",8 786 718 1535,zhannakondrateva@example.com,2018-07-07,active,8,10,110345
398,Сысоева,Кузьма,Даниловна,1984-06-11,Ж,"п. Верхний Уфалей, пер. Ангарский, д. 1 к. 704, 580688",8 661 707 15 87,fkostin@example.com,2008-06-30,active,7,5,74664
399,Гришин,Симон,Леонидовна,2003-01-05,М,"г. Комсомольск-на-Амуре, ш. Тургенева, д. 46 стр. 7, 229394",+7 317 235 1373,solovevamarina@example.org,2024-08-05,active,6,2,92505
400,Сергеева,Екатерина,Мироновна,1998-01-17,Ж,"клх Кизилюрт, бул. Донской, д. 227, 852464",+73460666437,emil06@example.org,2025-02-26,active,4,12,112512
401,Ермаков,Конон,Болеславовна,1973-03-24,Ж,"ст. Осташков, ул. Профсоюзная, д. 66, 279083",+7 163 187 32 80,samuil1977@example.org,2005-07-14,active,9,15,140191
402,Калашников,Марфа,Андреевич,1994-02-20,М,"клх Каменномостский, бул. Октября, д. 471 к. 9, 285011",+7 254 257 3066,kiraselezneva@example.org,2019-02-06,active,10,20,55572
403,Тарасова,Спартак,Аверьянович,1997-07-12,Ж,"ст. Яр-Сале, пер. Уральский, д. 779, 967379",+7 (550) 213-06-09,avdeevamarija@example.net,2019-10-08,terminated,7,12,144188
404,Анисимова,Мечислав,Филиппович,1988-01-14,Ж,"с. Приморско-Ахтарск, пер. Моховой, д. 3/6 стр. 76, 777675",+7 (785) 324-26-42,nonna_06@example.com,2017-07-08,active,6,5,66090
405,Казакова,Любосмысл,Трифонович,1964-06-28,Ж,"п. Советский, пер. Докучаева, д. 7, 335826",8 (333) 393-9578,pdementev@example.com,2017-09-10,active,1,2,57961
406,Денисов,Пимен,Феофанович,1957-01-20,М,"к. Щелково, пер. Парковый, д. 111 стр. 205, 532341",+7 (692) 492-6932,dkalashnikov@example.org,1999-09-27,active,9,15,59521
407,Одинцова,Ярополк,Жанович,1995-02-19,Ж,"д. Усть-Ишим, пр. Бригадный, д. 31 стр. 2/1, 676720",8 (752) 441-82-22,ifrolov@example.net,2023-02-04,active,10,11,61299
408,Прохорова,Зинаида,Иосипович,1985-06-09,Ж,"п. Вытегра, алл. Ломоносова, д. 2 стр. 8, 996254",89270795515,borisovvsemil@example.net,2009-12-16,terminated,5,19,84089
409,Шилов,Соломон,Александровна,1957-01-10,М,"ст. Якутск, бул. Степной, д. 7, 766046",8 (520) 344-76-50,pelageja71@example.com,1997-11-08,active,5,16,146921
410,Евдокимова,Михей,Якубович,1984-04-27,Ж,"г. Губкин, алл. Линейная, д. 25, 931100",8 525 483 74 41,darja1975@example.net,2013-11-30,active,2,14,116507
411,Баранов,Ян,Витальевич,1995-02-02,Ж,"г. Валаам, наб. Тупиковая, д. 4/8 к. 57, 728012",8 (519) 102-31-21,smirnovpimen@example.net,2016-06-09,active,1,20,102205
412,Дмитриев,Каллистрат,Аскольдовна,1994-08-04,М,"к. Нефтегорск (Самар.), алл. Набережная, д. 5 стр. 11, 750961",+7 (113) 253-2694,opetrova@example.com,2024-01-17,terminated,10,19,69824
413,Бирюкова,Таисия,Никифоровна,1985-10-11,Ж,"к. Усмань, алл. Курская, д. 60 стр. 8/8, 677722",+7 159 591 9457,oktjabrina_75@example.com,2016-11-18,active,3,17,122447
414,Стрелкова,Панкрат,Адрианович,1964-12-02,М,"к. Нарьян-Мар, ул. Машиностроителей, д. 3/5, 337976",8 626 506 2292,valentinsokolov@example.com,2012-07-07,active,4,2,115047
415,Туров,Гордей,Кирилловна,1959-07-02,М,"к. Ясный (Оренб.), бул. Карла Либкнехта, д. 992 к. 6, 259710",8 115 794 2387,pankratiemeljanov@example.org,2007-11-29,active,8,11,94890
416,Щукин,Моисей,Денисович,1969-09-08,Ж,"с. Уэлен, ул. Комарова, д. 662 к. 887, 176342",8 357 485 9532,julija_93@example.net,2012-06-05,active,4,14,105774
417,Ковалев,Элеонора,Харламович,1972-03-18,М,"к. Биробиджан, алл. Дарвина, д. 4 стр. 7/1, 432400",+7 (055) 978-2457,ernest_83@example.net,2018-11-16,active,1,5,107984
418,Зиновьев,Богдан,Фролович,2008-03-23,Ж,"к. Анадырь, ул. Энгельса, д. 6/3, 680656",+7 (768) 297-51-47,evstafi97@example.com,2026-04-05,active,8,17,89391
419,Крылова,Макар,Романовна,1957-10-13,Ж,"г. Новосибирск, наб. Широкая, д. 6/2 к. 7/9, 866281",+75990802711,viktorijaorlova@example.net,1989-11-15,terminated,8,18,84869
420,Филиппов,Прохор,Валентинович,2007-05-04,М,"к. Оса, бул. Димитрова, д. 884 стр. 268, 390339",+73308003700,igorseliverstov@example.org,2026-05-15,active,5,20,103462
421,Игнатов,Аверьян,Михайловна,1960-12-02,М,"ст. Шилка, наб. Привольная, д. 5 к. 2/5, 079863",85826328094,fedor58@example.com,1991-06-27,terminated,5,18,79124
422,Михайлов,Вениамин,Терентьевич,1962-09-11,М,"ст. Иркутск, алл. Тюленина, д. 6/8 к. 3/8, 894319",+7 (394) 394-5703,erofe80@example.com,1987-12-25,terminated,5,10,132392
423,Артемьева,Август,Аксёнович,1997-07-29,Ж,"к. Пушкинские Горы, ул. Строителей, д. 314 стр. 8, 107201",+7 040 476 9210,ermola_36@example.net,2017-01-09,active,8,11,102888
424,Воронов,Марфа,Филиппович,1994-11-20,Ж,"с. Игарка, пер. Красный, д. 844, 404337",8 (440) 971-2316,csemenov@example.com,2012-11-27,active,5,10,55974
425,Беляев,Анна,Богдановна,1985-01-21,М,"к. Нефтеюганск, алл. Короленко, д. 8 к. 5, 786561",8 (730) 451-9577,gremislav_1995@example.net,2023-07-14,active,7,12,141327
426,Евсеева,Ипполит,Викентьевич,1978-01-29,Ж,"ст. Пенза, ш. Маркса Карла, д. 188, 904823",8 778 205 8295,akulina_2020@example.org,2019-05-04,active,5,3,85398
427,Моисеева,Лора,Игнатьевич,1988-09-20,Ж,"ст. Темрюк, пр. Средний, д. 743, 381300",+7 558 686 39 56,tsvetkovradovan@example.org,2007-10-07,active,8,7,66485
428,Журавлев,Лавр,Глебович,1968-01-26,М,"клх Эльтон, ул. Победа, д. 675 стр. 747, 699570",+7 147 165 60 94,nikanor_53@example.com,2011-11-30,terminated,5,5,54316
429,Блохина,Андрей,Чеславович,2007-02-01,М,"д. Сеймчан, пер. Халтурина, д. 102, 182749",+7 748 113 17 65,ernestvoronov@example.org,2025-11-24,active,9,8,123616
430,Суханова,Терентий,Наумовна,1958-09-30,Ж,"с. Красная Поляна, пр. Смоленский, д. 1/5, 359737",+79187274204,parfen_12@example.org,2024-06-02,active,7,11,134025
431,Медведев,Виктор,Владленович,1964-11-26,М,"с. Усть-Кут, пр. Ленинградский, д. 614 стр. 7/9, 210219",+7 (990) 775-60-85,vatslav_1998@example.com,1995-08-08,active,3,1,112135
432,Карпов,Виктория,Филатович,2000-05-02,М,"клх Павловская, наб. Таежная, д. 518, 425373",8 (584) 712-9618,zhukovaevpraksija@example.org,2019-12-05,active,8,16,125267
433,Селиверстов,Вероника,Харлампович,1988-01-05,М,"клх Псебай, наб. Хвойная, д. 7 стр. 660, 035679",+7 (126) 881-2282,arhipovsolomon@example.org,2013-08-23,active,5,11,77409
434,Дьячкова,Пелагея,Валерьянович,1988-01-20,М,"ст. Аша, наб. Пирогова, д. 8 к. 5, 478769",88623984716,aksenovaangelina@example.net,2025-02-05,terminated,2,19,70437
435,Жукова,Елена,Валериевна,2000-05-31,М,"к. Колпашево, алл. Тельмана, д. 4 стр. 9, 449639",82751758891,agafja44@example.com,2025-12-22,terminated,3,14,149786
436,Исаева,Вышеслав,Сергеевна,2002-04-10,Ж,"д. Яшкуль, алл. Минина, д. 4 к. 8/5, 852491",+73588537982,vladimirovkuzma@example.net,2022-05-29,terminated,1,13,143279
437,Пестова,Владилен,Матвеевич,1992-11-27,Ж,"д. Всеволожск, пр. Красина, д. 2 к. 22, 001418",8 013 477 89 48,rafanasev@example.org,2019-12-31,active,5,2,41214
438,Сидоров,Карп,Станиславовна,1961-12-16,Ж,"ст. Ковров, ул. Крупской, д. 72, 890219",8 309 001 59 44,otrofimov@example.org,2021-09-26,active,2,11,77298
439,Носкова,Касьян,Чеславович,1963-11-29,М,"д. Шатура, пр. Горняцкий, д. 21 к. 8/8, 696084",+7 363 379 22 34,smirnovizjaslav@example.net,1995-11-09,terminated,9,17,104738
440,Иванова,Евгения,Феодосьевич,1991-02-01,М,"ст. Печора, алл. Матросова, д. 7, 343697",8 507 896 7935,anzhelamoiseeva@example.net,2009-11-24,active,8,9,65272
441,Рожкова,Жанна,Богдановна,1972-01-16,М,"п. Курск, наб. Серафимовича, д. 42 к. 70, 031219",+7 706 955 60 76,paramon1976@example.com,1993-06-08,active,8,9,134188
442,Яковлев,Ипатий,Андреевна,1972-10-17,М,"к. Уссурийск, пр. Славянский, д. 40 к. 511, 817852",8 (242) 642-36-42,artem_1985@example.org,2001-03-04,active,6,10,114420
443,Белозерова,Творимир,Гаврилович,1972-02-24,Ж,"ст. Шумиха, пер. Медицинский, д. 4/8 к. 41, 901620",+7 524 808 8062,allavoronova@example.org,2009-09-05,active,7,14,107538
444,Федорова,Родион,Федоровна,1988-10-09,Ж,"ст. Ахтубинск, ул. Нахимова, д. 2, 664505",8 886 878 59 96,stanislav62@example.net,2023-05-03,active,2,6,58430
445,Назарова,Евстафий,Аверьянович,1970-02-07,Ж,"к. Карабулак, алл. Карбышева, д. 232 к. 6, 576619",8 279 246 32 03,ippolit2003@example.com,2008-02-04,active,4,1,74181
446,Харитонова,Мина,Якубович,1992-12-20,М,"д. Кежма, пер. Попова, д. 676 стр. 6/6, 508917",8 (071) 553-48-20,kulikovfeliks@example.com,2023-11-11,active,5,11,79576
447,Князев,Севастьян,Рудольфовна,1990-05-29,М,"с. Кетченеры, ул. Лермонтова, д. 723, 626894",+7 898 126 5742,evpraksijatarasova@example.net,2015-07-24,active,6,8,48142
448,Титов,Август,Владиславович,1957-12-25,Ж,"д. Ельня, бул. Медицинский, д. 13 стр. 8/5, 847609",+77137271175,rjurik_49@example.net,1996-05-29,active,3,13,129925
449,Соболев,Исай,Юльевна,1965-07-02,М,"п. Жигулевск, пр. Песчаный, д. 1 стр. 7/7, 670551",8 (333) 721-8856,kdjachkov@example.com,2004-06-12,active,5,12,120560
450,Туров,Измаил,Эдгардович,1982-05-28,Ж,"ст. Алапаевск, пер. Панфилова, д. 2/3, 072024",83663439252,hristofor_61@example.org,2012-11-14,active,3,16,60078
451,Афанасьева,Евфросиния,Юрьевна,2003-01-25,Ж,"ст. Сусуман, наб. Мира, д. 394, 794281",8 910 245 1091,gorbachevaagata@example.org,2025-04-11,active,10,12,94505
452,Третьяков,Эрнст,Львовна,1974-09-27,М,"п. Славгород, бул. Поселковый, д. 210, 172214",+7 652 775 8446,pkabanova@example.com,2018-12-08,active,4,8,129173
453,Власова,Мариан,Жоресович,1994-11-07,М,"г. Краснодар, алл. Машиностроителей, д. 7/6 к. 3/6, 592024",+7 (766) 189-4370,gleb_63@example.com,2019-11-29,active,9,12,50237
454,Туров,Вадим,Игнатьевич,1965-07-07,М,"к. Агата, пр. О.Кошевого, д. 33, 848689",+7 238 974 3260,evdokimovamaja@example.net,2025-03-06,active,9,17,66497
455,Карпов,Юлий,Феодосьевич,2007-10-24,М,"с. Шумиха, алл. Островского, д. 57 стр. 1, 946408",+7 798 487 0450,omedvedeva@example.org,2026-01-16,active,9,15,55235
456,Зуев,Андрон,Юльевна,1986-01-02,Ж,"с. Челябинск, пер. Высотный, д. 936, 283061",+7 (606) 014-8860,natalja_2024@example.net,2015-03-06,active,8,3,106895
457,Емельянов,Анжелика,Харлампович,1956-11-03,Ж,"п. Городовиковск, алл. Песчаная, д. 3, 751887",+7 242 446 26 32,valeri_44@example.net,2009-08-02,active,8,5,107272
458,Силин,Виталий,Кузьминична,1997-03-29,Ж,"д. Тырныауз, пр. 60 лет Октября, д. 756, 863239",+71515263840,golubevgremislav@example.org,2026-01-27,active,1,18,100604
459,Дроздова,Святополк,Валентиновна,2006-04-26,М,"клх Объячево, наб. Карбышева, д. 257 стр. 91, 927788",+7 378 765 53 00,evgeni1970@example.net,2025-10-02,active,7,9,147014
460,Дорофеева,Виссарион,Харитоновна,1957-08-23,Ж,"д. Ногинск (Моск.), пр. Свердлова, д. 7, 045212",8 348 640 1042,natan24@example.com,2011-05-09,active,10,3,45936
461,Полякова,Эраст,Бориславович,1980-02-07,М,"д. Макаров, пр. Дорожный, д. 7, 540211",+7 145 512 93 91,antipegorov@example.com,2018-02-08,active,2,18,47897
462,Соболев,Аверкий,Харлампович,1958-04-29,Ж,"с. Кежма, бул. Подлесный, д. 48 стр. 1/9, 937830",8 (568) 142-98-31,david_29@example.net,2005-07-21,terminated,8,2,77629
463,Крылова,Еремей,Кирилловна,1981-11-12,Ж,"клх Шенкурск, ул. Донская, д. 4/5 к. 39, 320330",+7 (845) 269-6944,jakovgordeev@example.org,2024-09-24,active,3,14,89081
464,Карпова,Аскольд,Тихонович,1964-06-24,М,"к. Приморско-Ахтарск, бул. Прохладный, д. 4/3 к. 66, 377460",+7 (419) 031-0615,prokofibaranov@example.org,1999-08-16,active,7,13,50518
465,Князев,Авдей,Фомич,1966-03-24,Ж,"к. Медногорск, алл. Химиков, д. 84 стр. 5/3, 372037",+7 078 436 1424,demjan60@example.com,2010-05-20,active,6,4,63392
466,Русакова,Ефим,Афанасьевна,1990-02-12,М,"к. Костомукша, пер. Казанский, д. 9/1 стр. 60, 950732",+7 (145) 841-48-46,golubevatatjana@example.org,2011-10-17,active,4,1,139113
467,Костин,Наталья,Ниловна,2007-06-08,Ж,"г. Нарым, пр. Слободской, д. 8 к. 96, 119236",8 449 369 99 51,nfokin@example.org,2026-05-05,terminated,8,18,95591
468,Исаков,Аникей,Фролович,1983-06-30,М,"к. Чехов, алл. Студенческая, д. 4 к. 914, 074820",8 (118) 723-3351,sidorovaagafja@example.net,2018-02-19,active,4,15,85371
469,Горбачева,Ермолай,Фадеевич,1977-12-09,Ж,"клх Холмск, бул. Прохладный, д. 32, 023332",+7 189 394 06 55,fedor2017@example.org,2005-12-18,active,2,2,146099
470,Ильин,Родион,Ильинична,1986-01-07,М,"г. Тымовское, бул. Фадеева, д. 412, 261632",+7 (920) 135-4621,olimpiadamelnikova@example.org,2013-01-22,active,1,8,67011
471,Голубева,Любовь,Натановна,1993-03-14,М,"к. Шерегеш, бул. Южный, д. 56, 871912",8 (995) 729-8937,nkonovalov@example.com,2012-02-07,active,1,15,118352
472,Чернова,Иван,Михайловна,1991-09-28,М,"д. Усть-Ишим, наб. Студенческая, д. 5, 822067",+7 876 920 82 83,zhannaburova@example.org,2024-03-11,active,1,13,97535
473,Матвеев,Елисей,Феликсовна,1970-06-09,Ж,"ст. Александров Гай, ш. Железнодорожное, д. 315, 137178",+7 829 716 81 57,irinasazonova@example.com,2013-09-15,active,1,5,106046
474,Моисеева,Арефий,Дмитриевна,2006-05-14,Ж,"с. Троицк (Челяб.), алл. Ягодная, д. 9, 567086",80255618444,anzhelikanekrasova@example.org,2025-05-06,active,10,11,115690
475,Беляев,Александр,Валериевна,1958-10-04,Ж,"с. Дудинка, пер. Курский, д. 6 к. 354, 080706",+7 436 551 5848,militsamelnikova@example.net,1990-11-22,active,3,17,68972
476,Бирюков,Иларион,Викторовна,1997-03-25,М,"к. Якша, наб. Тепличная, д. 8/4 стр. 46, 643212",8 (795) 098-2210,anisim16@example.com,2022-01-09,active,1,18,117550
477,Щербакова,Ян,Ерофеевич,2004-11-01,М,"ст. Красногорск (Моск.), пр. Дорожный, д. 5/7, 554026",+7 (894) 642-03-62,marina_86@example.org,2026-03-06,active,7,18,104962
478,Абрамова,Иван,Константиновна,1980-07-18,Ж,"клх Вуктыл, алл. Громова, д. 64 к. 17, 040433",8 824 301 7646,kornil89@example.net,2005-11-20,terminated,7,17,81777
479,Силина,Емельян,Рудольфовна,1979-08-06,Ж,"д. Батайск, алл. Слободская, д. 437 стр. 66, 060119",+7 (849) 516-3211,kulakovemil@example.com,2023-06-27,active,5,13,64101
480,Соколова,Силантий,Романовна,1977-09-18,М,"ст. Псков, пер. Полярный, д. 636, 744916",8 178 688 00 23,kornilovaalevtina@example.net,1995-10-22,active,4,10,132743
481,Блинова,Якуб,Гордеевич,1982-02-03,Ж,"д. Сосновый Бор, ш. Нагорное, д. 46 к. 42, 137455",8 952 014 9118,velimir84@example.org,2014-04-24,active,1,18,94090
482,Герасимов,Бажен,Дмитриевич,1957-11-30,Ж,"г. Губкин, ш. Пролетарское, д. 930 к. 75, 910627",+72886050537,bgordeev@example.net,1980-11-05,active,3,13,71831
483,Лихачева,Любим,Петровна,1969-12-01,М,"ст. Ухта, алл. Союзная, д. 5 стр. 513, 873543",+7 234 550 68 82,gsergeeva@example.com,2020-05-10,active,2,15,88637
484,Якушева,Галина,Аркадьевна,2005-07-24,Ж,"ст. Льгов, пер. Саратовский, д. 374 к. 7/7, 899718",8 (260) 335-9101,radislav_09@example.org,2024-10-21,active,4,2,75187
485,Белова,Галактион,Станиславовна,1980-05-08,М,"п. Кизилюрт, ш. Малое, д. 7/9 к. 169, 261760",86932591408,filaret93@example.org,2020-03-06,active,10,2,49539
486,Шестаков,Пров,Робертовна,1970-02-15,Ж,"к. Подольск, ул. Морская, д. 6/1 стр. 66, 641869",+78389359538,tamarasimonova@example.org,2013-11-08,active,10,18,68444
487,Авдеев,Мечислав,Дмитриевна,1960-05-21,М,"д. Дудинка, пер. Чехова, д. 1, 273008",+7 (087) 612-3859,polina_14@example.org,2007-12-04,active,6,10,42009
488,Шаров,Эмиль,Терентьевич,1959-09-11,М,"г. Магадан, пер. Станционный, д. 1 стр. 7/3, 976205",+7 168 311 3950,blohinaangelina@example.com,1992-09-07,terminated,2,16,71797
489,Шилов,Алина,Егорович,1956-07-30,Ж,"г. Усть-Катав, бул. Победа, д. 7/1, 991406",8 (779) 462-07-26,igromova@example.net,2010-03-22,active,4,18,82154
490,Тарасова,Евдокия,Евсеевич,1960-01-02,Ж,"г. Карабулак, бул. Кузнечный, д. 192, 136385",+7 (337) 312-5523,oleg_17@example.net,1986-12-30,active,9,12,80425
491,Попова,Руслан,Альбертовна,1994-06-15,Ж,"п. Пенза, пер. Московский, д. 564 к. 437, 167812",8 613 371 8444,vladimirovaglafira@example.net,2020-04-27,active,8,15,52924
492,Елисеева,Оксана,Эдуардович,2000-11-03,Ж,"д. Усмань, бул. Победа, д. 4/7 к. 48, 828560",8 (221) 021-7982,isaevevlampi@example.com,2021-09-15,active,6,7,88589
493,Романова,Иван,Рубеновна,1986-01-11,М,"к. Агата, пер. Средний, д. 422 к. 6, 165058",+7 798 661 7706,izmail1997@example.net,2019-03-27,active,10,8,137157
494,Афанасьева,Василий,Евсеевич,1982-12-27,Ж,"с. Юрюзань, пер. Рязанский, д. 122 стр. 1, 869484",82182192596,raisa2010@example.org,2023-01-13,active,9,19,115909
495,Кириллов,Владислав,Вячеславовна,1978-06-01,Ж,"п. Урюпинск, пр. Разина, д. 4/9 к. 80, 619177",88811457887,shubinaninel@example.org,2017-03-04,active,4,11,70149
496,Кузнецова,Твердислав,Теймуразович,1992-04-24,Ж,"с. Кажим, бул. Ручейный, д. 1 стр. 1, 669579",+7 (996) 872-25-89,semendementev@example.org,2010-12-14,active,4,16,112173
497,Фомина,Амвросий,Валерьевич,1966-11-10,М,"клх Котельнич, алл. Угольная, д. 4/4 стр. 356, 152857",+78255442867,ikarpov@example.com,1996-12-13,active,8,16,100401
498,Гуляев,Мефодий,Владленович,1994-08-04,Ж,"к. Ардон, пр. Механический, д. 9/6 стр. 895, 430349",+7 (693) 358-95-13,vatslav_2008@example.net,2014-08-14,active,6,6,58344
499,Корнилова,Евдокия,Якубович,1994-09-11,М,"п. Партизанск, ул. 40 лет Победы, д. 8 к. 455, 325936",+7 179 720 38 59,karpevseev@example.org,2020-10-10,active,9,2,108674
500,Терентьева,Милица,Андреевна,1962-01-22,М,"д. Тура, бул. Советской Армии, д. 892, 452388",+7 (675) 009-4214,petrovmina@example.org,2018-01-02,active,2,2,140183
