order_id,customer_id,order_date,status
1,64,2024-07-18,новый
2,157,2026-06-08,оплачен
3,464,2026-04-21,доставлен
4,428,2025-09-09,оплачен
5,437,2025-05-25,новый
6,38,2026-05-09,оплачен
7,372,2025-06-26,доставлен
8,146,2026-04-12,доставлен
9,157,2026-03-13,доставлен
10,414,2025-03-15,отгружен
11,365,2026-01-01,доставлен
12,376,2025-05-29,отгружен
13,283,2025-03-27,оплачен
14,457,2026-03-13,доставлен
15,40,2025-08-04,доставлен
16,208,2025-07-04,доставлен
17,134,2025-08-15,доставлен
18,115,2025-09-22,доставлен
19,257,2025-10-11,доставлен
20,435,2026-03-18,доставлен
21,82,2026-03-15,оплачен
22,248,2026-05-09,доставлен
23,119,2024-09-01,новый
24,465,2026-04-04,доставлен
25,333,2025-12-18,отгружен
26,135,2025-07-22,доставлен
27,301,2025-04-05,доставлен
28,181,2026-02-13,доставлен
29,257,2024-03-27,доставлен
30,144,2025-11-20,оплачен
31,368,2026-06-09,доставлен
32,59,2025-09-23,отгружен
33,427,2026-04-11,отгружен
34,304,2025-12-10,оплачен
35,29,2026-04-26,оплачен
36,10,2025-06-23,доставлен
37,230,2025-07-11,доставлен
38,308,2026-06-03,оплачен
39,262,2026-04-10,оплачен
40,303,2026-04-25,новый
41,268,2026-05-18,доставлен
42,50,2026-02-09,оплачен
43,48,2026-05-24,отгружен
44,424,2026-04-17,новый
45,448,2025-08-25,новый
46,180,2025-10-22,доставлен
47,51,2024-03-26,отгружен
48,466,2025-06-29,доставлен
49,210,2025-08-15,оплачен
50,296,2025-09-08,доставлен
51,412,2025-05-10,отгружен
52,130,2026-03-31,оплачен
53,349,2026-05-01,отгружен
54,248,2026-05-14,оплачен
55,177,2025-02-25,доставлен
56,383,2025-12-20,оплачен
57,261,2026-05-18,отгружен
58,362,2026-05-08,новый
59,242,2025-09-01,доставлен
60,41,2026-02-02,доставлен
61,267,2026-04-08,оплачен
62,225,2025-09-27,новый
63,402,2026-01-06,доставлен
64,19,2024-01-01,отгружен
65,400,2026-04-03,отгружен
66,8,2026-02-21,доставлен
67,146,2026-05-09,доставлен
68,116,2025-02-13,доставлен
69,295,2025-09-20,новый
70,287,2026-01-09,новый
71,412,2025-01-30,доставлен
72,129,2026-04-14,доставлен
73,349,2026-06-09,отгружен
74,35,2026-04-15,отгружен
75,410,2026-05-27,отгружен
76,148,2026-05-25,новый
77,477,2026-05-03,оплачен
78,94,2024-08-30,доставлен
79,103,2025-12-12,оплачен
80,118,2026-04-26,оплачен
81,80,2026-05-09,доставлен
82,490,2026-05-30,доставлен
83,435,2025-04-11,отгружен
84,252,2026-05-17,оплачен
85,385,2026-01-21,доставлен
86,245,2026-01-03,доставлен
87,441,2025-10-21,доставлен
88,358,2025-10-04,доставлен
89,195,2025-01-10,доставлен
90,281,2026-05-28,оплачен
91,176,2025-09-10,отгружен
92,187,2024-10-25,доставлен
93,68,2024-04-30,доставлен
94,412,2025-03-16,оплачен
95,77,2025-09-21,отгружен
96,69,2025-10-11,доставлен
97,129,2025-10-29,доставлен
98,31,2026-05-01,оплачен
99,50,2025-11-13,отгружен
100,478,2026-04-13,доставлен
101,494,2026-02-01,доставлен
102,400,2026-04-18,оплачен
103,456,2026-03-26,новый
104,328,2025-09-09,доставлен
105,435,2025-03-29,доставлен
106,161,2025-11-26,отгружен
107,331,2026-03-25,отгружен
108,267,2026-05-13,доставлен
109,373,2026-02-23,оплачен
110,384,2025-10-05,новый
111,33,2025-04-14,доставлен
112,392,2025-04-06,доставлен
113,44,2024-04-21,доставлен
114,321,2024-08-02,оплачен
115,183,2025-08-21,доставлен
116,281,2024-07-20,отгружен
117,324,2025-03-19,доставлен
118,466,2025-09-03,отгружен
119,188,2025-10-10,отгружен
120,268,2026-04-12,доставлен
121,473,2024-07-01,отгружен
122,306,2024-12-22,оплачен
123,211,2026-04-30,доставлен
124,331,2025-09-12,отгружен
125,123,2024-08-10,доставлен
126,140,2024-02-08,оплачен
127,437,2026-02-09,новый
128,234,2026-03-07,доставлен
129,97,2025-06-26,отгружен
130,12,2025-11-20,оплачен
131,367,2025-06-18,отгружен
132,8,2026-02-24,отгружен
133,238,2025-01-25,доставлен
134,29,2024-09-21,оплачен
135,459,2026-03-28,доставлен
136,395,2024-06-20,доставлен
137,236,2026-01-10,доставлен
138,243,2025-12-28,отгружен
139,382,2025-12-28,доставлен
140,102,2024-07-09,отгружен
141,499,2025-07-25,оплачен
142,300,2026-06-09,оплачен
143,402,2024-10-08,доставлен
144,81,2026-05-07,отгружен
145,31,2026-04-24,отгружен
146,65,2025-06-06,отгружен
147,413,2025-08-21,доставлен
148,371,2024-06-09,оплачен
149,357,2025-05-30,отгружен
150,240,2026-06-09,оплачен
151,80,2025-11-10,отгружен
152,195,2024-10-16,доставлен
153,370,2026-03-17,новый
154,393,2026-06-09,доставлен
155,57,2026-06-04,новый
156,448,2026-01-16,новый
157,17,2026-06-09,доставлен
158,132,2024-08-13,новый
159,7,2026-01-14,доставлен
160,240,2025-03-13,доставлен
161,481,2024-05-14,доставлен
162,21,2025-07-14,доставлен
163,372,2025-01-10,оплачен
164,292,2026-04-05,доставлен
165,213,2026-04-14,доставлен
166,360,2025-09-06,доставлен
167,173,2025-04-25,доставлен
168,282,2025-02-22,доставлен
169,423,2025-08-22,доставлен
170,393,2026-02-18,доставлен
171,492,2026-01-29,отгружен
172,70,2026-05-16,доставлен
173,12,2025-07-11,доставлен
174,293,2025-07-01,доставлен
175,183,2024-03-19,оплачен
176,128,2024-12-21,оплачен
177,40,2025-03-03,доставлен
178,296,2026-01-30,доставлен
179,20,2026-01-30,доставлен
180,179,2026-06-08,доставлен
181,383,2026-01-02,доставлен
182,28,2026-03-04,отгружен
183,77,2024-07-01,отгружен
184,202,2026-02-07,доставлен
185,222,2025-06-30,оплачен
186,293,2025-04-19,доставлен
187,223,2025-03-25,доставлен
188,287,2026-04-16,оплачен
189,377,2026-03-15,доставлен
190,166,2026-05-04,доставлен
191,188,2025-06-29,отгружен
192,87,2026-06-04,доставлен
193,226,2026-03-24,новый
194,58,2026-05-10,доставлен
195,445,2026-04-27,доставлен
196,412,2025-09-22,оплачен
197,276,2026-06-05,оплачен
198,319,2026-02-10,доставлен
199,10,2025-02-20,отгружен
200,103,2025-04-02,доставлен
201,35,2026-05-16,отгружен
202,185,2026-06-09,доставлен
203,198,2025-04-19,оплачен
204,444,2026-05-28,доставлен
205,495,2026-06-08,отгружен
206,251,2025-11-01,отгружен
207,181,2026-05-01,отгружен
208,132,2025-10-05,доставлен
209,78,2026-04-11,отгружен
210,267,2025-05-08,доставлен
211,124,2025-05-14,доставлен
212,230,2025-05-22,доставлен
213,278,2024-12-22,доставлен
214,353,2024-03-09,доставлен
215,478,2026-04-01,доставлен
216,273,2026-03-09,доставлен
217,373,2025-08-17,новый
218,227,2025-11-08,доставлен
219,55,2024-09-06,оплачен
220,137,2026-05-24,доставлен
221,14,2025-12-10,отгружен
222,241,2025-11-08,доставлен
223,71,2026-04-06,оплачен
224,474,2025-10-21,оплачен
225,34,2026-05-14,оплачен
226,444,2025-12-25,отгружен
227,312,2026-04-15,доставлен
228,293,2026-04-18,доставлен
229,56,2025-12-09,отгружен
230,377,2026-02-23,новый
231,150,2025-06-28,отгружен
232,151,2025-12-23,доставлен
233,238,2026-01-23,доставлен
234,399,2025-11-19,доставлен
235,13,2025-03-14,оплачен
236,47,2026-06-06,оплачен
237,376,2025-10-19,оплачен
238,186,2024-05-16,новый
239,487,2025-05-03,оплачен
240,290,2025-12-16,доставлен
241,215,2025-12-17,отгружен
242,93,2025-03-13,оплачен
243,319,2026-03-25,доставлен
244,279,2025-03-11,доставлен
245,338,2026-04-06,отгружен
246,126,2024-01-16,доставлен
247,420,2026-04-13,доставлен
248,335,2026-03-28,отгружен
249,296,2025-06-30,доставлен
250,26,2026-06-07,оплачен
251,359,2026-03-06,доставлен
252,297,2026-05-31,отгружен
253,166,2026-06-01,отгружен
254,34,2025-12-29,оплачен
255,169,2026-06-04,доставлен
256,56,2025-05-21,доставлен
257,479,2025-10-08,доставлен
258,270,2024-12-15,доставлен
259,255,2026-01-17,доставлен
260,120,2026-02-15,доставлен
261,378,2026-02-21,доставлен
262,180,2026-03-19,доставлен
263,145,2024-03-01,оплачен
264,282,2024-03-26,отгружен
265,175,2026-05-22,отгружен
266,170,2025-12-20,доставлен
267,247,2025-11-22,оплачен
268,402,2026-04-22,доставлен
269,348,2026-06-08,отгружен
270,410,2026-04-25,доставлен
271,431,2026-05-21,новый
272,200,2025-12-01,оплачен
273,362,2025-09-14,доставлен
274,450,2025-10-07,оплачен
275,155,2026-06-07,оплачен
276,228,2026-06-03,доставлен
277,175,2026-04-27,доставлен
278,394,2026-05-06,доставлен
279,19,2024-08-27,отгружен
280,478,2026-02-05,новый
281,267,2025-06-02,доставлен
282,457,2026-01-19,оплачен
283,273,2026-04-03,отгружен
284,141,2025-02-23,оплачен
285,282,2024-05-15,отгружен
286,294,2026-06-04,оплачен
287,277,2025-09-18,отгружен
288,26,2024-10-28,оплачен
289,92,2025-06-21,доставлен
290,183,2025-04-09,отгружен
291,291,2026-04-27,оплачен
292,351,2026-01-23,доставлен
293,441,2026-05-12,доставлен
294,94,2024-11-12,доставлен
295,250,2026-05-07,новый
296,145,2024-08-09,доставлен
297,419,2025-12-01,доставлен
298,37,2026-04-24,доставлен
299,318,2026-06-02,оплачен
300,34,2025-12-25,отгружен
301,279,2026-06-07,доставлен
302,379,2025-07-03,доставлен
303,238,2025-03-07,отгружен
304,158,2026-03-17,доставлен
305,417,2026-03-24,доставлен
306,112,2024-03-25,доставлен
307,77,2025-07-19,отгружен
308,229,2026-06-04,оплачен
309,156,2026-06-01,доставлен
310,314,2026-06-07,доставлен
311,190,2026-06-09,доставлен
312,444,2026-01-21,новый
313,365,2026-02-05,отгружен
314,244,2026-05-28,оплачен
315,79,2025-06-20,оплачен
316,74,2025-12-13,доставлен
317,71,2026-04-01,доставлен
318,477,2025-11-22,отгружен
319,283,2024-12-07,доставлен
320,4,2026-04-25,доставлен
321,296,2024-09-02,отгружен
322,247,2025-09-09,доставлен
323,270,2024-07-03,доставлен
324,456,2026-04-12,доставлен
325,340,2026-05-28,доставлен
326,409,2024-08-06,доставлен
327,241,2025-07-04,отгружен
328,149,2026-03-29,оплачен
329,402,2025-04-26,доставлен
330,87,2025-07-26,доставлен
331,14,2025-01-06,оплачен
332,436,2026-02-16,доставлен
333,141,2026-04-25,доставлен
334,90,2026-06-05,доставлен
335,134,2024-08-29,доставлен
336,442,2025-12-30,новый
337,395,2023-12-10,отгружен
338,296,2025-09-27,доставлен
339,86,2025-10-30,отгружен
340,195,2024-10-12,доставлен
341,7,2025-07-05,оплачен
342,350,2026-06-08,доставлен
343,182,2025-07-14,доставлен
344,139,2025-02-28,оплачен
345,201,2025-09-08,отгружен
346,395,2024-03-19,оплачен
347,6,2026-02-11,доставлен
348,229,2026-06-09,отгружен
349,318,2026-06-07,новый
350,63,2024-08-06,доставлен
351,67,2024-07-30,отгружен
352,357,2026-02-16,оплачен
353,328,2023-11-30,отгружен
354,83,2025-11-20,доставлен
355,199,2026-02-14,отгружен
356,92,2025-09-03,отгружен
357,92,2025-04-23,доставлен
358,112,2025-03-21,доставлен
359,133,2026-02-23,оплачен
360,129,2024-10-16,доставлен
361,335,2026-04-11,доставлен
362,464,2026-05-05,отгружен
363,245,2024-11-15,отгружен
364,2,2026-03-07,отгружен
365,275,2025-01-09,доставлен
366,324,2024-09-09,доставлен
367,431,2026-06-04,отгружен
368,21,2024-06-07,доставлен
369,323,2026-06-04,доставлен
370,98,2025-10-07,оплачен
371,123,2025-07-05,отгружен
372,158,2025-11-23,отгружен
373,29,2025-10-23,отгружен
374,342,2025-02-14,доставлен
375,120,2025-01-28,доставлен
376,335,2026-05-21,новый
377,8,2026-04-20,оплачен
378,234,2026-02-17,доставлен
379,410,2026-05-27,доставлен
380,173,2025-08-21,доставлен
381,280,2026-05-18,оплачен
382,172,2025-06-13,новый
383,87,2026-03-07,доставлен
384,69,2025-09-25,новый
385,42,2024-07-09,новый
386,334,2025-03-19,доставлен
387,355,2026-05-22,оплачен
388,231,2026-05-14,отгружен
389,256,2024-09-20,доставлен
390,179,2024-11-30,отгружен
391,317,2026-06-05,отгружен
392,395,2023-11-25,доставлен
393,58,2026-03-14,доставлен
394,91,2026-05-15,оплачен
395,129,2025-11-14,отгружен
396,474,2025-10-30,доставлен
397,264,2024-12-09,оплачен
398,102,2024-06-04,доставлен
399,122,2025-10-05,доставлен
400,249,2026-01-02,новый
401,92,2025-11-01,отгружен
402,324,2025-07-04,отгружен
403,17,2026-06-08,доставлен
404,437,2026-03-24,отгружен
405,310,2025-06-11,оплачен
406,497,2026-01-29,доставлен
407,251,2025-12-17,доставлен
408,143,2025-09-01,новый
409,223,2023-12-09,доставлен
410,23,2025-09-08,новый
411,272,2024-12-30,отгружен
412,43,2025-05-18,доставлен
413,487,2024-10-13,оплачен
414,246,2025-11-07,доставлен
415,383,2024-07-14,доставлен
416,405,2025-08-06,доставлен
417,37,2026-02-22,отгружен
418,386,2026-05-20,оплачен
419,318,2026-06-07,доставлен
420,455,2025-05-23,новый
421,188,2026-06-09,оплачен
422,71,2026-04-17,доставлен
423,245,2025-07-14,доставлен
424,386,2026-04-12,доставлен
425,258,2024-10-20,доставлен
426,177,2024-08-26,отгружен
427,273,2026-04-09,доставлен
428,410,2026-06-09,доставлен
429,457,2026-04-02,доставлен
430,148,2025-07-07,доставлен
431,58,2026-03-08,доставлен
432,12,2024-12-09,оплачен
433,228,2025-01-18,доставлен
434,12,2026-03-16,доставлен
435,331,2025-11-26,отгружен
436,304,2024-04-05,доставлен
437,291,2025-12-30,оплачен
438,248,2026-05-28,отгружен
439,76,2025-12-24,отгружен
440,275,2024-08-21,оплачен
441,122,2025-11-23,оплачен
442,106,2025-11-18,доставлен
443,76,2025-08-30,отгружен
444,472,2024-08-28,новый
445,3,2024-02-08,доставлен
446,152,2025-03-24,отгружен
447,342,2025-08-14,оплачен
448,353,2026-03-11,оплачен
449,60,2025-05-21,отгружен
450,48,2023-11-22,отгружен
451,401,2026-05-16,доставлен
452,276,2026-06-03,доставлен
453,100,2025-09-16,отгружен
454,185,2026-06-09,отгружен
455,7,2025-08-09,оплачен
456,111,2025-12-01,доставлен
457,84,2025-10-06,доставлен
458,307,2026-01-06,новый
459,172,2025-05-08,новый
460,469,2023-08-06,оплачен
461,291,2025-09-27,доставлен
462,149,2025-11-20,доставлен
463,428,2025-07-24,доставлен
464,406,2025-07-24,новый
465,428,2025-02-28,доставлен
466,214,2026-01-07,оплачен
467,497,2025-09-26,новый
468,445,2025-09-12,оплачен
469,263,2026-05-24,доставлен
470,298,2026-06-09,новый
471,84,2025-03-25,новый
472,149,2026-05-14,оплачен
473,94,2026-04-18,доставлен
474,424,2024-03-04,доставлен
475,186,2026-02-24,новый
476,266,2026-05-14,оплачен
477,112,2025-07-31,оплачен
478,315,2025-02-15,доставлен
479,214,2025-11-25,отгружен
480,473,2025-11-16,новый
481,456,2026-04-22,доставлен
482,156,2026-03-25,новый
483,117,2023-11-09,отгружен
484,354,2025-08-20,доставлен
485,388,2025-06-01,отгружен
486,263,2026-02-03,доставлен
487,155,2024-02-18,доставлен
488,301,2025-11-23,доставлен
489,47,2026-06-06,оплачен
490,181,2026-05-22,оплачен
491,292,2026-02-05,новый
492,494,2025-12-31,оплачен
493,472,2026-06-09,доставлен
494,226,2026-05-31,доставлен
495,195,2026-05-30,отгружен
496,239,2026-04-04,оплачен
497,361,2025-09-28,оплачен
498,198,2026-02-07,оплачен
499,284,2025-11-03,отгружен
500,189,2025-09-28,оплачен
501,338,2025-04-16,доставлен
502,356,2026-02-10,доставлен
503,34,2026-05-07,отгружен
504,433,2026-02-14,доставлен
505,372,2026-01-22,отгружен
506,388,2025-06-08,доставлен
507,309,2024-05-04,доставлен
508,129,2025-01-06,отгружен
509,16,2024-12-01,новый
510,348,2026-06-03,новый
511,168,2024-06-16,оплачен
512,385,2025-11-04,доставлен
513,255,2025-11-30,отгружен
514,280,2026-04-28,новый
515,231,2026-01-09,отгружен
516,286,2026-05-19,доставлен
517,221,2026-03-13,оплачен
518,346,2026-02-15,отгружен
519,288,2026-04-01,доставлен
520,498,2026-05-30,отгружен
521,15,2026-06-08,доставлен
522,415,2025-09-14,доставлен
523,175,2026-06-06,отгружен
524,339,2026-01-08,оплачен
525,44,2024-10-22,доставлен
526,173,2025-06-06,оплачен
527,291,2025-10-21,доставлен
528,12,2026-04-30,доставлен
529,414,2026-02-25,отгружен
530,416,2026-02-28,доставлен
531,104,2025-10-25,отгружен
532,136,2026-03-07,новый
533,368,2026-05-31,доставлен
534,35,2026-04-23,доставлен
535,334,2025-02-18,доставлен
536,161,2025-07-10,оплачен
537,391,2025-02-23,доставлен
538,110,2025-06-20,доставлен
539,437,2025-08-29,доставлен
540,268,2026-03-15,оплачен
541,392,2023-11-20,отгружен
542,105,2025-11-05,доставлен
543,83,2024-09-08,оплачен
544,99,2025-10-26,новый
545,224,2023-12-30,отгружен
546,405,2025-08-04,доставлен
547,249,2025-10-29,доставлен
548,161,2025-11-23,доставлен
549,454,2026-05-18,новый
550,377,2026-03-20,доставлен
551,487,2024-09-06,доставлен
552,308,2026-01-30,оплачен
553,381,2026-04-14,оплачен
554,497,2024-06-20,оплачен
555,274,2025-09-19,отгружен
556,494,2026-02-23,оплачен
557,189,2025-06-15,доставлен
558,18,2025-07-20,доставлен
559,123,2026-02-02,оплачен
560,463,2026-01-24,доставлен
561,440,2026-02-04,отгружен
562,475,2025-05-29,доставлен
563,153,2026-01-08,оплачен
564,405,2026-01-05,новый
565,212,2026-02-24,доставлен
566,358,2026-05-13,оплачен
567,374,2025-11-15,доставлен
568,329,2024-08-10,доставлен
569,206,2026-05-27,оплачен
570,128,2025-01-19,доставлен
571,211,2024-06-05,доставлен
572,134,2025-02-28,оплачен
573,44,2024-01-31,отгружен
574,484,2024-10-15,доставлен
575,332,2024-12-27,доставлен
576,102,2025-01-08,оплачен
577,77,2025-01-01,новый
578,368,2026-05-11,доставлен
579,61,2026-02-26,оплачен
580,148,2026-01-25,доставлен
581,111,2025-12-27,доставлен
582,215,2025-08-06,оплачен
583,317,2026-03-14,отгружен
584,332,2024-12-16,отгружен
585,499,2026-01-17,доставлен
586,377,2026-04-04,доставлен
587,27,2025-11-10,отгружен
588,311,2024-06-10,доставлен
589,259,2025-07-27,доставлен
590,496,2025-07-30,доставлен
591,87,2025-09-16,доставлен
592,272,2025-06-02,отгружен
593,66,2024-06-11,отгружен
594,314,2026-04-01,доставлен
595,252,2026-03-20,доставлен
596,326,2025-02-15,доставлен
597,118,2024-07-25,оплачен
598,60,2025-11-28,доставлен
599,235,2024-12-02,отгружен
600,445,2026-02-01,оплачен
601,300,2024-11-08,оплачен
602,472,2024-03-29,новый
603,146,2026-04-19,доставлен
604,429,2024-08-30,отгружен
605,338,2026-05-08,отгружен
606,169,2026-05-06,доставлен
607,376,2026-05-29,доставлен
608,145,2024-11-06,отгружен
609,488,2025-03-07,доставлен
610,123,2026-05-16,доставлен
611,400,2026-01-07,отгружен
612,153,2026-03-31,отгружен
613,309,2024-07-27,оплачен
614,251,2025-08-23,отгружен
615,47,2026-06-01,доставлен
616,21,2025-11-24,доставлен
617,477,2025-08-24,отгружен
618,224,2026-03-15,новый
619,268,2026-04-01,отгружен
620,56,2024-01-30,доставлен
621,417,2025-03-03,оплачен
622,9,2026-04-11,оплачен
623,24,2026-06-09,новый
624,231,2025-01-28,доставлен
625,109,2026-04-29,оплачен
626,223,2023-11-30,доставлен
627,88,2025-04-23,доставлен
628,309,2024-04-18,доставлен
629,354,2025-11-22,доставлен
630,65,2025-09-08,оплачен
631,357,2025-11-13,доставлен
632,224,2024-04-04,доставлен
633,243,2026-01-08,отгружен
634,379,2025-05-18,доставлен
635,104,2025-08-20,оплачен
636,434,2024-09-23,доставлен
637,284,2026-02-21,доставлен
638,263,2026-03-02,доставлен
639,366,2025-09-28,новый
640,284,2025-11-07,новый
641,481,2024-07-21,доставлен
642,372,2025-03-21,оплачен
643,466,2026-05-07,доставлен
644,453,2026-01-23,оплачен
645,377,2026-03-29,отгружен
646,107,2026-06-08,оплачен
647,103,2026-03-07,оплачен
648,121,2026-05-29,оплачен
649,452,2025-05-17,оплачен
650,414,2026-01-01,новый
651,115,2025-11-12,отгружен
652,459,2026-02-20,оплачен
653,362,2026-03-03,новый
654,313,2024-11-23,доставлен
655,323,2024-04-18,оплачен
656,373,2025-06-08,оплачен
657,79,2024-05-03,доставлен
658,497,2025-02-21,отгружен
659,147,2026-03-23,доставлен
660,387,2024-09-03,отгружен
661,404,2025-07-09,оплачен
662,186,2026-06-09,доставлен
663,484,2026-05-02,новый
664,32,2026-04-24,отгружен
665,78,2026-06-03,доставлен
666,410,2026-04-13,доставлен
667,359,2025-05-15,доставлен
668,424,2026-04-24,оплачен
669,229,2026-05-29,доставлен
670,177,2025-03-03,доставлен
671,44,2023-12-19,новый
672,267,2026-04-27,доставлен
673,283,2026-03-16,отгружен
674,456,2026-03-25,доставлен
675,217,2025-12-28,доставлен
676,133,2024-08-20,доставлен
677,230,2024-12-27,оплачен
678,298,2026-05-31,доставлен
679,154,2025-12-24,оплачен
680,366,2025-07-03,отгружен
681,99,2025-11-02,доставлен
682,425,2026-03-25,отгружен
683,244,2026-05-09,оплачен
684,207,2024-10-18,доставлен
685,256,2026-05-31,доставлен
686,422,2025-07-28,оплачен
687,496,2026-01-03,доставлен
688,383,2024-09-19,оплачен
689,437,2026-02-25,отгружен
690,21,2025-10-16,доставлен
691,156,2026-04-14,оплачен
692,402,2025-08-09,доставлен
693,456,2026-04-06,оплачен
694,2,2025-06-27,оплачен
695,294,2026-06-07,отгружен
696,428,2026-02-01,доставлен
697,236,2026-02-15,доставлен
698,46,2025-06-25,доставлен
699,174,2025-12-23,доставлен
700,444,2024-11-07,оплачен
701,159,2025-11-30,доставлен
702,99,2026-03-19,доставлен
703,97,2025-01-15,доставлен
704,93,2024-08-03,доставлен
705,425,2026-03-18,доставлен
706,206,2026-03-29,доставлен
707,93,2024-07-13,отгружен
708,278,2026-04-25,оплачен
709,79,2024-08-18,отгружен
710,93,2024-08-08,новый
711,164,2026-03-23,оплачен
712,123,2024-06-10,доставлен
713,487,2024-04-24,оплачен
714,209,2026-04-14,новый
715,468,2026-01-31,доставлен
716,346,2026-02-22,оплачен
717,291,2025-08-16,отгружен
718,105,2025-07-21,доставлен
719,401,2026-06-04,оплачен
720,417,2026-02-24,отгружен
721,478,2026-01-29,доставлен
722,195,2026-01-06,доставлен
723,83,2025-09-18,доставлен
724,63,2025-11-04,доставлен
725,313,2025-10-11,доставлен
726,386,2026-04-20,доставлен
727,175,2026-05-25,оплачен
728,473,2025-12-21,новый
729,212,2026-01-11,доставлен
730,42,2025-04-04,доставлен
731,228,2024-03-07,доставлен
732,199,2026-04-16,оплачен
733,190,2026-06-08,доставлен
734,349,2026-04-18,доставлен
735,156,2026-01-14,доставлен
736,19,2025-07-25,оплачен
737,203,2026-02-22,оплачен
738,88,2025-05-18,доставлен
739,290,2025-01-13,оплачен
740,478,2026-05-26,доставлен
741,401,2026-06-05,оплачен
742,130,2026-05-18,доставлен
743,27,2026-01-22,доставлен
744,349,2024-10-18,доставлен
745,115,2026-06-01,новый
746,172,2025-10-13,новый
747,217,2024-12-13,доставлен
748,321,2025-10-15,новый
749,479,2026-05-24,отгружен
750,123,2026-06-04,доставлен
751,318,2026-05-20,отгружен
752,64,2024-11-15,новый
753,161,2025-06-03,доставлен
754,29,2025-02-16,отгружен
755,287,2025-04-16,новый
756,404,2026-03-27,доставлен
757,408,2026-04-06,отгружен
758,401,2026-05-13,новый
759,7,2025-08-01,доставлен
760,464,2026-05-13,доставлен
761,372,2025-08-26,доставлен
762,31,2025-11-21,оплачен
763,160,2026-02-08,доставлен
764,309,2024-05-25,отгружен
765,348,2026-03-18,оплачен
766,440,2024-09-13,новый
767,403,2026-03-16,новый
768,355,2026-06-08,доставлен
769,494,2026-05-24,отгружен
770,54,2024-05-10,отгружен
771,328,2025-02-08,оплачен
772,123,2025-06-20,отгружен
773,106,2026-02-09,отгружен
774,285,2025-05-05,оплачен
775,300,2024-12-25,доставлен
776,146,2026-01-28,оплачен
777,101,2023-10-17,новый
778,336,2026-06-03,доставлен
779,157,2026-04-19,отгружен
780,410,2026-05-15,доставлен
781,407,2025-10-17,оплачен
782,220,2025-04-06,доставлен
783,301,2025-07-03,оплачен
784,28,2026-06-04,доставлен
785,496,2025-02-09,доставлен
786,315,2025-12-04,новый
787,192,2026-05-26,отгружен
788,356,2026-04-02,отгружен
789,333,2026-04-10,новый
790,442,2025-06-16,оплачен
791,293,2026-01-15,оплачен
792,228,2024-02-24,доставлен
793,263,2026-05-17,доставлен
794,412,2025-12-27,отгружен
795,227,2026-03-06,оплачен
796,432,2025-08-03,доставлен
797,51,2025-07-28,оплачен
798,346,2024-07-03,отгружен
799,98,2025-06-07,доставлен
800,5,2026-05-10,доставлен
801,485,2025-07-13,отгружен
802,263,2026-04-06,доставлен
803,108,2025-06-18,отгружен
804,417,2024-08-12,отгружен
805,395,2024-02-09,доставлен
806,192,2025-11-28,оплачен
807,428,2025-12-19,отгружен
808,386,2025-10-16,отгружен
809,12,2024-09-03,доставлен
810,488,2025-11-05,доставлен
811,444,2025-10-05,отгружен
812,198,2024-12-15,оплачен
813,328,2025-08-15,доставлен
814,284,2025-11-15,оплачен
815,467,2026-05-28,доставлен
816,338,2025-09-24,доставлен
817,168,2023-09-13,доставлен
818,215,2024-09-24,отгружен
819,67,2025-12-27,доставлен
820,82,2026-05-11,доставлен
821,142,2025-03-30,оплачен
822,270,2025-02-01,отгружен
823,21,2026-04-16,доставлен
824,178,2025-08-20,доставлен
825,213,2026-05-08,оплачен
826,358,2025-11-08,доставлен
827,141,2025-11-11,доставлен
828,372,2025-10-03,доставлен
829,391,2025-06-14,доставлен
830,231,2025-12-25,оплачен
831,14,2024-10-30,новый
832,382,2025-08-04,отгружен
833,129,2026-06-06,оплачен
834,35,2026-04-22,новый
835,242,2026-01-20,доставлен
836,151,2026-01-23,оплачен
837,347,2024-03-11,оплачен
838,458,2025-09-24,доставлен
839,429,2025-05-13,доставлен
840,200,2024-12-24,доставлен
841,393,2025-11-22,оплачен
842,103,2026-05-06,новый
843,343,2024-09-11,новый
844,86,2024-01-08,новый
845,321,2024-10-04,оплачен
846,481,2025-03-29,отгружен
847,166,2025-12-15,оплачен
848,235,2024-11-17,оплачен
849,23,2025-02-13,новый
850,256,2025-08-13,доставлен
851,88,2025-04-26,оплачен
852,357,2025-05-09,отгружен
853,390,2025-07-01,доставлен
854,172,2026-03-31,новый
855,258,2024-12-14,доставлен
856,378,2026-01-16,отгружен
857,71,2026-04-09,отгружен
858,105,2024-11-26,доставлен
859,485,2026-01-12,отгружен
860,406,2025-07-24,доставлен
861,434,2026-06-02,доставлен
862,128,2026-04-17,доставлен
863,165,2025-05-07,оплачен
864,489,2024-11-23,оплачен
865,47,2026-06-09,оплачен
866,260,2026-04-23,новый
867,126,2025-10-30,отгружен
868,496,2025-11-11,доставлен
869,41,2024-06-25,доставлен
870,217,2024-10-29,доставлен
871,391,2025-04-17,отгружен
872,79,2023-09-13,доставлен
873,157,2025-10-04,отгружен
874,70,2026-04-30,доставлен
875,3,2025-04-30,новый
876,474,2025-12-11,отгружен
877,158,2023-10-26,доставлен
878,198,2026-04-06,доставлен
879,491,2025-04-17,оплачен
880,353,2024-05-24,отгружен
881,377,2026-04-15,оплачен
882,362,2025-12-11,доставлен
883,234,2026-01-29,доставлен
884,297,2026-03-12,доставлен
885,470,2024-01-29,отгружен
886,466,2026-02-25,оплачен
887,155,2025-08-27,доставлен
888,376,2025-08-25,отгружен
889,398,2025-01-10,доставлен
890,158,2025-10-28,новый
891,50,2025-11-14,новый
892,376,2025-12-12,отгружен
893,69,2025-06-17,оплачен
894,231,2026-02-26,доставлен
895,384,2024-11-02,оплачен
896,321,2025-11-27,доставлен
897,41,2026-02-05,оплачен
898,300,2024-10-26,оплачен
899,137,2026-01-24,доставлен
900,50,2026-01-30,оплачен
901,478,2026-05-31,отгружен
902,350,2026-03-16,доставлен
903,194,2026-05-24,доставлен
904,446,2026-04-11,доставлен
905,309,2025-09-28,оплачен
906,232,2025-11-11,доставлен
907,97,2025-09-23,новый
908,325,2024-03-06,отгружен
909,167,2025-12-05,доставлен
910,379,2026-02-04,доставлен
911,338,2024-06-05,доставлен
912,74,2025-11-26,доставлен
913,255,2026-01-19,доставлен
914,459,2026-01-31,отгружен
915,124,2024-11-12,оплачен
916,359,2024-08-20,новый
917,463,2026-03-15,отгружен
918,341,2025-02-17,отгружен
919,252,2026-01-08,новый
920,34,2026-02-02,доставлен
921,196,2026-06-03,доставлен
922,115,2026-01-12,оплачен
923,175,2026-04-05,доставлен
924,437,2025-08-24,отгружен
925,303,2026-03-27,доставлен
926,267,2025-05-03,доставлен
927,437,2026-01-11,отгружен
928,429,2025-04-01,оплачен
929,383,2025-06-11,доставлен
930,353,2025-06-24,оплачен
931,150,2026-06-09,доставлен
932,108,2025-03-14,доставлен
933,373,2025-10-21,отгружен
934,201,2025-07-25,отгружен
935,37,2026-03-14,доставлен
936,359,2025-05-17,доставлен
937,436,2025-06-13,доставлен
938,227,2026-05-16,доставлен
939,112,2025-10-09,доставлен
940,186,2024-05-25,доставлен
941,487,2025-03-31,доставлен
942,183,2024-08-22,доставлен
943,264,2024-10-24,доставлен
944,207,2025-04-14,оплачен
945,155,2024-10-21,доставлен
946,46,2025-09-04,доставлен
947,189,2026-03-31,новый
948,329,2024-10-07,доставлен
949,246,2025-07-15,оплачен
950,248,2026-06-05,доставлен
951,167,2023-12-29,новый
952,202,2026-02-02,доставлен
953,266,2024-09-17,доставлен
954,386,2025-08-01,доставлен
955,3,2024-02-01,доставлен
956,83,2026-05-28,новый
957,44,2025-04-17,доставлен
958,217,2025-01-16,доставлен
959,464,2026-04-02,доставлен
960,356,2026-02-05,отгружен
961,51,2025-04-05,доставлен
962,73,2026-06-08,оплачен
963,184,2024-01-10,оплачен
964,134,2025-07-28,отгружен
965,482,2026-01-20,доставлен
966,325,2024-10-23,доставлен
967,337,2026-05-31,доставлен
968,404,2025-08-06,отгружен
969,40,2025-04-25,оплачен
970,169,2025-07-05,доставлен
971,445,2025-08-20,доставлен
972,497,2024-09-03,оплачен
973,449,2026-04-22,отгружен
974,444,2024-09-11,оплачен
975,88,2026-04-04,отгружен
976,496,2025-04-24,доставлен
977,304,2025-08-18,оплачен
978,80,2026-01-19,доставлен
979,137,2026-04-29,новый
980,348,2026-03-27,доставлен
981,258,2026-05-10,оплачен
982,440,2026-03-19,новый
983,41,2025-07-03,новый
984,295,2025-09-18,новый
985,493,2026-01-29,доставлен
986,255,2026-03-10,доставлен
987,316,2025-11-23,оплачен
988,177,2025-09-13,оплачен
989,312,2025-08-25,новый
990,90,2026-04-05,новый
991,195,2024-07-12,оплачен
992,149,2026-04-20,оплачен
993,378,2026-04-28,доставлен
994,423,2026-04-01,доставлен
995,4,2026-03-23,доставлен
996,456,2026-03-13,доставлен
997,102,2026-03-30,новый
998,4,2026-04-05,оплачен
999,154,2024-05-21,отгружен
1000,430,2026-05-26,отгружен
1001,3,2025-10-05,отгружен
1002,203,2024-04-16,отгружен
1003,486,2024-07-08,отгружен
1004,282,2026-01-06,отгружен
1005,372,2026-02-28,доставлен
1006,80,2026-01-12,отгружен
1007,27,2025-09-25,доставлен
1008,223,2025-08-25,отгружен
1009,127,2025-12-09,доставлен
1010,443,2025-12-14,оплачен
1011,243,2025-12-11,доставлен
1012,438,2026-03-22,доставлен
1013,20,2026-02-22,оплачен
1014,10,2024-07-10,доставлен
1015,209,2026-05-10,доставлен
1016,246,2025-04-02,новый
1017,187,2026-05-28,оплачен
1018,94,2026-06-02,новый
1019,109,2026-04-06,оплачен
1020,221,2025-07-01,оплачен
1021,7,2025-08-21,доставлен
1022,415,2025-11-24,отгружен
1023,333,2025-11-17,оплачен
1024,323,2025-09-24,доставлен
1025,419,2023-12-07,оплачен
1026,317,2026-04-23,отгружен
1027,79,2025-05-23,новый
1028,130,2026-05-02,доставлен
1029,459,2026-05-17,отгружен
1030,248,2026-05-31,отгружен
1031,357,2025-05-01,доставлен
1032,32,2025-05-27,доставлен
1033,351,2025-03-15,доставлен
1034,197,2026-05-25,доставлен
1035,2,2025-03-05,оплачен
1036,451,2024-11-20,доставлен
1037,133,2024-06-18,отгружен
1038,283,2025-11-22,оплачен
1039,150,2025-03-22,новый
1040,475,2026-01-21,оплачен
1041,1,2025-02-02,доставлен
1042,485,2025-12-24,доставлен
1043,151,2026-03-29,отгружен
1044,422,2026-01-22,отгружен
1045,276,2026-06-03,доставлен
1046,353,2024-06-29,отгружен
1047,283,2025-01-15,оплачен
1048,323,2025-09-27,доставлен
1049,372,2025-12-05,отгружен
1050,254,2025-05-02,оплачен
1051,97,2026-02-07,доставлен
1052,454,2026-06-07,оплачен
1053,37,2026-03-07,отгружен
1054,371,2025-04-15,доставлен
1055,194,2026-05-25,отгружен
1056,479,2025-09-04,новый
1057,74,2025-11-24,доставлен
1058,278,2024-10-08,доставлен
1059,246,2024-11-09,доставлен
1060,125,2025-08-26,новый
1061,423,2025-11-03,новый
1062,1,2024-04-26,доставлен
1063,76,2026-06-09,отгружен
1064,197,2026-04-19,доставлен
1065,57,2026-06-05,оплачен
1066,185,2026-06-09,доставлен
1067,272,2026-01-10,отгружен
1068,458,2025-07-13,доставлен
1069,139,2025-02-03,доставлен
1070,404,2024-12-27,новый
1071,200,2025-08-07,отгружен
1072,296,2025-12-28,отгружен
1073,94,2025-03-05,доставлен
1074,499,2025-09-01,отгружен
1075,197,2026-02-02,отгружен
1076,421,2026-01-30,оплачен
1077,270,2025-01-28,доставлен
1078,121,2025-06-18,отгружен
1079,186,2025-03-11,доставлен
1080,151,2026-02-17,отгружен
1081,424,2023-12-16,оплачен
1082,74,2026-05-20,отгружен
1083,191,2024-04-12,новый
1084,245,2025-02-24,доставлен
1085,40,2024-11-20,новый
1086,72,2026-05-17,доставлен
1087,173,2025-04-16,отгружен
1088,31,2026-05-23,доставлен
1089,258,2025-03-01,оплачен
1090,365,2026-04-16,доставлен
1091,140,2024-09-13,доставлен
1092,206,2026-05-12,доставлен
1093,500,2025-08-11,доставлен
1094,329,2023-09-22,отгружен
1095,218,2026-06-06,оплачен
1096,309,2025-05-24,доставлен
1097,55,2025-09-24,новый
1098,283,2025-05-19,оплачен
1099,289,2026-04-04,доставлен
1100,5,2026-04-24,доставлен
1101,162,2025-05-08,доставлен
1102,50,2026-03-20,отгружен
1103,408,2026-03-14,отгружен
1104,78,2026-02-15,доставлен
1105,488,2023-11-03,доставлен
1106,494,2026-04-27,доставлен
1107,174,2026-05-12,оплачен
1108,397,2026-04-12,доставлен
1109,39,2025-10-06,доставлен
1110,393,2025-09-29,доставлен
1111,49,2026-04-24,отгружен
1112,35,2026-04-07,оплачен
1113,396,2025-10-24,отгружен
1114,482,2026-02-17,оплачен
1115,210,2024-01-20,доставлен
1116,192,2026-01-08,новый
1117,318,2026-06-07,доставлен
1118,359,2024-07-31,доставлен
1119,149,2026-05-26,отгружен
1120,448,2026-05-14,отгружен
1121,329,2025-05-05,доставлен
1122,394,2026-06-09,отгружен
1123,249,2024-10-07,оплачен
1124,280,2026-06-08,оплачен
1125,17,2026-06-09,доставлен
1126,243,2026-01-01,оплачен
1127,217,2026-05-01,оплачен
1128,208,2026-01-31,новый
1129,458,2025-06-13,оплачен
1130,85,2025-05-27,оплачен
1131,224,2024-10-11,отгружен
1132,401,2026-05-20,доставлен
1133,297,2026-02-28,доставлен
1134,423,2026-04-12,доставлен
1135,256,2025-07-04,доставлен
1136,209,2026-03-20,оплачен
1137,231,2025-10-16,доставлен
1138,216,2025-09-27,доставлен
1139,108,2026-04-05,доставлен
1140,155,2025-06-17,доставлен
1141,333,2026-02-23,доставлен
1142,268,2026-03-12,доставлен
1143,192,2026-05-30,оплачен
1144,433,2026-04-26,доставлен
1145,481,2024-06-05,доставлен
1146,9,2026-05-17,доставлен
1147,52,2025-06-18,доставлен
1148,437,2026-03-13,отгружен
1149,196,2026-06-04,оплачен
1150,361,2026-04-26,доставлен
1151,146,2026-06-03,оплачен
1152,124,2024-12-25,новый
1153,420,2026-03-29,доставлен
1154,124,2025-10-27,доставлен
1155,411,2026-01-22,доставлен
1156,89,2025-05-10,отгружен
1157,364,2026-06-02,доставлен
1158,470,2025-03-30,оплачен
1159,48,2023-10-04,новый
1160,79,2024-12-05,новый
1161,196,2026-06-03,новый
1162,96,2026-01-06,оплачен
1163,395,2025-05-09,оплачен
1164,322,2026-03-21,новый
1165,55,2024-12-16,оплачен
1166,40,2024-10-01,отгружен
1167,252,2025-11-18,доставлен
1168,108,2024-11-10,доставлен
1169,93,2026-01-07,оплачен
1170,500,2025-09-30,отгружен
1171,82,2026-04-22,доставлен
1172,311,2025-11-02,новый
1173,111,2025-11-12,доставлен
1174,168,2025-11-29,оплачен
1175,138,2024-09-18,оплачен
1176,363,2023-07-22,доставлен
1177,224,2026-03-15,доставлен
1178,352,2024-04-24,доставлен
1179,407,2025-09-23,доставлен
1180,222,2025-03-15,доставлен
1181,56,2023-11-03,доставлен
1182,420,2026-03-21,новый
1183,130,2026-06-01,доставлен
1184,487,2024-01-05,доставлен
1185,220,2026-06-04,доставлен
1186,191,2026-05-23,оплачен
1187,368,2026-05-07,отгружен
1188,34,2026-01-10,отгружен
1189,143,2025-05-13,доставлен
1190,216,2025-06-04,доставлен
1191,26,2024-10-08,доставлен
1192,232,2025-10-20,оплачен
1193,146,2026-04-18,новый
1194,68,2026-05-20,доставлен
1195,173,2025-03-17,доставлен
1196,371,2023-08-16,отгружен
1197,397,2026-04-21,отгружен
1198,253,2026-02-06,доставлен
1199,115,2025-11-04,новый
1200,442,2025-07-07,доставлен
1201,462,2026-03-17,доставлен
1202,453,2025-11-19,доставлен
1203,39,2026-04-18,оплачен
1204,358,2026-06-01,оплачен
1205,65,2025-12-03,отгружен
1206,327,2026-04-08,отгружен
1207,296,2024-10-30,отгружен
1208,116,2025-04-01,новый
1209,428,2025-04-14,доставлен
1210,40,2025-08-15,новый
1211,240,2025-03-04,доставлен
1212,107,2025-10-27,доставлен
1213,363,2023-09-28,отгружен
1214,469,2025-10-06,оплачен
1215,400,2026-02-16,отгружен
1216,352,2026-03-15,отгружен
1217,57,2026-06-01,оплачен
1218,232,2025-09-03,отгружен
1219,182,2026-05-21,отгружен
1220,261,2024-11-15,отгружен
1221,196,2026-06-03,доставлен
1222,305,2026-06-05,оплачен
1223,26,2024-11-22,доставлен
1224,123,2024-08-19,новый
1225,359,2025-06-11,доставлен
1226,138,2026-04-23,отгружен
1227,327,2026-04-24,оплачен
1228,258,2025-11-15,доставлен
1229,88,2024-07-06,отгружен
1230,461,2024-08-14,отгружен
1231,499,2026-06-08,оплачен
1232,305,2026-02-01,отгружен
1233,57,2026-05-31,новый
1234,428,2024-11-02,оплачен
1235,156,2026-04-05,доставлен
1236,132,2025-10-16,доставлен
1237,424,2024-06-01,отгружен
1238,248,2026-05-10,оплачен
1239,211,2025-06-16,доставлен
1240,126,2024-08-27,доставлен
1241,46,2025-10-26,оплачен
1242,279,2026-05-30,доставлен
1243,136,2026-05-31,доставлен
1244,484,2024-06-19,доставлен
1245,176,2026-05-25,доставлен
1246,291,2025-10-16,доставлен
1247,475,2024-08-07,доставлен
1248,286,2026-04-18,доставлен
1249,233,2025-12-07,новый
1250,28,2026-04-19,отгружен
1251,428,2025-05-24,новый
1252,403,2024-03-27,доставлен
1253,366,2026-03-31,оплачен
1254,17,2026-06-08,отгружен
1255,217,2024-11-04,отгружен
1256,89,2025-09-27,доставлен
1257,350,2026-06-02,доставлен
1258,103,2026-06-07,отгружен
1259,237,2025-08-31,доставлен
1260,71,2026-02-25,доставлен
1261,184,2026-03-03,отгружен
1262,15,2024-08-03,доставлен
1263,46,2024-12-09,доставлен
1264,263,2026-04-11,отгружен
1265,387,2026-03-01,доставлен
1266,237,2025-12-07,доставлен
1267,425,2026-01-23,доставлен
1268,421,2026-02-01,оплачен
1269,380,2025-12-15,доставлен
1270,265,2025-02-20,оплачен
1271,328,2025-02-26,доставлен
1272,320,2026-05-12,доставлен
1273,310,2025-03-07,доставлен
1274,13,2025-11-27,доставлен
1275,208,2024-08-24,отгружен
1276,134,2025-03-26,доставлен
1277,222,2026-05-02,оплачен
1278,337,2026-06-06,оплачен
1279,246,2025-09-30,оплачен
1280,342,2025-06-05,оплачен
1281,417,2026-04-27,отгружен
1282,289,2026-06-04,отгружен
1283,318,2026-05-13,отгружен
1284,142,2026-05-22,новый
1285,108,2024-09-17,отгружен
1286,336,2026-06-06,оплачен
1287,440,2024-04-09,доставлен
1288,156,2026-05-20,доставлен
1289,248,2026-04-30,отгружен
1290,475,2025-01-17,доставлен
1291,302,2024-09-16,доставлен
1292,24,2026-06-06,новый
1293,256,2025-09-21,доставлен
1294,54,2025-11-21,доставлен
1295,387,2024-03-11,доставлен
1296,38,2024-12-23,отгружен
1297,165,2026-04-22,оплачен
1298,103,2025-05-17,оплачен
1299,380,2025-05-01,оплачен
1300,323,2024-06-28,доставлен
1301,458,2025-03-04,новый
1302,95,2024-12-12,доставлен
1303,293,2025-07-22,доставлен
1304,411,2025-09-24,новый
1305,41,2025-07-24,оплачен
1306,27,2025-10-14,доставлен
1307,200,2025-08-25,доставлен
1308,496,2026-01-31,оплачен
1309,257,2025-12-26,отгружен
1310,242,2026-03-26,доставлен
1311,103,2025-12-09,отгружен
1312,169,2025-09-28,доставлен
1313,38,2026-01-07,доставлен
1314,37,2026-05-25,доставлен
1315,246,2025-08-06,доставлен
1316,19,2024-05-05,отгружен
1317,245,2026-04-08,отгружен
1318,274,2025-09-18,доставлен
1319,247,2025-12-23,новый
1320,219,2026-02-08,доставлен
1321,463,2026-04-13,отгружен
1322,122,2026-04-08,оплачен
1323,291,2026-03-09,новый
1324,65,2026-02-10,отгружен
1325,309,2026-01-05,доставлен
1326,311,2026-05-23,отгружен
1327,481,2026-04-23,доставлен
1328,228,2025-02-06,доставлен
1329,458,2025-10-18,оплачен
1330,462,2026-02-22,отгружен
1331,119,2025-11-18,отгружен
1332,19,2025-12-30,доставлен
1333,11,2024-12-06,отгружен
1334,197,2026-05-26,отгружен
1335,10,2024-01-30,доставлен
1336,95,2024-07-29,доставлен
1337,391,2025-10-31,отгружен
1338,473,2024-06-29,доставлен
1339,111,2025-12-22,доставлен
1340,401,2026-05-11,доставлен
1341,199,2026-01-07,доставлен
1342,294,2026-06-08,доставлен
1343,382,2025-08-13,доставлен
1344,144,2025-01-21,доставлен
1345,293,2025-05-30,отгружен
1346,401,2026-05-27,доставлен
1347,339,2026-02-23,отгружен
1348,237,2026-05-28,новый
1349,246,2024-10-08,доставлен
1350,142,2025-05-03,доставлен
1351,133,2025-05-06,доставлен
1352,66,2024-05-12,оплачен
1353,336,2026-06-06,новый
1354,351,2026-05-20,доставлен
1355,117,2025-08-06,новый
1356,348,2026-02-09,доставлен
1357,56,2024-08-24,новый
1358,167,2024-09-29,доставлен
1359,74,2025-10-05,новый
1360,192,2026-03-31,отгружен
1361,477,2025-10-06,оплачен
1362,262,2026-01-01,доставлен
1363,482,2026-01-04,оплачен
1364,41,2025-07-12,доставлен
1365,376,2025-02-02,отгружен
1366,311,2025-12-06,отгружен
1367,429,2025-02-05,доставлен
1368,162,2025-03-08,доставлен
1369,376,2025-04-05,доставлен
1370,40,2026-01-05,доставлен
1371,118,2025-12-16,доставлен
1372,300,2024-07-30,доставлен
1373,61,2025-08-15,новый
1374,452,2026-06-08,доставлен
1375,135,2026-04-26,доставлен
1376,446,2026-03-24,новый
1377,264,2023-10-18,доставлен
1378,286,2026-04-11,оплачен
1379,303,2026-04-23,доставлен
1380,38,2025-01-14,доставлен
1381,231,2025-01-04,доставлен
1382,376,2025-07-22,оплачен
1383,78,2025-12-28,доставлен
1384,195,2024-01-11,отгружен
1385,144,2026-01-13,доставлен
1386,175,2026-05-14,новый
1387,147,2025-12-20,отгружен
1388,417,2026-03-23,доставлен
1389,451,2024-06-07,доставлен
1390,61,2025-08-04,оплачен
1391,481,2024-08-16,доставлен
1392,73,2026-06-01,новый
1393,307,2025-10-17,доставлен
1394,427,2026-03-26,доставлен
1395,375,2026-01-29,отгружен
1396,471,2025-08-15,оплачен
1397,253,2025-09-06,оплачен
1398,382,2026-04-22,доставлен
1399,142,2026-01-30,отгружен
1400,353,2024-03-25,отгружен
1401,98,2025-09-24,доставлен
1402,322,2024-12-29,новый
1403,345,2024-05-31,оплачен
1404,255,2025-12-16,оплачен
1405,487,2024-02-02,доставлен
1406,252,2026-05-16,доставлен
1407,215,2024-10-22,доставлен
1408,179,2026-02-05,отгружен
1409,449,2025-03-23,оплачен
1410,183,2024-03-21,доставлен
1411,494,2026-03-13,доставлен
1412,127,2026-03-05,доставлен
1413,339,2026-04-26,оплачен
1414,308,2026-02-11,отгружен
1415,260,2026-02-27,оплачен
1416,163,2026-05-31,отгружен
1417,373,2026-05-26,оплачен
1418,114,2025-05-30,доставлен
1419,57,2026-06-08,доставлен
1420,11,2024-12-19,доставлен
1421,400,2026-04-18,доставлен
1422,266,2024-12-16,оплачен
1423,441,2025-12-08,доставлен
1424,170,2025-12-22,отгружен
1425,433,2026-05-12,новый
1426,145,2025-08-20,отгружен
1427,127,2025-11-09,новый
1428,206,2026-06-02,оплачен
1429,38,2025-03-10,доставлен
1430,381,2025-09-26,доставлен
1431,406,2025-11-02,отгружен
1432,381,2025-01-01,новый
1433,136,2026-03-28,доставлен
1434,114,2025-10-11,доставлен
1435,260,2026-01-29,оплачен
1436,202,2026-06-06,доставлен
1437,296,2026-01-26,доставлен
1438,289,2026-05-20,оплачен
1439,49,2026-01-16,доставлен
1440,304,2024-07-19,оплачен
1441,268,2026-05-13,доставлен
1442,211,2026-04-08,отгружен
1443,290,2025-03-08,доставлен
1444,256,2025-07-19,отгружен
1445,264,2025-04-15,доставлен
1446,359,2024-09-15,новый
1447,267,2025-05-06,доставлен
1448,20,2026-04-11,доставлен
1449,72,2026-06-01,доставлен
1450,223,2024-06-17,доставлен
1451,166,2026-01-29,доставлен
1452,268,2026-03-05,доставлен
1453,242,2024-08-18,отгружен
1454,367,2024-07-26,доставлен
1455,77,2025-08-18,отгружен
1456,49,2026-01-15,доставлен
1457,81,2026-06-08,новый
1458,8,2026-01-18,доставлен
1459,300,2024-06-24,доставлен
1460,278,2025-04-10,доставлен
1461,53,2025-03-01,доставлен
1462,53,2024-11-28,оплачен
1463,295,2026-01-14,доставлен
1464,343,2024-04-21,доставлен
1465,111,2025-10-30,новый
1466,40,2025-01-20,доставлен
1467,218,2026-04-27,доставлен
1468,287,2025-01-11,отгружен
1469,430,2025-07-23,доставлен
1470,485,2025-07-14,доставлен
1471,287,2026-03-07,отгружен
1472,461,2025-01-17,отгружен
1473,395,2026-05-23,доставлен
1474,196,2026-06-02,отгружен
1475,3,2024-11-20,доставлен
1476,472,2025-02-01,новый
1477,329,2024-01-30,отгружен
1478,130,2026-05-07,оплачен
1479,442,2025-06-06,доставлен
1480,89,2026-03-03,отгружен
1481,15,2026-01-02,доставлен
1482,43,2024-05-15,отгружен
1483,50,2025-10-31,доставлен
1484,336,2026-05-24,доставлен
1485,435,2024-07-24,доставлен
1486,8,2026-01-07,доставлен
1487,34,2025-11-23,оплачен
1488,89,2025-09-24,отгружен
1489,259,2025-12-30,отгружен
1490,141,2025-09-08,доставлен
1491,429,2025-03-18,доставлен
1492,94,2025-09-01,доставлен
1493,495,2026-06-08,новый
1494,327,2025-03-15,отгружен
1495,158,2025-06-02,доставлен
1496,387,2025-06-02,доставлен
1497,143,2025-02-10,оплачен
1498,453,2025-11-02,оплачен
1499,182,2025-05-03,доставлен
1500,352,2025-08-15,доставлен
1501,198,2026-03-16,оплачен
1502,416,2025-12-16,доставлен
1503,496,2025-04-01,доставлен
1504,112,2026-02-03,отгружен
1505,338,2024-04-18,доставлен
1506,289,2026-03-29,отгружен
1507,323,2026-05-17,отгружен
1508,463,2026-05-31,оплачен
1509,225,2025-10-19,доставлен
1510,205,2025-11-29,отгружен
1511,308,2026-04-03,отгружен
1512,56,2023-11-29,отгружен
1513,15,2025-03-07,оплачен
1514,495,2026-06-08,доставлен
1515,67,2024-09-03,доставлен
1516,406,2025-12-22,доставлен
1517,76,2025-09-27,оплачен
1518,95,2023-11-29,оплачен
1519,126,2026-05-11,оплачен
1520,82,2026-03-18,отгружен
1521,468,2024-09-17,отгружен
1522,199,2025-11-11,оплачен
1523,420,2026-05-28,доставлен
1524,343,2024-06-13,доставлен
1525,394,2026-06-01,оплачен
1526,307,2025-07-02,доставлен
1527,109,2026-06-05,отгружен
1528,93,2026-05-27,отгружен
1529,421,2026-05-18,отгружен
1530,92,2026-04-18,оплачен
1531,178,2026-03-06,доставлен
1532,412,2025-09-26,доставлен
1533,260,2026-05-11,отгружен
1534,217,2026-04-07,доставлен
1535,310,2024-07-08,доставлен
1536,433,2026-03-02,доставлен
1537,389,2025-02-08,отгружен
1538,303,2026-04-22,оплачен
1539,25,2026-05-22,отгружен
1540,236,2026-05-05,отгружен
1541,152,2025-02-09,доставлен
1542,151,2026-05-10,отгружен
1543,326,2026-05-27,новый
1544,273,2026-02-26,доставлен
1545,49,2025-04-07,оплачен
1546,458,2025-06-04,оплачен
1547,235,2024-08-18,новый
1548,327,2024-11-09,доставлен
1549,41,2026-05-02,отгружен
1550,95,2026-03-31,доставлен
1551,453,2026-04-07,новый
1552,156,2026-01-31,доставлен
1553,192,2026-04-22,доставлен
1554,141,2025-02-12,доставлен
1555,310,2024-07-26,отгружен
1556,3,2025-03-07,отгружен
1557,67,2025-07-07,оплачен
1558,50,2025-11-15,оплачен
1559,33,2026-02-05,доставлен
1560,216,2025-06-13,доставлен
1561,176,2026-04-26,отгружен
1562,256,2025-02-27,оплачен
1563,17,2026-06-07,доставлен
1564,177,2025-04-29,новый
1565,385,2024-10-21,отгружен
1566,86,2023-11-03,доставлен
1567,285,2025-04-14,доставлен
1568,486,2025-09-29,доставлен
1569,57,2026-06-04,доставлен
1570,206,2026-03-30,доставлен
1571,164,2026-03-13,доставлен
1572,391,2025-06-12,доставлен
1573,254,2026-01-10,доставлен
1574,81,2026-06-07,доставлен
1575,273,2026-04-23,доставлен
1576,197,2026-03-01,доставлен
1577,15,2025-12-17,доставлен
1578,42,2024-12-09,доставлен
1579,128,2025-10-13,оплачен
1580,381,2026-04-08,доставлен
1581,436,2025-08-14,доставлен
1582,242,2024-09-17,доставлен
1583,296,2025-09-10,отгружен
1584,124,2025-08-25,доставлен
1585,126,2023-11-12,отгружен
1586,444,2025-06-10,доставлен
1587,453,2026-01-15,доставлен
1588,332,2025-07-16,доставлен
1589,150,2025-12-17,доставлен
1590,475,2026-03-10,доставлен
1591,75,2025-12-26,доставлен
1592,87,2026-05-29,отгружен
1593,108,2026-02-26,оплачен
1594,252,2025-11-13,доставлен
1595,170,2026-05-07,доставлен
1596,390,2025-12-08,оплачен
1597,186,2026-05-11,доставлен
1598,157,2026-04-16,отгружен
1599,66,2025-01-31,оплачен
1600,327,2025-04-30,оплачен
1601,187,2024-12-19,доставлен
1602,461,2026-01-25,оплачен
1603,268,2026-05-03,отгружен
1604,248,2026-05-17,доставлен
1605,176,2026-04-22,оплачен
1606,312,2025-11-02,доставлен
1607,236,2025-12-05,доставлен
1608,460,2026-02-01,оплачен
1609,205,2026-04-08,доставлен
1610,276,2026-05-23,доставлен
1611,132,2025-03-12,доставлен
1612,440,2026-01-10,оплачен
1613,137,2025-12-08,доставлен
1614,426,2024-02-26,доставлен
1615,125,2026-04-01,доставлен
1616,164,2026-03-17,доставлен
1617,227,2026-02-19,новый
1618,111,2026-02-27,доставлен
1619,221,2024-08-12,доставлен
1620,399,2026-05-30,доставлен
1621,129,2025-03-05,доставлен
1622,260,2025-12-17,отгружен
1623,136,2026-03-28,доставлен
1624,288,2026-05-02,доставлен
1625,4,2026-05-28,отгружен
1626,345,2024-02-24,отгружен
1627,100,2025-10-03,доставлен
1628,164,2026-04-21,доставлен
1629,293,2026-04-12,доставлен
1630,437,2026-05-11,оплачен
1631,335,2026-04-04,доставлен
1632,242,2024-08-25,доставлен
1633,425,2023-11-17,доставлен
1634,3,2024-08-19,доставлен
1635,413,2026-03-21,оплачен
1636,107,2025-09-05,доставлен
1637,13,2026-01-04,отгружен
1638,103,2026-02-05,доставлен
1639,39,2026-02-03,оплачен
1640,241,2025-09-06,доставлен
1641,128,2025-09-11,оплачен
1642,328,2025-04-09,отгружен
1643,242,2024-06-17,оплачен
1644,423,2025-12-12,оплачен
1645,103,2025-03-11,доставлен
1646,134,2025-12-10,доставлен
1647,379,2025-10-30,отгружен
1648,165,2025-07-13,отгружен
1649,133,2025-11-10,оплачен
1650,211,2026-04-06,отгружен
1651,192,2025-07-28,новый
1652,405,2025-10-03,доставлен
1653,35,2026-04-24,доставлен
1654,82,2026-03-12,доставлен
1655,98,2026-01-02,доставлен
1656,232,2025-10-25,доставлен
1657,295,2025-12-17,отгружен
1658,206,2026-04-05,доставлен
1659,10,2026-06-07,новый
1660,346,2024-12-15,доставлен
1661,474,2025-10-02,отгружен
1662,158,2026-03-05,оплачен
1663,400,2025-11-17,оплачен
1664,337,2026-03-06,оплачен
1665,396,2025-09-10,отгружен
1666,64,2026-03-23,доставлен
1667,107,2025-12-12,отгружен
1668,303,2026-06-03,доставлен
1669,468,2025-07-23,доставлен
1670,482,2026-05-12,отгружен
1671,108,2025-02-28,доставлен
1672,58,2026-02-18,доставлен
1673,205,2025-05-07,доставлен
1674,429,2023-08-13,новый
1675,330,2026-03-25,доставлен
1676,460,2024-08-05,отгружен
1677,290,2025-01-19,новый
1678,32,2026-05-26,доставлен
1679,151,2026-01-26,отгружен
1680,480,2024-05-19,доставлен
1681,93,2024-10-22,отгружен
1682,207,2024-01-13,доставлен
1683,15,2025-02-10,доставлен
1684,468,2025-06-14,отгружен
1685,87,2025-07-08,оплачен
1686,48,2024-12-08,отгружен
1687,238,2026-03-22,доставлен
1688,160,2026-04-10,отгружен
1689,490,2026-06-06,доставлен
1690,101,2026-01-06,оплачен
1691,338,2024-07-26,новый
1692,455,2025-10-29,доставлен
1693,374,2025-03-06,доставлен
1694,267,2025-05-05,доставлен
1695,192,2025-07-19,доставлен
1696,464,2026-04-30,доставлен
1697,74,2026-01-24,доставлен
1698,247,2026-05-16,отгружен
1699,232,2025-12-19,доставлен
1700,382,2025-08-25,оплачен
1701,131,2024-12-20,отгружен
1702,439,2026-02-26,отгружен
1703,329,2025-07-02,новый
1704,62,2025-08-16,доставлен
1705,158,2025-10-12,отгружен
1706,204,2026-03-16,доставлен
1707,102,2024-06-06,доставлен
1708,441,2026-05-22,доставлен
1709,277,2025-12-10,оплачен
1710,85,2025-07-13,доставлен
1711,483,2026-02-24,доставлен
1712,152,2026-03-27,отгружен
1713,165,2025-11-27,оплачен
1714,160,2025-05-02,оплачен
1715,387,2026-04-17,отгружен
1716,392,2026-01-19,доставлен
1717,201,2024-12-23,доставлен
1718,116,2024-10-05,доставлен
1719,64,2026-01-15,доставлен
1720,73,2026-06-06,доставлен
1721,160,2025-08-15,доставлен
1722,225,2025-07-20,оплачен
1723,233,2026-02-28,оплачен
1724,196,2026-06-02,доставлен
1725,219,2025-10-27,доставлен
1726,268,2026-05-12,оплачен
1727,254,2024-10-30,доставлен
1728,376,2026-02-04,оплачен
1729,215,2025-06-01,доставлен
1730,7,2024-12-04,оплачен
1731,341,2025-11-30,оплачен
1732,193,2025-09-11,доставлен
1733,430,2026-01-03,доставлен
1734,345,2023-10-07,доставлен
1735,21,2026-03-15,отгружен
1736,20,2026-02-22,доставлен
1737,111,2026-06-08,доставлен
1738,51,2025-12-24,оплачен
1739,184,2026-04-25,доставлен
1740,229,2026-06-09,доставлен
1741,108,2024-11-30,доставлен
1742,433,2025-11-05,отгружен
1743,276,2026-05-27,доставлен
1744,47,2026-06-09,доставлен
1745,104,2025-10-28,оплачен
1746,387,2025-09-10,оплачен
1747,98,2026-03-02,доставлен
1748,92,2026-03-01,отгружен
1749,307,2025-07-06,доставлен
1750,175,2026-06-01,доставлен
1751,418,2025-06-29,доставлен
1752,116,2025-01-20,отгружен
1753,342,2025-08-08,доставлен
1754,113,2026-05-31,оплачен
1755,75,2025-01-27,новый
1756,248,2026-06-09,доставлен
1757,96,2025-11-03,доставлен
1758,134,2025-06-11,доставлен
1759,461,2026-05-08,доставлен
1760,40,2025-05-18,доставлен
1761,127,2025-09-28,доставлен
1762,244,2026-05-03,доставлен
1763,117,2025-02-09,доставлен
1764,239,2026-05-09,оплачен
1765,34,2026-01-07,доставлен
1766,287,2026-01-25,доставлен
1767,182,2026-01-05,новый
1768,366,2025-11-27,доставлен
1769,111,2026-03-14,доставлен
1770,120,2025-08-29,доставлен
1771,162,2025-10-25,доставлен
1772,397,2026-05-15,доставлен
1773,376,2026-03-10,оплачен
1774,476,2026-01-25,отгружен
1775,485,2026-04-01,отгружен
1776,357,2025-12-31,отгружен
1777,221,2024-06-04,доставлен
1778,117,2024-07-21,отгружен
1779,269,2025-12-03,оплачен
1780,87,2025-11-20,новый
1781,410,2026-04-07,доставлен
1782,326,2025-04-29,доставлен
1783,50,2026-05-15,доставлен
1784,434,2025-01-01,доставлен
1785,16,2025-12-08,доставлен
1786,56,2025-08-09,отгружен
1787,461,2025-06-06,новый
1788,472,2025-02-25,отгружен
1789,484,2025-11-06,оплачен
1790,123,2025-05-27,доставлен
1791,31,2026-05-14,доставлен
1792,51,2024-06-28,доставлен
1793,467,2025-07-12,доставлен
1794,330,2025-07-20,оплачен
1795,484,2024-05-15,доставлен
1796,252,2026-06-03,оплачен
1797,403,2023-12-25,доставлен
1798,97,2026-05-02,доставлен
1799,89,2025-11-05,доставлен
1800,198,2024-11-06,оплачен
1801,261,2025-11-01,доставлен
1802,358,2026-05-18,новый
1803,457,2026-01-18,оплачен
1804,293,2026-03-24,доставлен
1805,106,2026-02-24,доставлен
1806,464,2026-05-29,оплачен
1807,470,2024-03-07,доставлен
1808,127,2026-06-08,доставлен
1809,349,2025-04-29,доставлен
1810,210,2025-10-10,доставлен
1811,419,2024-07-18,доставлен
1812,355,2026-05-24,отгружен
1813,115,2026-02-03,новый
1814,35,2026-05-03,оплачен
1815,367,2025-11-09,доставлен
1816,134,2024-11-24,оплачен
1817,487,2024-10-13,новый
1818,56,2025-09-30,оплачен
1819,43,2024-09-15,доставлен
1820,74,2026-01-28,отгружен
1821,394,2026-06-02,оплачен
1822,441,2026-02-21,доставлен
1823,195,2025-09-24,оплачен
1824,95,2026-04-26,доставлен
1825,36,2026-01-27,доставлен
1826,281,2025-08-17,доставлен
1827,210,2024-01-07,доставлен
1828,371,2025-03-05,доставлен
1829,120,2024-11-12,новый
1830,394,2026-05-19,доставлен
1831,11,2025-03-16,доставлен
1832,316,2025-12-15,отгружен
1833,326,2026-05-08,отгружен
1834,147,2026-02-02,доставлен
1835,132,2025-06-17,доставлен
1836,22,2026-05-01,отгружен
1837,65,2025-11-10,доставлен
1838,236,2026-02-20,доставлен
1839,167,2023-10-23,доставлен
1840,126,2025-06-16,оплачен
1841,338,2023-10-18,доставлен
1842,330,2025-05-13,отгружен
1843,232,2025-09-05,отгружен
1844,112,2024-08-10,отгружен
1845,483,2026-05-11,отгружен
1846,140,2025-05-26,доставлен
1847,295,2026-05-10,доставлен
1848,240,2025-12-12,оплачен
1849,313,2026-01-23,доставлен
1850,50,2026-06-02,доставлен
1851,170,2026-03-20,доставлен
1852,78,2026-02-17,доставлен
1853,299,2026-04-21,доставлен
1854,156,2026-05-04,оплачен
1855,213,2026-05-13,оплачен
1856,359,2024-11-13,доставлен
1857,485,2026-04-26,оплачен
1858,243,2026-03-13,отгружен
1859,353,2024-12-29,доставлен
1860,230,2025-12-30,доставлен
1861,454,2026-06-01,отгружен
1862,347,2025-04-08,отгружен
1863,101,2024-01-02,доставлен
1864,309,2026-05-17,доставлен
1865,87,2025-11-20,отгружен
1866,267,2025-07-03,доставлен
1867,27,2026-05-30,доставлен
1868,21,2025-12-12,оплачен
1869,17,2026-06-07,оплачен
1870,195,2025-09-09,оплачен
1871,139,2025-02-26,доставлен
1872,363,2025-09-14,отгружен
1873,137,2026-01-06,новый
1874,442,2026-04-07,доставлен
1875,413,2025-09-07,доставлен
1876,34,2025-12-28,оплачен
1877,7,2026-03-12,доставлен
1878,299,2026-04-17,доставлен
1879,314,2026-04-21,оплачен
1880,96,2025-12-13,новый
1881,26,2026-04-26,доставлен
1882,419,2026-02-05,оплачен
1883,347,2025-04-06,доставлен
1884,499,2026-04-15,оплачен
1885,499,2026-02-11,оплачен
1886,97,2026-05-19,оплачен
1887,429,2024-08-16,доставлен
1888,219,2026-04-01,оплачен
1889,456,2026-03-25,доставлен
1890,34,2026-03-25,новый
1891,387,2024-10-09,доставлен
1892,229,2026-05-28,новый
1893,358,2025-06-01,доставлен
1894,430,2024-12-14,отгружен
1895,154,2025-06-05,доставлен
1896,88,2023-12-16,новый
1897,473,2025-10-28,доставлен
1898,73,2026-06-07,доставлен
1899,196,2026-06-03,доставлен
1900,406,2024-07-31,доставлен
1901,9,2026-05-29,отгружен
1902,12,2025-12-31,отгружен
1903,143,2025-12-29,оплачен
1904,486,2024-07-14,доставлен
1905,35,2026-05-05,доставлен
1906,266,2025-06-10,доставлен
1907,174,2024-09-05,доставлен
1908,67,2025-12-06,доставлен
1909,190,2026-06-08,доставлен
1910,127,2026-03-17,оплачен
1911,469,2026-02-24,доставлен
1912,407,2025-08-23,отгружен
1913,401,2026-05-20,доставлен
1914,251,2025-04-26,доставлен
1915,320,2026-06-02,отгружен
1916,35,2026-06-06,отгружен
1917,74,2025-12-09,отгружен
1918,2,2025-07-13,отгружен
1919,161,2025-09-03,доставлен
1920,491,2025-04-30,доставлен
1921,454,2026-06-05,оплачен
1922,359,2026-01-05,доставлен
1923,74,2026-02-07,оплачен
1924,41,2025-01-11,отгружен
1925,285,2024-04-24,оплачен
1926,142,2025-04-18,оплачен
1927,166,2025-12-24,доставлен
1928,283,2024-12-29,отгружен
1929,193,2026-01-30,доставлен
1930,168,2023-10-08,доставлен
1931,388,2026-05-26,доставлен
1932,33,2024-05-31,доставлен
1933,84,2024-09-01,доставлен
1934,498,2026-05-19,отгружен
1935,253,2026-04-30,отгружен
1936,405,2025-08-03,отгружен
1937,417,2024-10-28,оплачен
1938,117,2024-05-29,оплачен
1939,432,2025-07-22,доставлен
1940,489,2024-08-17,доставлен
1941,203,2024-08-21,новый
1942,357,2025-06-26,отгружен
1943,19,2024-02-01,оплачен
1944,298,2026-06-02,доставлен
1945,78,2026-05-27,доставлен
1946,262,2026-04-06,отгружен
1947,460,2024-05-01,оплачен
1948,15,2025-08-11,отгружен
1949,58,2026-02-27,новый
1950,377,2026-03-10,доставлен
1951,238,2026-05-25,новый
1952,262,2025-11-25,новый
1953,441,2026-02-01,отгружен
1954,235,2024-08-16,доставлен
1955,288,2026-05-12,доставлен
1956,316,2026-05-03,оплачен
1957,26,2023-12-16,доставлен
1958,291,2025-11-01,доставлен
1959,331,2026-06-05,оплачен
1960,214,2025-06-13,доставлен
1961,155,2025-03-17,оплачен
1962,471,2025-07-09,доставлен
1963,58,2026-05-06,новый
1964,356,2025-10-07,доставлен
1965,246,2024-12-10,новый
1966,194,2026-05-26,новый
1967,499,2024-07-07,новый
1968,369,2026-04-26,отгружен
1969,230,2026-02-02,доставлен
1970,251,2024-06-06,доставлен
1971,46,2024-09-06,доставлен
1972,338,2025-02-11,доставлен
1973,328,2025-05-07,отгружен
1974,240,2025-11-14,доставлен
1975,346,2026-05-16,доставлен
1976,454,2026-05-01,оплачен
1977,456,2026-03-25,новый
1978,175,2026-05-24,доставлен
1979,423,2026-05-26,доставлен
1980,257,2025-04-07,доставлен
1981,341,2025-04-23,доставлен
1982,60,2025-05-31,отгружен
1983,420,2026-05-08,отгружен
1984,116,2024-08-28,доставлен
1985,1,2024-05-18,доставлен
1986,487,2026-02-26,отгружен
1987,327,2025-08-15,новый
1988,96,2025-12-27,доставлен
1989,217,2025-01-20,доставлен
1990,176,2026-02-15,отгружен
1991,302,2024-07-27,доставлен
1992,17,2026-06-07,отгружен
1993,386,2025-08-12,доставлен
1994,318,2026-05-25,доставлен
1995,389,2024-06-17,доставлен
1996,371,2024-07-08,доставлен
1997,173,2025-05-10,оплачен
1998,111,2025-11-23,доставлен
1999,304,2025-05-11,доставлен
2000,258,2025-04-09,оплачен
2001,411,2026-01-19,доставлен
2002,358,2025-08-22,доставлен
2003,438,2026-03-26,оплачен
2004,57,2026-06-04,доставлен
2005,199,2026-05-21,доставлен
2006,94,2025-10-11,оплачен
2007,414,2026-04-07,доставлен
2008,289,2026-04-24,новый
2009,363,2025-06-28,доставлен
2010,243,2026-04-23,новый
2011,45,2026-01-11,оплачен
2012,62,2025-10-03,новый
2013,101,2025-06-26,отгружен
2014,95,2024-05-24,доставлен
2015,104,2025-11-22,оплачен
2016,6,2024-08-21,отгружен
2017,137,2026-01-14,доставлен
2018,164,2026-05-12,доставлен
2019,246,2025-05-16,оплачен
2020,322,2025-08-05,доставлен
2021,245,2024-10-11,доставлен
2022,186,2025-07-03,доставлен
2023,400,2026-01-08,отгружен
2024,201,2025-01-03,отгружен
2025,487,2026-01-10,доставлен
2026,307,2026-01-29,доставлен
2027,214,2026-06-07,новый
2028,396,2026-02-06,доставлен
2029,414,2025-10-12,доставлен
2030,471,2025-05-05,отгружен
2031,287,2025-09-07,доставлен
2032,241,2025-06-27,отгружен
2033,316,2026-04-26,доставлен
2034,448,2025-12-24,оплачен
2035,290,2025-06-06,оплачен
2036,143,2025-04-06,оплачен
2037,411,2026-02-21,доставлен
2038,186,2025-09-05,доставлен
2039,267,2026-01-09,оплачен
2040,106,2026-06-05,доставлен
2041,192,2026-04-28,оплачен
2042,276,2026-05-23,отгружен
2043,64,2025-06-17,доставлен
2044,233,2026-01-01,доставлен
2045,216,2025-04-27,оплачен
2046,251,2025-05-17,доставлен
2047,93,2025-12-12,оплачен
2048,56,2024-12-30,доставлен
2049,474,2026-01-20,доставлен
2050,31,2026-05-24,новый
2051,221,2026-03-14,оплачен
2052,385,2025-08-14,оплачен
2053,284,2026-03-01,доставлен
2054,278,2024-10-29,доставлен
2055,64,2024-09-30,новый
2056,470,2024-10-22,оплачен
2057,158,2025-02-17,отгружен
2058,434,2026-02-20,новый
2059,436,2025-09-18,доставлен
2060,452,2025-12-06,доставлен
2061,11,2025-01-16,отгружен
2062,191,2023-12-16,оплачен
2063,350,2026-03-25,отгружен
2064,208,2025-10-14,оплачен
2065,450,2025-07-13,отгружен
2066,125,2024-09-28,доставлен
2067,200,2025-08-21,доставлен
2068,229,2026-05-28,доставлен
2069,118,2023-07-11,оплачен
2070,331,2026-01-13,доставлен
2071,187,2026-04-03,новый
2072,48,2023-09-18,доставлен
2073,232,2026-05-31,оплачен
2074,446,2026-04-26,доставлен
2075,267,2025-09-07,новый
2076,148,2025-11-19,доставлен
2077,365,2026-01-07,новый
2078,64,2026-03-12,доставлен
2079,274,2025-11-15,доставлен
2080,438,2026-04-09,оплачен
2081,257,2024-06-18,доставлен
2082,25,2026-04-29,отгружен
2083,237,2025-11-17,оплачен
2084,128,2026-02-14,оплачен
2085,1,2025-03-08,оплачен
2086,278,2025-11-19,доставлен
2087,296,2024-12-11,доставлен
2088,86,2023-12-27,доставлен
2089,308,2026-03-24,доставлен
2090,154,2024-09-30,отгружен
2091,223,2026-03-21,доставлен
2092,72,2026-04-28,доставлен
2093,463,2026-04-18,отгружен
2094,452,2026-01-25,оплачен
2095,126,2025-07-19,доставлен
2096,239,2025-07-27,доставлен
2097,421,2026-06-03,доставлен
2098,181,2026-04-16,отгружен
2099,75,2025-02-01,доставлен
2100,323,2024-09-18,доставлен
2101,409,2024-01-04,доставлен
2102,411,2026-05-23,доставлен
2103,222,2025-06-08,доставлен
2104,374,2025-11-06,доставлен
2105,339,2025-12-24,доставлен
2106,391,2025-08-25,доставлен
2107,202,2026-03-20,оплачен
2108,100,2024-10-11,отгружен
2109,219,2025-10-17,доставлен
2110,1,2026-03-17,доставлен
2111,373,2025-09-11,отгружен
2112,474,2026-01-19,доставлен
2113,416,2025-10-08,доставлен
2114,296,2025-09-28,доставлен
2115,270,2025-10-02,оплачен
2116,143,2025-05-04,доставлен
2117,248,2026-05-20,оплачен
2118,488,2023-09-09,доставлен
2119,433,2026-02-09,доставлен
2120,278,2024-10-19,доставлен
2121,154,2026-04-21,новый
2122,34,2025-11-21,доставлен
2123,243,2026-04-10,доставлен
2124,250,2026-02-22,доставлен
2125,208,2024-10-05,отгружен
2126,412,2025-11-12,оплачен
2127,193,2025-06-15,доставлен
2128,5,2026-03-11,оплачен
2129,78,2026-02-17,доставлен
2130,69,2026-04-21,оплачен
2131,293,2025-04-26,новый
2132,52,2025-03-23,новый
2133,405,2025-12-16,оплачен
2134,150,2025-04-17,доставлен
2135,34,2026-04-30,отгружен
2136,255,2026-03-19,доставлен
2137,84,2025-01-06,доставлен
2138,362,2025-12-02,доставлен
2139,168,2025-02-21,оплачен
2140,31,2026-02-18,доставлен
2141,65,2025-02-22,оплачен
2142,353,2025-07-04,отгружен
2143,210,2026-02-01,оплачен
2144,301,2026-02-27,отгружен
2145,187,2024-11-21,оплачен
2146,17,2026-06-08,доставлен
2147,495,2026-06-08,отгружен
2148,382,2026-03-20,доставлен
2149,95,2025-07-05,новый
2150,250,2026-04-03,доставлен
2151,263,2026-05-22,доставлен
2152,395,2024-03-11,новый
2153,173,2025-12-22,новый
2154,109,2026-01-01,оплачен
2155,141,2025-02-23,доставлен
2156,395,2024-08-17,доставлен
2157,276,2026-05-23,доставлен
2158,302,2024-02-16,доставлен
2159,469,2024-01-16,доставлен
2160,231,2025-01-24,оплачен
2161,131,2025-03-26,отгружен
2162,114,2025-12-17,доставлен
2163,491,2025-04-01,новый
2164,257,2024-11-27,доставлен
2165,340,2026-04-09,новый
2166,438,2026-04-05,оплачен
2167,103,2026-01-02,новый
2168,11,2025-07-27,новый
2169,132,2024-03-04,отгружен
2170,159,2025-05-17,доставлен
2171,448,2025-11-06,оплачен
2172,392,2023-09-11,отгружен
2173,239,2024-09-09,доставлен
2174,404,2024-04-03,новый
2175,280,2026-04-11,доставлен
2176,33,2024-04-17,оплачен
2177,100,2025-05-23,отгружен
2178,54,2025-04-03,доставлен
2179,318,2026-06-08,доставлен
2180,117,2025-06-02,доставлен
2181,329,2024-11-12,отгружен
2182,9,2026-06-05,доставлен
2183,442,2025-09-12,отгружен
2184,267,2025-07-10,доставлен
2185,254,2025-10-04,доставлен
2186,416,2025-11-29,новый
2187,20,2026-02-21,доставлен
2188,494,2026-01-20,доставлен
2189,175,2026-05-05,доставлен
2190,379,2025-02-09,оплачен
2191,95,2026-01-22,доставлен
2192,59,2025-11-23,новый
2193,455,2026-03-24,оплачен
2194,26,2024-02-26,оплачен
2195,479,2026-01-04,доставлен
2196,153,2025-11-12,оплачен
2197,48,2026-02-15,доставлен
2198,36,2025-08-05,новый
2199,415,2025-12-18,отгружен
2200,459,2026-05-12,доставлен
2201,333,2026-01-19,доставлен
2202,112,2025-04-29,доставлен
2203,261,2026-06-04,оплачен
2204,407,2026-03-04,доставлен
2205,314,2026-02-26,доставлен
2206,177,2024-06-16,оплачен
2207,316,2025-12-14,доставлен
2208,332,2026-04-26,доставлен
2209,303,2026-04-16,оплачен
2210,95,2023-12-05,доставлен
2211,365,2025-10-16,новый
2212,69,2026-02-13,доставлен
2213,2,2025-06-01,доставлен
2214,55,2025-01-13,отгружен
2215,445,2026-04-03,отгружен
2216,340,2026-04-08,оплачен
2217,446,2026-03-08,доставлен
2218,130,2026-04-30,новый
2219,235,2024-07-26,доставлен
2220,73,2026-05-01,оплачен
2221,243,2025-10-18,доставлен
2222,330,2025-10-15,оплачен
2223,430,2025-11-23,отгружен
2224,464,2026-04-21,оплачен
2225,486,2024-12-30,доставлен
2226,190,2026-06-09,доставлен
2227,410,2026-02-14,отгружен
2228,461,2025-05-05,оплачен
2229,410,2026-03-06,доставлен
2230,168,2026-03-08,доставлен
2231,247,2026-05-19,оплачен
2232,392,2025-10-03,отгружен
2233,206,2026-05-10,доставлен
2234,320,2025-09-12,оплачен
2235,183,2025-07-02,отгружен
2236,117,2025-09-26,отгружен
2237,459,2026-01-01,оплачен
2238,274,2026-04-06,доставлен
2239,226,2025-06-02,доставлен
2240,190,2026-06-08,новый
2241,210,2024-11-30,оплачен
2242,458,2025-10-02,оплачен
2243,413,2025-11-06,оплачен
2244,244,2026-05-17,доставлен
2245,4,2026-06-07,доставлен
2246,52,2025-07-05,новый
2247,219,2026-02-01,доставлен
2248,379,2025-03-12,новый
2249,89,2025-02-12,доставлен
2250,92,2025-08-04,оплачен
2251,236,2026-05-02,новый
2252,372,2025-03-12,доставлен
2253,428,2025-03-07,доставлен
2254,243,2026-05-25,отгружен
2255,90,2026-05-27,доставлен
2256,79,2024-01-17,отгружен
2257,366,2025-04-01,доставлен
2258,169,2025-11-04,доставлен
2259,339,2026-06-03,доставлен
2260,134,2024-11-19,доставлен
2261,152,2025-04-04,отгружен
2262,408,2026-02-21,доставлен
2263,246,2024-03-31,отгружен
2264,266,2025-08-09,оплачен
2265,279,2024-04-14,доставлен
2266,174,2025-03-12,доставлен
2267,282,2023-10-24,оплачен
2268,436,2026-05-01,доставлен
2269,358,2026-05-07,доставлен
2270,370,2026-04-23,доставлен
2271,236,2026-04-04,оплачен
2272,16,2025-05-07,новый
2273,354,2025-08-19,новый
2274,300,2026-05-23,новый
2275,402,2025-09-15,доставлен
2276,496,2025-03-19,доставлен
2277,59,2025-08-23,доставлен
2278,82,2026-04-19,новый
2279,252,2025-12-15,доставлен
2280,319,2025-07-08,доставлен
2281,240,2025-09-08,новый
2282,194,2026-06-05,отгружен
2283,272,2025-08-17,оплачен
2284,409,2025-12-16,оплачен
2285,339,2026-02-17,новый
2286,374,2024-11-25,новый
2287,107,2026-01-12,оплачен
2288,182,2025-03-18,доставлен
2289,488,2025-03-03,доставлен
2290,476,2025-09-19,оплачен
2291,469,2023-08-30,доставлен
2292,133,2025-09-29,доставлен
2293,451,2025-04-14,доставлен
2294,332,2026-03-30,новый
2295,34,2026-05-03,оплачен
2296,268,2026-03-21,доставлен
2297,82,2026-04-06,новый
2298,433,2026-01-03,доставлен
2299,43,2025-11-21,отгружен
2300,485,2025-07-06,доставлен
2301,444,2025-12-06,доставлен
2302,370,2026-03-20,доставлен
2303,492,2026-05-23,доставлен
2304,158,2026-05-05,отгружен
2305,295,2025-12-26,доставлен
2306,375,2026-04-22,оплачен
2307,266,2025-07-19,оплачен
2308,426,2023-12-17,доставлен
2309,328,2024-02-01,новый
2310,100,2025-04-30,доставлен
2311,63,2024-02-15,отгружен
2312,47,2026-05-27,новый
2313,279,2023-12-24,новый
2314,253,2024-01-08,оплачен
2315,438,2026-03-21,новый
2316,390,2026-05-19,доставлен
2317,492,2026-02-10,доставлен
2318,6,2024-12-01,доставлен
2319,301,2024-12-30,оплачен
2320,269,2026-01-29,доставлен
2321,242,2024-08-12,доставлен
2322,492,2026-02-13,доставлен
2323,110,2025-09-03,отгружен
2324,160,2026-03-05,доставлен
2325,277,2025-10-01,оплачен
2326,176,2026-03-09,доставлен
2327,418,2024-04-26,доставлен
2328,232,2025-11-19,оплачен
2329,357,2025-11-09,доставлен
2330,482,2026-05-21,доставлен
2331,480,2024-11-25,отгружен
2332,356,2025-10-11,новый
2333,484,2024-11-08,оплачен
2334,453,2026-02-08,доставлен
2335,38,2026-02-03,отгружен
2336,131,2025-02-27,доставлен
2337,94,2026-02-08,отгружен
2338,218,2026-04-27,доставлен
2339,426,2024-09-20,оплачен
2340,459,2025-11-04,доставлен
2341,153,2025-07-22,оплачен
2342,24,2026-06-01,оплачен
2343,53,2025-08-19,доставлен
2344,260,2026-05-23,отгружен
2345,294,2026-06-04,оплачен
2346,299,2026-04-28,доставлен
2347,483,2025-01-14,доставлен
2348,152,2025-09-10,доставлен
2349,347,2023-11-22,доставлен
2350,275,2024-10-10,доставлен
2351,76,2025-02-25,отгружен
2352,455,2025-12-24,отгружен
2353,456,2026-06-05,оплачен
2354,151,2026-03-21,доставлен
2355,492,2025-12-24,доставлен
2356,80,2025-09-05,отгружен
2357,498,2026-05-22,доставлен
2358,288,2026-05-06,доставлен
2359,344,2026-03-09,доставлен
2360,460,2023-07-15,доставлен
2361,424,2024-07-18,новый
2362,73,2026-05-06,доставлен
2363,412,2025-03-04,доставлен
2364,279,2024-03-20,доставлен
2365,294,2026-05-28,отгружен
2366,288,2026-05-22,отгружен
2367,393,2025-11-19,оплачен
2368,432,2025-12-18,оплачен
2369,124,2025-11-06,доставлен
2370,461,2024-08-14,новый
2371,245,2025-08-07,доставлен
2372,223,2024-09-07,доставлен
2373,104,2026-02-16,новый
2374,25,2026-04-02,доставлен
2375,42,2024-06-29,оплачен
2376,233,2025-11-04,отгружен
2377,101,2026-03-13,доставлен
2378,189,2025-12-22,оплачен
2379,226,2025-09-05,отгружен
2380,366,2026-01-19,доставлен
2381,306,2026-05-26,оплачен
2382,382,2025-08-26,доставлен
2383,83,2024-03-21,доставлен
2384,480,2024-06-04,доставлен
2385,104,2025-09-24,отгружен
2386,184,2024-11-22,доставлен
2387,56,2025-03-06,отгружен
2388,41,2025-11-06,доставлен
2389,385,2026-03-17,отгружен
2390,294,2026-06-05,доставлен
2391,457,2026-04-14,доставлен
2392,26,2024-09-22,доставлен
2393,25,2026-05-26,оплачен
2394,142,2025-09-29,оплачен
2395,350,2026-03-29,оплачен
2396,56,2025-04-19,доставлен
2397,469,2025-05-27,оплачен
2398,48,2023-09-23,доставлен
2399,100,2025-10-08,оплачен
2400,425,2024-10-16,отгружен
2401,444,2026-03-06,доставлен
2402,279,2024-11-28,доставлен
2403,385,2026-04-28,отгружен
2404,279,2026-04-25,доставлен
2405,245,2026-05-20,доставлен
2406,266,2026-06-03,доставлен
2407,187,2026-01-21,доставлен
2408,93,2026-04-07,оплачен
2409,348,2025-12-20,доставлен
2410,480,2025-03-05,оплачен
2411,376,2026-02-20,новый
2412,72,2026-04-23,отгружен
2413,286,2026-04-11,доставлен
2414,312,2025-12-29,доставлен
2415,457,2026-02-10,доставлен
2416,118,2026-04-16,доставлен
2417,355,2026-05-22,оплачен
2418,313,2025-01-29,доставлен
2419,232,2026-03-07,доставлен
2420,336,2026-05-17,отгружен
2421,230,2025-03-16,отгружен
2422,96,2026-04-14,новый
2423,33,2025-07-03,доставлен
2424,253,2024-09-02,отгружен
2425,469,2023-10-31,отгружен
2426,265,2025-03-26,доставлен
2427,163,2026-04-23,доставлен
2428,350,2026-05-06,доставлен
2429,138,2024-08-26,доставлен
2430,373,2025-11-30,доставлен
2431,64,2026-05-15,оплачен
2432,129,2025-08-28,оплачен
2433,72,2026-06-03,отгружен
2434,350,2026-06-08,доставлен
2435,444,2025-10-15,доставлен
2436,175,2026-04-20,отгружен
2437,469,2024-07-31,отгружен
2438,468,2025-03-18,доставлен
2439,485,2025-11-03,доставлен
2440,53,2025-05-24,оплачен
2441,188,2026-03-07,новый
2442,167,2025-07-26,новый
2443,423,2025-11-26,оплачен
2444,320,2025-09-09,оплачен
2445,475,2024-10-09,доставлен
2446,427,2025-04-26,доставлен
2447,430,2026-02-18,отгружен
2448,56,2025-12-17,отгружен
2449,188,2026-06-03,доставлен
2450,373,2026-01-23,доставлен
2451,436,2025-07-31,отгружен
2452,488,2025-06-10,доставлен
2453,487,2025-11-20,доставлен
2454,91,2025-10-09,отгружен
2455,269,2025-07-24,отгружен
2456,388,2025-05-27,отгружен
2457,433,2025-10-25,доставлен
2458,456,2026-04-27,оплачен
2459,30,2025-07-13,доставлен
2460,144,2025-10-25,оплачен
2461,173,2025-07-01,доставлен
2462,376,2026-02-23,доставлен
2463,92,2025-08-14,доставлен
2464,416,2026-02-01,доставлен
2465,80,2026-04-05,доставлен
2466,38,2026-02-24,доставлен
2467,410,2026-02-25,отгружен
2468,247,2025-11-22,новый
2469,285,2026-03-01,доставлен
2470,269,2025-07-23,доставлен
2471,256,2024-02-06,доставлен
2472,461,2026-04-27,доставлен
2473,77,2025-05-04,доставлен
2474,379,2024-10-30,доставлен
2475,413,2025-12-03,доставлен
2476,69,2025-01-07,оплачен
2477,74,2025-12-07,доставлен
2478,31,2026-01-03,отгружен
2479,126,2026-03-21,отгружен
2480,177,2024-08-04,новый
2481,266,2024-09-27,доставлен
2482,246,2026-04-03,отгружен
2483,288,2026-04-24,доставлен
2484,167,2023-10-24,оплачен
2485,380,2025-12-23,отгружен
2486,282,2025-03-10,доставлен
2487,90,2026-05-29,новый
2488,112,2023-12-16,доставлен
2489,94,2024-09-16,оплачен
2490,380,2025-03-20,отгружен
2491,219,2025-10-22,доставлен
2492,121,2026-02-10,доставлен
2493,167,2024-12-30,доставлен
2494,105,2026-04-27,отгружен
2495,238,2025-10-09,доставлен
2496,483,2026-02-02,новый
2497,313,2026-05-11,доставлен
2498,310,2026-05-07,доставлен
2499,36,2024-11-27,оплачен
2500,389,2024-03-27,доставлен
2501,459,2026-02-16,доставлен
2502,485,2025-06-09,доставлен
2503,416,2026-03-15,доставлен
2504,442,2025-10-02,новый
2505,136,2026-04-17,доставлен
2506,266,2025-11-14,доставлен
2507,370,2026-02-10,доставлен
2508,327,2025-02-24,доставлен
2509,143,2025-04-20,доставлен
2510,42,2024-06-18,доставлен
2511,428,2025-11-20,доставлен
2512,330,2026-01-31,доставлен
2513,179,2025-01-06,доставлен
2514,142,2026-06-09,доставлен
2515,467,2026-02-26,новый
2516,304,2025-11-12,отгружен
2517,325,2025-07-15,оплачен
2518,61,2025-04-17,доставлен
2519,28,2026-03-15,оплачен
2520,196,2026-06-05,отгружен
2521,62,2024-11-10,доставлен
2522,176,2026-01-04,доставлен
2523,383,2024-09-11,доставлен
2524,221,2026-05-04,отгружен
2525,92,2025-12-05,отгружен
2526,392,2026-05-26,доставлен
2527,12,2026-05-11,доставлен
2528,441,2025-12-28,новый
2529,193,2026-04-09,оплачен
2530,195,2026-06-08,доставлен
2531,336,2026-05-20,новый
2532,399,2025-08-15,доставлен
2533,497,2024-12-31,отгружен
2534,479,2025-08-07,отгружен
2535,109,2026-05-03,доставлен
2536,399,2026-05-18,оплачен
2537,217,2025-01-06,оплачен
2538,143,2025-06-23,новый
2539,494,2026-02-24,новый
2540,67,2024-07-14,оплачен
2541,176,2025-12-24,отгружен
2542,4,2026-05-28,оплачен
2543,64,2025-08-30,новый
2544,469,2024-03-25,доставлен
2545,34,2026-04-15,отгружен
2546,218,2025-12-24,доставлен
2547,237,2025-09-05,отгружен
2548,394,2026-05-01,оплачен
2549,413,2025-12-31,доставлен
2550,205,2025-11-02,оплачен
2551,7,2026-02-28,доставлен
2552,16,2025-06-13,доставлен
2553,32,2026-02-13,отгружен
2554,232,2026-05-19,оплачен
2555,171,2026-01-03,новый
2556,185,2026-06-09,доставлен
2557,361,2025-12-12,оплачен
2558,179,2025-06-19,доставлен
2559,220,2025-09-17,доставлен
2560,171,2025-06-26,оплачен
2561,207,2025-07-12,оплачен
2562,224,2025-05-19,доставлен
2563,269,2025-12-05,оплачен
2564,10,2023-10-29,новый
2565,321,2026-04-18,доставлен
2566,302,2024-03-12,отгружен
2567,384,2026-02-22,доставлен
2568,421,2026-03-19,доставлен
2569,139,2024-03-06,доставлен
2570,402,2026-02-22,оплачен
2571,20,2026-02-25,доставлен
2572,421,2026-04-26,отгружен
2573,332,2025-04-30,новый
2574,196,2026-06-04,доставлен
2575,77,2026-04-07,оплачен
2576,246,2025-10-06,доставлен
2577,391,2025-05-02,отгружен
2578,496,2026-05-10,доставлен
2579,313,2025-06-22,отгружен
2580,85,2026-06-06,доставлен
2581,27,2026-05-06,доставлен
2582,29,2024-12-20,доставлен
2583,322,2024-11-14,оплачен
2584,351,2025-09-15,доставлен
2585,230,2024-12-14,доставлен
2586,258,2025-10-26,доставлен
2587,476,2026-04-30,отгружен
2588,83,2023-08-16,доставлен
2589,263,2026-04-17,доставлен
2590,192,2026-04-23,отгружен
2591,416,2026-03-27,новый
2592,342,2025-12-18,новый
2593,305,2026-05-03,отгружен
2594,457,2026-01-09,отгружен
2595,287,2025-03-09,доставлен
2596,297,2025-01-15,доставлен
2597,26,2024-10-12,оплачен
2598,464,2026-02-26,доставлен
2599,23,2024-11-11,отгружен
2600,346,2024-06-18,доставлен
2601,194,2026-05-26,отгружен
2602,329,2026-02-14,отгружен
2603,475,2025-05-22,отгружен
2604,280,2026-04-16,оплачен
2605,14,2023-12-11,оплачен
2606,79,2024-02-16,доставлен
2607,478,2026-05-26,отгружен
2608,278,2026-01-03,доставлен
2609,492,2026-05-16,доставлен
2610,273,2025-06-11,доставлен
2611,71,2026-03-28,доставлен
2612,309,2026-02-10,доставлен
2613,154,2024-03-06,новый
2614,339,2026-04-03,доставлен
2615,209,2026-05-25,оплачен
2616,458,2025-04-08,новый
2617,471,2025-02-19,оплачен
2618,12,2026-05-26,доставлен
2619,75,2026-02-07,оплачен
2620,447,2026-05-10,оплачен
2621,214,2026-05-14,отгружен
2622,248,2026-04-30,доставлен
2623,305,2026-03-02,доставлен
2624,490,2026-06-03,доставлен
2625,427,2025-03-31,доставлен
2626,139,2025-11-12,отгружен
2627,471,2025-01-14,отгружен
2628,340,2026-04-12,доставлен
2629,317,2026-02-02,доставлен
2630,353,2024-03-05,доставлен
2631,134,2024-12-24,доставлен
2632,307,2025-06-01,доставлен
2633,185,2026-06-09,оплачен
2634,243,2025-11-19,новый
2635,386,2025-11-05,доставлен
2636,332,2025-02-13,оплачен
2637,29,2024-07-26,отгружен
2638,336,2026-05-28,доставлен
2639,129,2024-05-18,оплачен
2640,350,2026-05-24,доставлен
2641,223,2025-10-13,отгружен
2642,83,2025-06-26,новый
2643,251,2025-12-16,доставлен
2644,401,2026-05-13,доставлен
2645,413,2026-06-04,доставлен
2646,410,2026-02-17,отгружен
2647,395,2024-12-13,отгружен
2648,172,2025-09-09,доставлен
2649,478,2026-04-06,доставлен
2650,90,2026-04-12,оплачен
2651,220,2025-04-20,доставлен
2652,69,2026-02-04,доставлен
2653,91,2025-05-27,оплачен
2654,409,2026-05-27,доставлен
2655,56,2025-08-14,отгружен
2656,287,2026-05-29,оплачен
2657,477,2026-04-10,доставлен
2658,327,2024-10-17,доставлен
2659,471,2026-01-09,оплачен
2660,377,2026-01-02,доставлен
2661,302,2024-03-04,доставлен
2662,87,2025-08-17,отгружен
2663,159,2025-07-26,оплачен
2664,167,2024-10-24,доставлен
2665,17,2026-06-07,доставлен
2666,334,2025-12-21,отгружен
2667,72,2026-05-10,доставлен
2668,147,2026-04-25,доставлен
2669,482,2026-05-15,доставлен
2670,341,2025-09-01,оплачен
2671,16,2025-05-25,оплачен
2672,182,2026-01-19,доставлен
2673,402,2024-09-30,отгружен
2674,169,2026-02-11,доставлен
2675,406,2025-07-27,доставлен
2676,320,2025-10-24,доставлен
2677,19,2024-12-04,доставлен
2678,367,2025-11-25,доставлен
2679,432,2025-10-10,отгружен
2680,135,2026-02-17,отгружен
2681,244,2026-04-14,доставлен
2682,55,2026-02-18,новый
2683,165,2025-12-18,оплачен
2684,263,2026-04-10,доставлен
2685,218,2025-05-14,доставлен
2686,32,2025-02-08,отгружен
2687,141,2025-09-09,доставлен
2688,415,2025-07-13,новый
2689,364,2026-05-20,оплачен
2690,426,2025-11-23,доставлен
2691,267,2026-01-21,оплачен
2692,338,2023-09-15,доставлен
2693,484,2025-04-11,доставлен
2694,444,2024-09-27,доставлен
2695,474,2026-02-05,оплачен
2696,8,2026-05-20,оплачен
2697,33,2025-11-12,доставлен
2698,466,2025-04-27,новый
2699,367,2025-09-30,отгружен
2700,97,2024-04-21,отгружен
2701,460,2025-06-08,доставлен
2702,387,2025-11-09,новый
2703,71,2026-04-11,оплачен
2704,405,2025-06-20,новый
2705,235,2024-12-25,доставлен
2706,484,2025-07-05,отгружен
2707,11,2026-02-16,доставлен
2708,200,2026-01-14,отгружен
2709,202,2026-02-07,доставлен
2710,47,2026-05-30,доставлен
2711,166,2026-06-01,оплачен
2712,396,2026-05-18,доставлен
2713,189,2026-03-10,доставлен
2714,151,2026-04-01,доставлен
2715,208,2024-06-21,оплачен
2716,277,2024-10-29,отгружен
2717,242,2024-10-30,доставлен
2718,187,2025-07-16,новый
2719,233,2026-06-04,доставлен
2720,65,2025-09-12,новый
2721,392,2025-06-19,доставлен
2722,287,2025-04-21,доставлен
2723,41,2025-02-08,доставлен
2724,189,2026-01-01,доставлен
2725,498,2026-05-06,доставлен
2726,344,2026-01-17,доставлен
2727,50,2026-04-18,доставлен
2728,48,2025-04-08,доставлен
2729,91,2026-04-20,оплачен
2730,39,2025-01-07,отгружен
2731,188,2026-02-25,оплачен
2732,178,2026-02-09,доставлен
2733,223,2026-06-08,доставлен
2734,73,2026-06-01,оплачен
2735,481,2025-02-17,доставлен
2736,474,2025-07-20,доставлен
2737,88,2025-04-15,оплачен
2738,91,2025-10-10,доставлен
2739,30,2026-01-28,новый
2740,83,2023-11-19,доставлен
2741,38,2024-10-31,отгружен
2742,34,2025-12-01,новый
2743,47,2026-06-08,оплачен
2744,454,2026-05-08,доставлен
2745,383,2024-10-26,доставлен
2746,421,2026-01-15,доставлен
2747,37,2026-04-30,доставлен
2748,132,2024-08-09,доставлен
2749,288,2026-05-13,доставлен
2750,409,2025-10-28,доставлен
2751,443,2025-09-23,доставлен
2752,393,2026-04-27,оплачен
2753,243,2026-01-10,оплачен
2754,397,2026-05-03,новый
2755,181,2026-03-05,доставлен
2756,36,2024-12-12,отгружен
2757,185,2026-06-09,отгружен
2758,447,2026-05-21,доставлен
2759,223,2025-06-02,новый
2760,368,2026-05-08,доставлен
2761,496,2025-03-02,оплачен
2762,469,2026-01-20,оплачен
2763,229,2026-06-01,доставлен
2764,172,2025-01-26,отгружен
2765,94,2024-09-07,доставлен
2766,480,2024-05-03,отгружен
2767,359,2025-04-17,отгружен
2768,456,2026-05-23,оплачен
2769,308,2026-01-11,доставлен
2770,361,2026-02-04,доставлен
2771,87,2026-02-07,доставлен
2772,419,2023-10-08,доставлен
2773,350,2026-06-02,оплачен
2774,70,2026-05-01,оплачен
2775,6,2025-04-08,оплачен
2776,164,2026-03-17,оплачен
2777,465,2026-03-20,доставлен
2778,456,2026-04-15,доставлен
2779,490,2026-05-30,доставлен
2780,98,2026-02-07,доставлен
2781,381,2026-02-07,доставлен
2782,385,2024-12-20,доставлен
2783,491,2025-02-13,доставлен
2784,7,2025-03-22,оплачен
2785,450,2025-10-14,оплачен
2786,498,2026-05-14,доставлен
2787,321,2025-10-19,доставлен
2788,173,2025-10-15,доставлен
2789,178,2024-11-29,доставлен
2790,291,2025-10-29,отгружен
2791,18,2024-12-28,новый
2792,204,2026-02-05,доставлен
2793,199,2026-03-13,доставлен
2794,246,2024-12-29,доставлен
2795,100,2024-08-20,доставлен
2796,494,2026-04-19,доставлен
2797,389,2023-12-22,доставлен
2798,112,2024-05-13,оплачен
2799,195,2024-11-03,отгружен
2800,147,2025-11-04,оплачен
2801,96,2025-12-22,доставлен
2802,158,2023-10-13,отгружен
2803,404,2025-07-31,новый
2804,430,2025-10-07,доставлен
2805,468,2026-02-22,отгружен
2806,454,2026-05-27,доставлен
2807,113,2026-05-27,доставлен
2808,491,2025-09-26,доставлен
2809,231,2025-03-27,отгружен
2810,378,2026-04-05,доставлен
2811,489,2026-03-31,доставлен
2812,453,2026-04-19,доставлен
2813,131,2025-08-08,отгружен
2814,1,2025-02-02,доставлен
2815,432,2025-05-25,оплачен
2816,221,2026-05-15,доставлен
2817,372,2025-11-07,доставлен
2818,403,2026-01-16,оплачен
2819,188,2025-09-04,доставлен
2820,109,2026-04-10,доставлен
2821,451,2026-04-15,отгружен
2822,361,2026-05-29,доставлен
2823,385,2024-09-15,доставлен
2824,310,2024-03-31,доставлен
2825,483,2025-08-10,оплачен
2826,493,2025-11-04,доставлен
2827,387,2025-07-04,отгружен
2828,110,2025-05-06,доставлен
2829,340,2026-05-26,доставлен
2830,143,2025-01-01,отгружен
2831,68,2024-05-16,доставлен
2832,309,2026-02-12,доставлен
2833,377,2026-01-31,новый
2834,142,2024-12-04,доставлен
2835,368,2026-05-10,отгружен
2836,125,2025-06-30,отгружен
2837,258,2025-02-01,новый
2838,101,2024-01-01,новый
2839,234,2026-04-06,отгружен
2840,115,2026-04-10,оплачен
2841,83,2025-01-02,доставлен
2842,381,2024-12-06,новый
2843,21,2025-03-29,доставлен
2844,112,2025-03-10,оплачен
2845,421,2026-06-06,оплачен
2846,42,2024-12-06,доставлен
2847,250,2026-03-14,новый
2848,454,2026-06-04,отгружен
2849,197,2026-03-20,оплачен
2850,412,2025-02-25,отгружен
2851,154,2024-03-28,доставлен
2852,157,2025-12-06,доставлен
2853,214,2024-09-18,отгружен
2854,98,2025-12-29,оплачен
2855,452,2026-05-24,доставлен
2856,131,2025-01-22,оплачен
2857,482,2026-05-30,доставлен
2858,348,2026-05-20,доставлен
2859,377,2026-02-03,отгружен
2860,477,2026-01-16,отгружен
2861,337,2025-06-27,доставлен
2862,174,2025-10-15,доставлен
2863,456,2026-05-16,отгружен
2864,116,2024-10-31,оплачен
2865,41,2026-05-27,доставлен
2866,15,2025-12-13,отгружен
2867,200,2025-07-12,доставлен
2868,206,2026-05-24,доставлен
2869,185,2026-06-08,доставлен
2870,198,2024-09-12,доставлен
2871,107,2025-12-03,доставлен
2872,147,2026-04-04,отгружен
2873,474,2025-09-09,доставлен
2874,418,2024-09-27,отгружен
2875,295,2025-10-25,отгружен
2876,7,2026-04-23,отгружен
2877,137,2025-12-18,оплачен
2878,27,2025-07-24,доставлен
2879,482,2026-01-28,отгружен
2880,454,2026-05-27,отгружен
2881,113,2026-06-03,доставлен
2882,16,2026-05-24,доставлен
2883,471,2024-06-13,оплачен
2884,470,2025-01-17,доставлен
2885,186,2026-04-11,доставлен
2886,456,2026-03-17,доставлен
2887,456,2026-05-27,доставлен
2888,330,2025-05-28,доставлен
2889,211,2025-09-16,доставлен
2890,68,2024-02-18,доставлен
2891,240,2025-09-23,новый
2892,424,2026-05-03,новый
2893,478,2026-05-26,доставлен
2894,167,2026-05-25,доставлен
2895,248,2026-06-07,доставлен
2896,159,2025-06-08,оплачен
2897,218,2026-03-23,новый
2898,394,2026-05-18,доставлен
2899,45,2025-09-14,отгружен
2900,63,2024-10-20,оплачен
2901,398,2024-01-02,отгружен
2902,324,2024-07-06,доставлен
2903,495,2026-06-08,доставлен
2904,87,2025-12-16,оплачен
2905,316,2026-03-19,оплачен
2906,187,2025-04-08,доставлен
2907,116,2025-12-24,оплачен
2908,241,2026-01-02,отгружен
2909,200,2025-11-20,доставлен
2910,425,2025-07-17,доставлен
2911,80,2025-12-27,отгружен
2912,458,2025-06-18,доставлен
2913,46,2024-04-10,доставлен
2914,473,2024-08-08,доставлен
2915,400,2025-11-15,отгружен
2916,68,2024-08-31,оплачен
2917,471,2025-10-19,доставлен
2918,150,2025-02-17,оплачен
2919,440,2025-12-28,доставлен
2920,351,2026-02-02,доставлен
2921,208,2024-06-04,новый
2922,173,2026-01-01,оплачен
2923,405,2026-04-10,доставлен
2924,29,2025-02-24,оплачен
2925,4,2026-03-24,отгружен
2926,335,2026-03-28,доставлен
2927,37,2026-05-07,оплачен
2928,402,2025-06-11,оплачен
2929,337,2025-08-30,отгружен
2930,405,2025-07-31,отгружен
2931,480,2025-11-21,доставлен
2932,369,2026-04-20,оплачен
2933,176,2026-02-17,отгружен
2934,47,2026-05-30,доставлен
2935,281,2024-10-07,отгружен
2936,130,2026-04-15,оплачен
2937,50,2026-03-31,оплачен
2938,293,2025-05-28,оплачен
2939,237,2025-10-30,доставлен
2940,243,2026-01-11,оплачен
2941,119,2024-06-23,новый
2942,334,2026-04-20,отгружен
2943,296,2024-07-03,доставлен
2944,181,2026-03-29,оплачен
2945,293,2026-02-28,доставлен
2946,47,2026-06-09,доставлен
2947,345,2026-01-11,доставлен
2948,75,2025-11-16,новый
2949,432,2025-01-19,новый
2950,289,2026-03-28,доставлен
2951,26,2024-09-11,новый
2952,159,2025-05-21,доставлен
2953,230,2024-11-06,доставлен
2954,456,2026-03-15,отгружен
2955,12,2024-10-06,отгружен
2956,20,2026-04-24,доставлен
2957,96,2026-01-07,доставлен
2958,333,2026-01-20,отгружен
2959,26,2023-10-26,доставлен
2960,180,2025-05-27,оплачен
2961,219,2026-01-12,оплачен
2962,436,2025-11-02,доставлен
2963,473,2025-02-09,оплачен
2964,448,2025-09-17,доставлен
2965,406,2025-10-23,доставлен
2966,126,2025-05-21,доставлен
2967,142,2025-09-23,доставлен
2968,450,2026-02-20,отгружен
2969,429,2024-01-15,доставлен
2970,169,2026-04-04,доставлен
2971,371,2023-11-29,доставлен
2972,440,2023-12-19,доставлен
2973,496,2025-07-26,новый
2974,59,2025-01-04,доставлен
2975,179,2026-01-23,оплачен
2976,242,2025-09-14,доставлен
2977,20,2026-03-12,оплачен
2978,222,2025-04-30,доставлен
2979,115,2025-10-08,доставлен
2980,399,2025-12-24,оплачен
2981,271,2026-05-26,доставлен
2982,347,2024-11-03,доставлен
2983,112,2024-12-29,доставлен
2984,153,2025-12-03,оплачен
2985,38,2025-06-01,оплачен
2986,456,2026-05-16,оплачен
2987,440,2025-12-11,оплачен
2988,107,2026-02-05,доставлен
2989,231,2025-01-24,доставлен
2990,203,2024-02-06,доставлен
2991,161,2025-12-31,доставлен
2992,79,2025-05-11,доставлен
2993,456,2026-05-17,оплачен
2994,431,2026-06-09,отгружен
2995,485,2026-03-03,новый
2996,484,2025-03-06,оплачен
2997,447,2026-03-16,доставлен
2998,79,2024-06-23,доставлен
2999,69,2025-03-23,отгружен
3000,118,2025-09-13,новый
