review_id,customer_id,product_id,rating,text,review_date
1,376,709,4,"Хороший товар, рекомендую.",2024-12-05
2,462,439,3,"Нормально, сойдет.",2025-01-31
3,187,956,5,Отлично! Всё супер.,2026-01-06
4,225,877,5,Отлично! Всё супер.,2025-08-12
5,398,490,4,"Хороший товар, рекомендую.",2024-11-19
6,178,769,5,Отлично! Всё супер.,2024-09-12
7,128,921,5,Отлично! Всё супер.,2025-03-25
8,89,285,5,Отлично! Всё супер.,2025-12-24
9,108,58,5,Отлично! Всё супер.,2026-03-05
10,463,178,2,Качество не очень.,2026-02-11
11,377,596,5,Отлично! Всё супер.,2024-09-27
12,133,836,5,Отлично! Всё супер.,2024-07-06
13,121,30,4,"Хороший товар, рекомендую.",2024-12-08
14,367,940,4,"Хороший товар, рекомендую.",2025-12-03
15,68,48,5,Отлично! Всё супер.,2025-05-16
16,152,470,3,"Нормально, сойдет.",2025-10-26
17,498,819,2,Качество не очень.,2026-01-23
18,380,817,5,Отлично! Всё супер.,2025-05-27
19,395,17,5,Отлично! Всё супер.,2024-09-05
20,368,167,2,Качество не очень.,2024-06-25
21,339,817,5,Отлично! Всё супер.,2025-07-01
22,27,903,3,"Нормально, сойдет.",2026-03-20
23,225,834,4,"Хороший товар, рекомендую.",2024-07-05
24,212,939,5,Отлично! Всё супер.,2025-01-04
25,339,905,5,Отлично! Всё супер.,2025-01-10
26,374,795,5,Отлично! Всё супер.,2025-09-08
27,426,940,5,Отлично! Всё супер.,2025-04-03
28,326,708,4,"Хороший товар, рекомендую.",2025-01-28
29,423,267,4,"Хороший товар, рекомендую.",2026-03-13
30,319,806,4,"Хороший товар, рекомендую.",2024-08-13
31,480,883,5,Отлично! Всё супер.,2024-07-25
32,136,52,3,"Нормально, сойдет.",2025-01-11
33,328,555,4,"Хороший товар, рекомендую.",2026-04-03
34,447,943,4,"Хороший товар, рекомендую.",2025-09-25
35,404,694,4,"Хороший товар, рекомендую.",2025-04-03
36,76,348,4,"Хороший товар, рекомендую.",2025-06-28
37,477,66,5,Отлично! Всё супер.,2024-06-23
38,163,614,3,"Нормально, сойдет.",2026-04-10
39,490,599,1,"Ужасно, пришло сломанным.",2025-04-02
40,176,395,5,Отлично! Всё супер.,2025-04-03
41,274,289,4,"Хороший товар, рекомендую.",2025-05-19
42,469,520,5,Отлично! Всё супер.,2024-07-13
43,76,970,5,Отлично! Всё супер.,2024-11-30
44,128,643,4,"Хороший товар, рекомендую.",2024-11-15
45,294,788,3,"Нормально, сойдет.",2025-03-30
46,407,191,5,Отлично! Всё супер.,2024-10-30
47,44,89,2,Качество не очень.,2025-11-03
48,62,544,5,Отлично! Всё супер.,2025-05-09
49,263,43,4,"Хороший товар, рекомендую.",2025-07-27
50,178,705,4,"Хороший товар, рекомендую.",2024-07-19
51,414,941,5,Отлично! Всё супер.,2025-11-03
52,26,686,5,Отлично! Всё супер.,2025-02-01
53,500,921,5,Отлично! Всё супер.,2024-07-03
54,438,51,2,Качество не очень.,2025-08-03
55,249,299,5,Отлично! Всё супер.,2026-01-22
56,409,645,5,Отлично! Всё супер.,2025-03-06
57,307,155,5,Отлично! Всё супер.,2026-06-06
58,301,995,4,"Хороший товар, рекомендую.",2024-06-29
59,129,712,5,Отлично! Всё супер.,2026-05-16
60,307,326,4,"Хороший товар, рекомендую.",2025-09-24
61,460,783,5,Отлично! Всё супер.,2026-01-16
62,53,177,3,"Нормально, сойдет.",2026-05-03
63,464,505,3,"Нормально, сойдет.",2025-02-25
64,384,261,5,Отлично! Всё супер.,2026-05-26
65,286,466,4,"Хороший товар, рекомендую.",2026-03-14
66,11,370,3,"Нормально, сойдет.",2026-05-14
67,77,148,5,Отлично! Всё супер.,2024-12-29
68,91,386,3,"Нормально, сойдет.",2026-02-28
69,351,831,5,Отлично! Всё супер.,2026-01-15
70,451,662,4,"Хороший товар, рекомендую.",2025-09-11
71,491,197,4,"Хороший товар, рекомендую.",2024-11-24
72,379,754,5,Отлично! Всё супер.,2026-01-18
73,277,837,1,"Ужасно, пришло сломанным.",2024-06-30
74,500,297,3,"Нормально, сойдет.",2025-02-28
75,227,899,4,"Хороший товар, рекомендую.",2025-12-24
76,10,313,5,Отлично! Всё супер.,2026-03-15
77,266,512,5,Отлично! Всё супер.,2025-10-04
78,298,945,5,Отлично! Всё супер.,2025-05-12
79,139,476,4,"Хороший товар, рекомендую.",2026-04-12
80,86,11,1,"Ужасно, пришло сломанным.",2025-05-07
81,315,700,5,Отлично! Всё супер.,2026-02-06
82,260,701,4,"Хороший товар, рекомендую.",2025-12-27
83,314,785,4,"Хороший товар, рекомендую.",2026-05-31
84,98,807,5,Отлично! Всё супер.,2026-01-01
85,255,264,5,Отлично! Всё супер.,2026-01-14
86,463,187,5,Отлично! Всё супер.,2024-07-23
87,325,674,4,"Хороший товар, рекомендую.",2026-02-26
88,486,899,4,"Хороший товар, рекомендую.",2024-09-01
89,163,425,5,Отлично! Всё супер.,2025-08-12
90,95,464,4,"Хороший товар, рекомендую.",2025-04-06
91,243,327,5,Отлично! Всё супер.,2025-12-21
92,82,934,5,Отлично! Всё супер.,2026-06-03
93,79,18,4,"Хороший товар, рекомендую.",2025-11-17
94,454,409,4,"Хороший товар, рекомендую.",2025-01-18
95,43,146,4,"Хороший товар, рекомендую.",2026-04-06
96,69,29,5,Отлично! Всё супер.,2026-06-07
97,294,743,5,Отлично! Всё супер.,2025-07-29
98,78,607,5,Отлично! Всё супер.,2025-06-04
99,37,331,4,"Хороший товар, рекомендую.",2025-05-04
100,489,952,5,Отлично! Всё супер.,2025-08-27
101,112,44,5,Отлично! Всё супер.,2025-12-19
102,163,324,3,"Нормально, сойдет.",2025-08-24
103,359,596,5,Отлично! Всё супер.,2026-01-27
104,224,251,4,"Хороший товар, рекомендую.",2025-07-17
105,369,832,4,"Хороший товар, рекомендую.",2024-12-28
106,210,177,3,"Нормально, сойдет.",2024-10-13
107,371,304,5,Отлично! Всё супер.,2025-04-01
108,489,185,5,Отлично! Всё супер.,2025-06-06
109,194,78,1,"Ужасно, пришло сломанным.",2026-01-09
110,133,639,4,"Хороший товар, рекомендую.",2026-05-28
111,331,685,5,Отлично! Всё супер.,2024-12-11
112,50,200,5,Отлично! Всё супер.,2024-09-19
113,55,229,4,"Хороший товар, рекомендую.",2026-05-15
114,390,872,5,Отлично! Всё супер.,2024-06-20
115,140,588,1,"Ужасно, пришло сломанным.",2025-01-13
116,436,230,5,Отлично! Всё супер.,2026-02-20
117,81,66,5,Отлично! Всё супер.,2025-11-21
118,43,182,5,Отлично! Всё супер.,2025-01-08
119,49,973,5,Отлично! Всё супер.,2024-08-14
120,401,79,5,Отлично! Всё супер.,2024-12-20
121,152,524,4,"Хороший товар, рекомендую.",2026-01-29
122,453,116,5,Отлично! Всё супер.,2025-08-04
123,276,158,5,Отлично! Всё супер.,2025-01-24
124,279,428,5,Отлично! Всё супер.,2025-02-26
125,206,306,5,Отлично! Всё супер.,2025-08-26
126,54,782,5,Отлично! Всё супер.,2025-04-11
127,272,335,5,Отлично! Всё супер.,2024-07-08
128,276,60,4,"Хороший товар, рекомендую.",2025-09-30
129,157,769,4,"Хороший товар, рекомендую.",2025-01-08
130,429,690,3,"Нормально, сойдет.",2025-03-16
131,407,398,1,"Ужасно, пришло сломанным.",2025-01-03
132,476,515,3,"Нормально, сойдет.",2025-11-03
133,255,453,5,Отлично! Всё супер.,2024-12-20
134,246,251,5,Отлично! Всё супер.,2026-02-06
135,267,336,5,Отлично! Всё супер.,2025-10-29
136,492,398,5,Отлично! Всё супер.,2026-02-28
137,145,969,5,Отлично! Всё супер.,2026-01-29
138,384,319,5,Отлично! Всё супер.,2025-09-24
139,61,611,5,Отлично! Всё супер.,2024-06-18
140,67,223,4,"Хороший товар, рекомендую.",2024-09-13
141,93,115,4,"Хороший товар, рекомендую.",2025-02-02
142,367,953,5,Отлично! Всё супер.,2025-08-24
143,75,184,4,"Хороший товар, рекомендую.",2025-11-04
144,94,18,2,Качество не очень.,2025-02-13
145,33,47,4,"Хороший товар, рекомендую.",2026-03-20
146,314,260,4,"Хороший товар, рекомендую.",2024-12-31
147,408,996,5,Отлично! Всё супер.,2026-03-29
148,376,498,3,"Нормально, сойдет.",2024-10-25
149,470,902,5,Отлично! Всё супер.,2025-05-19
150,442,717,5,Отлично! Всё супер.,2025-06-03
151,47,483,5,Отлично! Всё супер.,2024-06-22
152,229,158,5,Отлично! Всё супер.,2025-05-16
153,209,603,5,Отлично! Всё супер.,2024-06-15
154,314,285,5,Отлично! Всё супер.,2025-06-06
155,270,99,5,Отлично! Всё супер.,2024-07-07
156,264,716,5,Отлично! Всё супер.,2025-03-14
157,377,563,3,"Нормально, сойдет.",2025-06-16
158,113,897,1,"Ужасно, пришло сломанным.",2025-10-17
159,210,22,4,"Хороший товар, рекомендую.",2026-03-26
160,382,173,5,Отлично! Всё супер.,2025-08-15
161,32,6,5,Отлично! Всё супер.,2024-11-25
162,101,766,4,"Хороший товар, рекомендую.",2025-04-22
163,173,199,3,"Нормально, сойдет.",2024-07-24
164,97,894,5,Отлично! Всё супер.,2025-09-02
165,165,647,2,Качество не очень.,2026-06-08
166,415,184,1,"Ужасно, пришло сломанным.",2024-08-09
167,454,543,4,"Хороший товар, рекомендую.",2025-01-09
168,282,727,5,Отлично! Всё супер.,2026-05-06
169,182,567,1,"Ужасно, пришло сломанным.",2025-09-26
170,474,428,5,Отлично! Всё супер.,2025-08-11
171,316,176,5,Отлично! Всё супер.,2025-02-07
172,290,786,5,Отлично! Всё супер.,2024-07-28
173,31,462,5,Отлично! Всё супер.,2025-05-17
174,358,443,4,"Хороший товар, рекомендую.",2024-10-26
175,235,775,3,"Нормально, сойдет.",2024-12-26
176,125,879,4,"Хороший товар, рекомендую.",2026-01-24
177,433,570,4,"Хороший товар, рекомендую.",2026-02-10
178,106,904,5,Отлично! Всё супер.,2025-01-09
179,313,915,5,Отлично! Всё супер.,2024-12-27
180,405,904,4,"Хороший товар, рекомендую.",2026-04-15
181,110,835,5,Отлично! Всё супер.,2025-06-28
182,461,765,4,"Хороший товар, рекомендую.",2024-09-15
183,173,651,2,Качество не очень.,2024-12-02
184,324,987,3,"Нормально, сойдет.",2025-10-11
185,416,769,5,Отлично! Всё супер.,2024-10-22
186,207,182,5,Отлично! Всё супер.,2024-10-01
187,54,254,4,"Хороший товар, рекомендую.",2026-04-16
188,157,989,4,"Хороший товар, рекомендую.",2025-10-01
189,1,997,5,Отлично! Всё супер.,2025-10-31
190,80,680,2,Качество не очень.,2024-07-17
191,81,206,5,Отлично! Всё супер.,2024-12-06
192,368,624,5,Отлично! Всё супер.,2024-09-05
193,345,554,3,"Нормально, сойдет.",2025-10-30
194,375,995,5,Отлично! Всё супер.,2024-07-08
195,460,192,4,"Хороший товар, рекомендую.",2024-10-30
196,308,746,4,"Хороший товар, рекомендую.",2025-11-22
197,271,489,5,Отлично! Всё супер.,2025-07-07
198,481,783,4,"Хороший товар, рекомендую.",2026-04-08
199,359,21,5,Отлично! Всё супер.,2025-05-16
200,459,494,4,"Хороший товар, рекомендую.",2025-09-02
201,49,667,4,"Хороший товар, рекомендую.",2025-02-10
202,387,645,1,"Ужасно, пришло сломанным.",2024-07-11
203,423,596,5,Отлично! Всё супер.,2025-08-12
204,326,921,3,"Нормально, сойдет.",2025-12-18
205,268,103,5,Отлично! Всё супер.,2024-12-03
206,417,273,5,Отлично! Всё супер.,2024-07-26
207,39,637,4,"Хороший товар, рекомендую.",2025-12-16
208,311,456,3,"Нормально, сойдет.",2024-12-27
209,60,472,5,Отлично! Всё супер.,2024-12-25
210,356,114,5,Отлично! Всё супер.,2024-06-21
211,304,430,4,"Хороший товар, рекомендую.",2025-11-17
212,274,659,5,Отлично! Всё супер.,2026-03-27
213,355,307,4,"Хороший товар, рекомендую.",2026-04-06
214,255,183,4,"Хороший товар, рекомендую.",2026-03-30
215,9,734,5,Отлично! Всё супер.,2025-03-10
216,78,719,5,Отлично! Всё супер.,2025-08-02
217,189,713,4,"Хороший товар, рекомендую.",2025-12-18
218,205,547,5,Отлично! Всё супер.,2024-07-13
219,88,627,4,"Хороший товар, рекомендую.",2025-09-18
220,295,850,5,Отлично! Всё супер.,2024-12-08
221,166,459,2,Качество не очень.,2025-03-07
222,316,520,4,"Хороший товар, рекомендую.",2024-09-01
223,457,976,5,Отлично! Всё супер.,2024-08-08
224,167,229,3,"Нормально, сойдет.",2025-07-07
225,344,446,5,Отлично! Всё супер.,2025-05-19
226,5,783,5,Отлично! Всё супер.,2024-09-04
227,153,908,4,"Хороший товар, рекомендую.",2025-07-10
228,442,623,3,"Нормально, сойдет.",2024-08-08
229,138,643,1,"Ужасно, пришло сломанным.",2024-12-10
230,392,633,4,"Хороший товар, рекомендую.",2024-11-14
231,303,312,4,"Хороший товар, рекомендую.",2025-02-17
232,225,588,2,Качество не очень.,2025-08-26
233,249,23,5,Отлично! Всё супер.,2025-03-24
234,284,801,5,Отлично! Всё супер.,2026-03-15
235,158,703,5,Отлично! Всё супер.,2026-03-10
236,131,573,5,Отлично! Всё супер.,2025-11-19
237,317,872,4,"Хороший товар, рекомендую.",2025-04-28
238,208,283,5,Отлично! Всё супер.,2024-08-03
239,261,199,2,Качество не очень.,2025-10-20
240,411,517,5,Отлично! Всё супер.,2025-05-06
241,58,421,5,Отлично! Всё супер.,2026-04-20
242,148,860,4,"Хороший товар, рекомендую.",2025-01-14
243,484,646,4,"Хороший товар, рекомендую.",2024-09-28
244,205,751,4,"Хороший товар, рекомендую.",2024-06-28
245,414,547,5,Отлично! Всё супер.,2025-02-17
246,195,300,3,"Нормально, сойдет.",2025-09-23
247,274,29,5,Отлично! Всё супер.,2026-02-11
248,162,11,4,"Хороший товар, рекомендую.",2025-03-15
249,86,679,5,Отлично! Всё супер.,2025-02-24
250,413,404,5,Отлично! Всё супер.,2025-04-22
251,168,989,5,Отлично! Всё супер.,2026-05-07
252,428,909,3,"Нормально, сойдет.",2025-10-28
253,84,409,5,Отлично! Всё супер.,2025-03-27
254,235,41,3,"Нормально, сойдет.",2025-06-09
255,149,567,4,"Хороший товар, рекомендую.",2025-01-23
256,32,19,5,Отлично! Всё супер.,2025-10-05
257,92,278,5,Отлично! Всё супер.,2024-07-03
258,130,368,5,Отлично! Всё супер.,2024-10-11
259,395,227,5,Отлично! Всё супер.,2025-03-22
260,450,553,1,"Ужасно, пришло сломанным.",2024-07-13
261,98,896,5,Отлично! Всё супер.,2025-01-20
262,22,338,5,Отлично! Всё супер.,2026-06-01
263,342,835,4,"Хороший товар, рекомендую.",2024-10-03
264,122,634,5,Отлично! Всё супер.,2026-05-18
265,243,269,5,Отлично! Всё супер.,2025-09-11
266,381,109,5,Отлично! Всё супер.,2024-06-28
267,213,887,5,Отлично! Всё супер.,2024-08-30
268,77,948,4,"Хороший товар, рекомендую.",2025-09-25
269,404,380,5,Отлично! Всё супер.,2024-11-20
270,25,1,5,Отлично! Всё супер.,2026-02-26
271,348,354,4,"Хороший товар, рекомендую.",2025-02-07
272,390,696,5,Отлично! Всё супер.,2025-07-10
273,304,910,4,"Хороший товар, рекомендую.",2025-12-16
274,306,365,5,Отлично! Всё супер.,2026-02-05
275,9,934,5,Отлично! Всё супер.,2026-01-06
276,184,397,5,Отлично! Всё супер.,2025-07-08
277,286,268,4,"Хороший товар, рекомендую.",2026-02-07
278,99,846,5,Отлично! Всё супер.,2025-09-03
279,278,681,4,"Хороший товар, рекомендую.",2025-12-14
280,151,443,5,Отлично! Всё супер.,2025-03-03
281,27,515,4,"Хороший товар, рекомендую.",2026-06-09
282,468,739,5,Отлично! Всё супер.,2024-11-22
283,335,122,5,Отлично! Всё супер.,2025-03-30
284,83,425,5,Отлично! Всё супер.,2026-03-16
285,412,36,5,Отлично! Всё супер.,2025-09-04
286,324,769,1,"Ужасно, пришло сломанным.",2024-07-04
287,191,910,4,"Хороший товар, рекомендую.",2025-11-01
288,25,237,5,Отлично! Всё супер.,2025-12-25
289,152,311,4,"Хороший товар, рекомендую.",2024-10-03
290,130,135,5,Отлично! Всё супер.,2025-04-01
291,481,45,5,Отлично! Всё супер.,2026-01-22
292,141,682,4,"Хороший товар, рекомендую.",2025-10-26
293,217,573,4,"Хороший товар, рекомендую.",2024-08-08
294,206,839,5,Отлично! Всё супер.,2024-08-08
295,85,309,5,Отлично! Всё супер.,2026-06-05
296,194,146,5,Отлично! Всё супер.,2024-11-30
297,65,120,5,Отлично! Всё супер.,2025-08-22
298,177,626,4,"Хороший товар, рекомендую.",2025-07-05
299,447,490,5,Отлично! Всё супер.,2025-08-29
300,478,436,3,"Нормально, сойдет.",2025-10-11
301,95,962,5,Отлично! Всё супер.,2025-08-08
302,64,624,5,Отлично! Всё супер.,2025-12-31
303,121,221,1,"Ужасно, пришло сломанным.",2025-04-29
304,332,676,5,Отлично! Всё супер.,2025-08-01
305,407,31,4,"Хороший товар, рекомендую.",2025-12-30
306,158,492,4,"Хороший товар, рекомендую.",2024-09-11
307,156,555,5,Отлично! Всё супер.,2026-03-29
308,403,334,4,"Хороший товар, рекомендую.",2026-04-22
309,115,616,4,"Хороший товар, рекомендую.",2025-07-23
310,88,99,4,"Хороший товар, рекомендую.",2026-02-18
311,419,238,5,Отлично! Всё супер.,2024-07-18
312,161,7,5,Отлично! Всё супер.,2025-09-23
313,42,993,4,"Хороший товар, рекомендую.",2025-06-10
314,171,747,3,"Нормально, сойдет.",2025-11-03
315,53,171,4,"Хороший товар, рекомендую.",2025-07-21
316,442,922,5,Отлично! Всё супер.,2025-07-18
317,2,759,5,Отлично! Всё супер.,2025-05-17
318,66,675,4,"Хороший товар, рекомендую.",2025-02-10
319,47,953,3,"Нормально, сойдет.",2025-01-04
320,476,735,5,Отлично! Всё супер.,2024-11-07
321,122,946,5,Отлично! Всё супер.,2026-03-20
322,74,649,5,Отлично! Всё супер.,2025-08-29
323,254,161,5,Отлично! Всё супер.,2025-01-22
324,139,549,4,"Хороший товар, рекомендую.",2026-05-17
325,375,253,5,Отлично! Всё супер.,2024-12-15
326,285,329,5,Отлично! Всё супер.,2025-02-19
327,165,568,5,Отлично! Всё супер.,2024-12-14
328,93,599,4,"Хороший товар, рекомендую.",2026-02-19
329,88,698,5,Отлично! Всё супер.,2026-01-26
330,72,730,5,Отлично! Всё супер.,2025-03-17
331,52,416,5,Отлично! Всё супер.,2024-12-05
332,258,336,3,"Нормально, сойдет.",2025-05-29
333,315,87,4,"Хороший товар, рекомендую.",2025-02-08
334,29,345,4,"Хороший товар, рекомендую.",2026-01-11
335,271,873,5,Отлично! Всё супер.,2024-09-06
336,186,316,5,Отлично! Всё супер.,2025-11-29
337,133,459,5,Отлично! Всё супер.,2024-12-13
338,138,483,4,"Хороший товар, рекомендую.",2025-05-20
339,188,654,4,"Хороший товар, рекомендую.",2025-12-30
340,396,145,4,"Хороший товар, рекомендую.",2026-04-23
341,448,542,4,"Хороший товар, рекомендую.",2025-04-23
342,437,750,5,Отлично! Всё супер.,2025-03-17
343,427,809,4,"Хороший товар, рекомендую.",2024-08-09
344,61,365,5,Отлично! Всё супер.,2025-03-09
345,360,826,5,Отлично! Всё супер.,2025-08-18
346,236,205,5,Отлично! Всё супер.,2025-07-06
347,434,923,4,"Хороший товар, рекомендую.",2024-08-07
348,19,342,5,Отлично! Всё супер.,2026-05-20
349,262,548,4,"Хороший товар, рекомендую.",2025-03-17
350,100,128,1,"Ужасно, пришло сломанным.",2025-10-29
351,216,86,5,Отлично! Всё супер.,2025-06-20
352,36,705,5,Отлично! Всё супер.,2025-09-22
353,423,660,4,"Хороший товар, рекомендую.",2024-12-04
354,308,187,5,Отлично! Всё супер.,2025-05-23
355,20,526,4,"Хороший товар, рекомендую.",2026-02-09
356,274,911,4,"Хороший товар, рекомендую.",2025-04-30
357,468,571,3,"Нормально, сойдет.",2024-12-04
358,407,179,2,Качество не очень.,2025-08-25
359,244,202,4,"Хороший товар, рекомендую.",2026-03-13
360,424,569,1,"Ужасно, пришло сломанным.",2026-03-13
361,162,701,4,"Хороший товар, рекомендую.",2024-09-14
362,93,126,2,Качество не очень.,2026-05-29
363,157,419,4,"Хороший товар, рекомендую.",2025-07-31
364,339,218,4,"Хороший товар, рекомендую.",2024-12-16
365,374,232,5,Отлично! Всё супер.,2026-02-02
366,413,804,4,"Хороший товар, рекомендую.",2026-05-16
367,52,525,5,Отлично! Всё супер.,2025-04-21
368,55,365,5,Отлично! Всё супер.,2025-11-14
369,245,193,4,"Хороший товар, рекомендую.",2025-09-06
370,446,391,4,"Хороший товар, рекомендую.",2025-11-08
371,377,491,4,"Хороший товар, рекомендую.",2024-09-24
372,194,956,4,"Хороший товар, рекомендую.",2025-09-22
373,415,408,3,"Нормально, сойдет.",2024-12-28
374,34,318,5,Отлично! Всё супер.,2026-02-17
375,417,406,4,"Хороший товар, рекомендую.",2025-01-17
376,310,590,3,"Нормально, сойдет.",2025-03-01
377,193,645,4,"Хороший товар, рекомендую.",2025-02-07
378,135,995,5,Отлично! Всё супер.,2024-09-08
379,27,625,5,Отлично! Всё супер.,2024-08-11
380,300,810,5,Отлично! Всё супер.,2025-04-22
381,19,115,1,"Ужасно, пришло сломанным.",2025-05-02
382,305,568,1,"Ужасно, пришло сломанным.",2025-07-06
383,117,592,4,"Хороший товар, рекомендую.",2024-10-02
384,464,240,1,"Ужасно, пришло сломанным.",2025-08-30
385,351,726,5,Отлично! Всё супер.,2025-06-27
386,49,722,4,"Хороший товар, рекомендую.",2025-10-13
387,305,420,2,Качество не очень.,2026-04-24
388,149,927,5,Отлично! Всё супер.,2026-01-30
389,334,302,4,"Хороший товар, рекомендую.",2024-11-09
390,377,961,4,"Хороший товар, рекомендую.",2026-05-08
391,265,305,5,Отлично! Всё супер.,2024-10-26
392,481,923,5,Отлично! Всё супер.,2026-04-20
393,315,742,5,Отлично! Всё супер.,2025-05-27
394,190,449,4,"Хороший товар, рекомендую.",2024-06-21
395,467,898,3,"Нормально, сойдет.",2024-10-16
396,397,912,4,"Хороший товар, рекомендую.",2024-09-10
397,326,728,4,"Хороший товар, рекомендую.",2025-04-30
398,387,533,5,Отлично! Всё супер.,2024-12-30
399,266,760,3,"Нормально, сойдет.",2026-01-24
400,304,53,3,"Нормально, сойдет.",2025-08-13
401,37,452,3,"Нормально, сойдет.",2025-12-13
402,237,749,5,Отлично! Всё супер.,2026-06-01
403,339,919,5,Отлично! Всё супер.,2025-06-08
404,324,859,5,Отлично! Всё супер.,2026-01-06
405,71,307,2,Качество не очень.,2024-08-26
406,97,655,5,Отлично! Всё супер.,2024-09-15
407,441,463,5,Отлично! Всё супер.,2026-04-15
408,237,15,5,Отлично! Всё супер.,2024-07-05
409,385,595,5,Отлично! Всё супер.,2026-03-18
410,469,989,5,Отлично! Всё супер.,2025-05-10
411,169,831,4,"Хороший товар, рекомендую.",2024-06-27
412,137,814,2,Качество не очень.,2025-11-26
413,218,509,5,Отлично! Всё супер.,2024-10-16
414,82,536,5,Отлично! Всё супер.,2024-08-04
415,268,108,5,Отлично! Всё супер.,2024-09-19
416,372,223,2,Качество не очень.,2025-07-13
417,108,541,5,Отлично! Всё супер.,2026-04-13
418,386,445,5,Отлично! Всё супер.,2025-07-25
419,59,794,5,Отлично! Всё супер.,2026-05-23
420,126,625,2,Качество не очень.,2025-04-06
421,252,855,5,Отлично! Всё супер.,2026-05-12
422,141,968,5,Отлично! Всё супер.,2025-05-03
423,296,12,5,Отлично! Всё супер.,2025-03-11
424,12,756,5,Отлично! Всё супер.,2024-09-15
425,337,939,5,Отлично! Всё супер.,2025-04-17
426,432,738,5,Отлично! Всё супер.,2025-12-02
427,434,171,5,Отлично! Всё супер.,2025-08-15
428,228,480,5,Отлично! Всё супер.,2024-12-13
429,190,324,5,Отлично! Всё супер.,2025-12-14
430,442,436,3,"Нормально, сойдет.",2025-01-22
431,300,213,5,Отлично! Всё супер.,2024-09-09
432,405,383,4,"Хороший товар, рекомендую.",2025-02-25
433,425,673,2,Качество не очень.,2026-05-07
434,259,552,4,"Хороший товар, рекомендую.",2026-03-11
435,387,740,5,Отлично! Всё супер.,2026-05-07
436,384,13,4,"Хороший товар, рекомендую.",2025-02-25
437,343,327,5,Отлично! Всё супер.,2025-09-11
438,345,405,3,"Нормально, сойдет.",2025-09-24
439,382,125,1,"Ужасно, пришло сломанным.",2025-09-30
440,124,807,3,"Нормально, сойдет.",2024-08-31
441,6,255,5,Отлично! Всё супер.,2025-12-21
442,273,129,5,Отлично! Всё супер.,2024-07-14
443,243,315,5,Отлично! Всё супер.,2024-08-05
444,444,323,3,"Нормально, сойдет.",2026-01-03
445,125,741,4,"Хороший товар, рекомендую.",2026-05-25
446,294,61,4,"Хороший товар, рекомендую.",2025-03-11
447,168,847,5,Отлично! Всё супер.,2025-05-23
448,52,877,5,Отлично! Всё супер.,2026-05-17
449,63,44,5,Отлично! Всё супер.,2025-04-22
450,32,901,4,"Хороший товар, рекомендую.",2025-10-11
451,109,732,3,"Нормально, сойдет.",2025-05-24
452,206,72,4,"Хороший товар, рекомендую.",2026-01-05
453,478,714,5,Отлично! Всё супер.,2026-03-19
454,272,509,5,Отлично! Всё супер.,2025-05-13
455,388,412,4,"Хороший товар, рекомендую.",2025-01-19
456,226,81,3,"Нормально, сойдет.",2026-01-18
457,179,522,4,"Хороший товар, рекомендую.",2025-06-14
458,206,582,5,Отлично! Всё супер.,2025-12-04
459,181,248,4,"Хороший товар, рекомендую.",2024-09-21
460,31,722,5,Отлично! Всё супер.,2025-12-30
461,171,558,1,"Ужасно, пришло сломанным.",2024-10-29
462,448,770,4,"Хороший товар, рекомендую.",2025-12-23
463,221,93,5,Отлично! Всё супер.,2026-01-24
464,490,299,4,"Хороший товар, рекомендую.",2025-09-09
465,127,89,4,"Хороший товар, рекомендую.",2026-05-21
466,441,396,5,Отлично! Всё супер.,2026-03-07
467,123,599,5,Отлично! Всё супер.,2026-06-06
468,96,366,4,"Хороший товар, рекомендую.",2025-07-09
469,450,119,4,"Хороший товар, рекомендую.",2024-08-13
470,149,253,3,"Нормально, сойдет.",2024-10-05
471,348,629,4,"Хороший товар, рекомендую.",2026-05-05
472,69,859,1,"Ужасно, пришло сломанным.",2024-06-15
473,123,483,5,Отлично! Всё супер.,2025-09-13
474,234,29,4,"Хороший товар, рекомендую.",2025-09-12
475,279,609,5,Отлично! Всё супер.,2025-03-23
476,393,666,4,"Хороший товар, рекомендую.",2025-11-14
477,3,352,4,"Хороший товар, рекомендую.",2025-10-26
478,152,182,5,Отлично! Всё супер.,2025-05-27
479,194,827,5,Отлично! Всё супер.,2025-03-30
480,36,837,4,"Хороший товар, рекомендую.",2025-02-12
481,212,79,5,Отлично! Всё супер.,2025-05-15
482,54,639,1,"Ужасно, пришло сломанным.",2024-10-24
483,237,982,5,Отлично! Всё супер.,2025-07-09
484,325,914,5,Отлично! Всё супер.,2025-12-22
485,275,894,4,"Хороший товар, рекомендую.",2025-09-08
486,471,307,5,Отлично! Всё супер.,2025-01-11
487,136,44,4,"Хороший товар, рекомендую.",2026-01-30
488,494,128,5,Отлично! Всё супер.,2024-08-23
489,343,574,1,"Ужасно, пришло сломанным.",2024-12-06
490,70,503,5,Отлично! Всё супер.,2025-01-25
491,5,271,5,Отлично! Всё супер.,2025-06-27
492,215,214,3,"Нормально, сойдет.",2025-02-28
493,479,878,4,"Хороший товар, рекомендую.",2024-07-16
494,53,270,5,Отлично! Всё супер.,2025-08-21
495,347,278,5,Отлично! Всё супер.,2025-07-16
496,271,774,4,"Хороший товар, рекомендую.",2026-05-06
497,304,325,5,Отлично! Всё супер.,2025-07-21
498,475,23,5,Отлично! Всё супер.,2025-09-02
499,295,817,5,Отлично! Всё супер.,2025-07-08
500,254,412,1,"Ужасно, пришло сломанным.",2026-03-26
501,388,882,4,"Хороший товар, рекомендую.",2026-05-30
502,441,622,5,Отлично! Всё супер.,2025-05-06
503,355,942,5,Отлично! Всё супер.,2025-01-16
504,89,178,1,"Ужасно, пришло сломанным.",2025-02-14
505,391,879,5,Отлично! Всё супер.,2025-04-03
506,315,522,4,"Хороший товар, рекомендую.",2025-02-11
507,139,893,4,"Хороший товар, рекомендую.",2026-01-18
508,492,360,4,"Хороший товар, рекомендую.",2024-10-25
509,362,243,3,"Нормально, сойдет.",2024-09-28
510,393,337,5,Отлично! Всё супер.,2024-07-11
511,458,465,5,Отлично! Всё супер.,2026-03-03
512,252,127,3,"Нормально, сойдет.",2025-12-31
513,455,202,4,"Хороший товар, рекомендую.",2026-04-25
514,496,436,1,"Ужасно, пришло сломанным.",2025-12-28
515,492,574,5,Отлично! Всё супер.,2024-11-19
516,404,109,5,Отлично! Всё супер.,2025-05-09
517,430,853,5,Отлично! Всё супер.,2025-07-17
518,398,739,5,Отлично! Всё супер.,2025-01-11
519,18,208,5,Отлично! Всё супер.,2025-08-29
520,107,605,4,"Хороший товар, рекомендую.",2026-04-23
521,268,923,5,Отлично! Всё супер.,2025-09-30
522,253,211,2,Качество не очень.,2025-02-08
523,227,668,5,Отлично! Всё супер.,2024-08-25
524,493,525,5,Отлично! Всё супер.,2025-03-05
525,120,220,4,"Хороший товар, рекомендую.",2025-01-16
526,390,487,4,"Хороший товар, рекомендую.",2024-10-15
527,425,258,4,"Хороший товар, рекомендую.",2024-09-09
528,368,9,2,Качество не очень.,2025-01-18
529,319,936,5,Отлично! Всё супер.,2025-01-07
530,488,358,3,"Нормально, сойдет.",2025-06-21
531,423,653,3,"Нормально, сойдет.",2025-05-15
532,497,24,5,Отлично! Всё супер.,2024-11-29
533,66,406,3,"Нормально, сойдет.",2026-04-27
534,136,807,3,"Нормально, сойдет.",2024-10-18
535,21,947,3,"Нормально, сойдет.",2025-01-19
536,336,868,4,"Хороший товар, рекомендую.",2026-06-08
537,446,239,3,"Нормально, сойдет.",2026-05-22
538,313,36,5,Отлично! Всё супер.,2024-12-27
539,183,462,5,Отлично! Всё супер.,2025-09-22
540,4,275,4,"Хороший товар, рекомендую.",2026-01-15
541,34,21,5,Отлично! Всё супер.,2024-08-30
542,354,507,2,Качество не очень.,2026-05-28
543,430,722,5,Отлично! Всё супер.,2024-12-05
544,290,221,4,"Хороший товар, рекомендую.",2025-11-08
545,191,800,3,"Нормально, сойдет.",2025-01-11
546,283,659,4,"Хороший товар, рекомендую.",2024-09-26
547,319,495,2,Качество не очень.,2024-08-22
548,159,102,5,Отлично! Всё супер.,2024-11-16
549,473,148,5,Отлично! Всё супер.,2025-08-11
550,142,558,3,"Нормально, сойдет.",2026-03-22
551,15,602,5,Отлично! Всё супер.,2025-07-09
552,286,487,5,Отлично! Всё супер.,2026-01-16
553,200,262,3,"Нормально, сойдет.",2024-10-18
554,295,417,5,Отлично! Всё супер.,2024-06-30
555,91,383,4,"Хороший товар, рекомендую.",2025-09-16
556,254,863,2,Качество не очень.,2026-05-11
557,74,190,4,"Хороший товар, рекомендую.",2024-07-09
558,136,853,4,"Хороший товар, рекомендую.",2026-05-01
559,331,690,5,Отлично! Всё супер.,2025-08-02
560,215,103,4,"Хороший товар, рекомендую.",2025-07-31
561,425,637,3,"Нормально, сойдет.",2026-02-19
562,99,313,2,Качество не очень.,2024-11-07
563,221,102,4,"Хороший товар, рекомендую.",2024-06-14
564,111,52,5,Отлично! Всё супер.,2025-06-23
565,77,560,4,"Хороший товар, рекомендую.",2026-03-17
566,356,669,4,"Хороший товар, рекомендую.",2026-03-09
567,479,953,3,"Нормально, сойдет.",2024-06-29
568,18,33,3,"Нормально, сойдет.",2025-03-23
569,400,812,5,Отлично! Всё супер.,2024-11-13
570,458,822,4,"Хороший товар, рекомендую.",2025-01-13
571,70,72,4,"Хороший товар, рекомендую.",2025-08-26
572,101,420,5,Отлично! Всё супер.,2025-05-06
573,299,32,5,Отлично! Всё супер.,2025-12-29
574,239,488,1,"Ужасно, пришло сломанным.",2025-05-20
575,16,62,5,Отлично! Всё супер.,2025-07-18
576,125,140,2,Качество не очень.,2024-09-15
577,409,577,4,"Хороший товар, рекомендую.",2026-03-16
578,14,818,5,Отлично! Всё супер.,2025-05-27
579,316,473,4,"Хороший товар, рекомендую.",2025-01-24
580,386,798,2,Качество не очень.,2026-05-23
581,232,176,1,"Ужасно, пришло сломанным.",2024-09-02
582,56,210,3,"Нормально, сойдет.",2025-12-17
583,195,580,5,Отлично! Всё супер.,2025-12-09
584,261,484,1,"Ужасно, пришло сломанным.",2026-05-23
585,336,400,5,Отлично! Всё супер.,2026-03-27
586,96,123,4,"Хороший товар, рекомендую.",2024-09-10
587,422,260,1,"Ужасно, пришло сломанным.",2025-05-20
588,473,727,4,"Хороший товар, рекомендую.",2026-04-30
589,381,418,5,Отлично! Всё супер.,2025-05-10
590,254,114,5,Отлично! Всё супер.,2025-06-27
591,281,828,5,Отлично! Всё супер.,2024-12-30
592,36,486,5,Отлично! Всё супер.,2024-08-15
593,233,263,5,Отлично! Всё супер.,2026-04-11
594,209,56,4,"Хороший товар, рекомендую.",2024-09-23
595,75,845,5,Отлично! Всё супер.,2025-01-11
596,155,301,4,"Хороший товар, рекомендую.",2025-12-29
597,477,925,5,Отлично! Всё супер.,2025-11-10
598,185,148,3,"Нормально, сойдет.",2024-09-07
599,204,16,2,Качество не очень.,2025-03-10
600,93,220,3,"Нормально, сойдет.",2026-02-23
601,139,774,5,Отлично! Всё супер.,2024-08-09
602,489,751,2,Качество не очень.,2026-01-08
603,341,748,5,Отлично! Всё супер.,2026-02-15
604,140,313,1,"Ужасно, пришло сломанным.",2024-11-28
605,229,817,5,Отлично! Всё супер.,2025-12-25
606,453,185,5,Отлично! Всё супер.,2024-08-05
607,12,214,4,"Хороший товар, рекомендую.",2025-02-18
608,216,657,5,Отлично! Всё супер.,2024-10-08
609,162,97,5,Отлично! Всё супер.,2025-07-07
610,67,482,4,"Хороший товар, рекомендую.",2025-02-24
611,334,477,4,"Хороший товар, рекомендую.",2025-01-09
612,154,738,5,Отлично! Всё супер.,2025-05-27
613,497,994,5,Отлично! Всё супер.,2025-10-11
614,139,971,5,Отлично! Всё супер.,2026-01-01
615,355,368,4,"Хороший товар, рекомендую.",2025-07-12
616,180,115,5,Отлично! Всё супер.,2025-11-13
617,68,109,4,"Хороший товар, рекомендую.",2026-02-02
618,342,114,3,"Нормально, сойдет.",2024-08-05
619,477,550,4,"Хороший товар, рекомендую.",2025-12-09
620,431,94,5,Отлично! Всё супер.,2025-11-25
621,221,554,3,"Нормально, сойдет.",2025-02-08
622,388,720,5,Отлично! Всё супер.,2026-05-03
623,311,822,4,"Хороший товар, рекомендую.",2026-05-28
624,212,262,5,Отлично! Всё супер.,2024-07-08
625,220,811,4,"Хороший товар, рекомендую.",2025-05-11
626,264,691,5,Отлично! Всё супер.,2024-08-26
627,110,475,4,"Хороший товар, рекомендую.",2026-06-03
628,31,930,4,"Хороший товар, рекомендую.",2025-12-08
629,270,276,1,"Ужасно, пришло сломанным.",2026-02-15
630,133,25,4,"Хороший товар, рекомендую.",2025-07-18
631,119,449,5,Отлично! Всё супер.,2025-02-10
632,286,1000,5,Отлично! Всё супер.,2024-11-03
633,290,113,2,Качество не очень.,2026-03-24
634,252,299,5,Отлично! Всё супер.,2025-08-16
635,291,134,5,Отлично! Всё супер.,2025-11-04
636,154,45,2,Качество не очень.,2026-03-21
637,293,755,2,Качество не очень.,2026-04-21
638,271,956,5,Отлично! Всё супер.,2025-10-08
639,458,966,5,Отлично! Всё супер.,2024-07-06
640,202,623,5,Отлично! Всё супер.,2025-10-14
641,321,131,5,Отлично! Всё супер.,2025-10-09
642,403,334,5,Отлично! Всё супер.,2024-06-15
643,143,554,5,Отлично! Всё супер.,2024-12-17
644,224,277,4,"Хороший товар, рекомендую.",2024-09-23
645,487,41,4,"Хороший товар, рекомендую.",2025-09-07
646,61,230,5,Отлично! Всё супер.,2025-03-28
647,271,421,5,Отлично! Всё супер.,2026-04-17
648,222,192,4,"Хороший товар, рекомендую.",2024-11-27
649,439,10,3,"Нормально, сойдет.",2025-11-14
650,86,205,3,"Нормально, сойдет.",2024-11-07
651,252,703,5,Отлично! Всё супер.,2025-01-01
652,76,888,5,Отлично! Всё супер.,2025-06-09
653,463,337,1,"Ужасно, пришло сломанным.",2024-10-04
654,107,780,1,"Ужасно, пришло сломанным.",2025-06-20
655,32,22,4,"Хороший товар, рекомендую.",2026-03-03
656,266,386,1,"Ужасно, пришло сломанным.",2024-11-01
657,150,762,4,"Хороший товар, рекомендую.",2025-12-30
658,207,465,5,Отлично! Всё супер.,2025-06-29
659,57,627,4,"Хороший товар, рекомендую.",2025-01-14
660,265,534,1,"Ужасно, пришло сломанным.",2024-09-19
661,399,582,5,Отлично! Всё супер.,2024-11-10
662,63,259,5,Отлично! Всё супер.,2025-10-15
663,409,3,3,"Нормально, сойдет.",2026-04-20
664,489,877,1,"Ужасно, пришло сломанным.",2024-08-16
665,197,582,5,Отлично! Всё супер.,2025-07-15
666,322,156,5,Отлично! Всё супер.,2026-04-05
667,72,702,5,Отлично! Всё супер.,2025-12-22
668,479,468,4,"Хороший товар, рекомендую.",2026-01-12
669,298,690,5,Отлично! Всё супер.,2024-11-22
670,396,592,5,Отлично! Всё супер.,2024-06-11
671,379,734,5,Отлично! Всё супер.,2025-05-12
672,199,10,5,Отлично! Всё супер.,2024-07-31
673,376,345,5,Отлично! Всё супер.,2025-06-25
674,432,974,4,"Хороший товар, рекомендую.",2025-08-16
675,438,888,2,Качество не очень.,2025-09-26
676,218,492,5,Отлично! Всё супер.,2024-11-17
677,199,251,5,Отлично! Всё супер.,2025-12-12
678,12,944,1,"Ужасно, пришло сломанным.",2024-10-25
679,431,996,5,Отлично! Всё супер.,2024-07-09
680,142,701,5,Отлично! Всё супер.,2025-04-29
681,223,122,4,"Хороший товар, рекомендую.",2025-11-25
682,371,856,5,Отлично! Всё супер.,2024-12-30
683,229,85,4,"Хороший товар, рекомендую.",2025-09-28
684,268,904,5,Отлично! Всё супер.,2025-03-31
685,48,679,2,Качество не очень.,2025-10-12
686,331,379,5,Отлично! Всё супер.,2025-09-05
687,169,514,5,Отлично! Всё супер.,2024-12-08
688,294,986,3,"Нормально, сойдет.",2025-10-17
689,77,997,5,Отлично! Всё супер.,2025-03-06
690,326,267,1,"Ужасно, пришло сломанным.",2025-06-20
691,341,13,5,Отлично! Всё супер.,2025-07-26
692,105,332,2,Качество не очень.,2025-11-01
693,143,423,5,Отлично! Всё супер.,2024-10-26
694,229,330,4,"Хороший товар, рекомендую.",2026-04-21
695,295,622,4,"Хороший товар, рекомендую.",2025-01-28
696,146,596,5,Отлично! Всё супер.,2026-03-23
697,140,884,5,Отлично! Всё супер.,2024-12-06
698,227,152,4,"Хороший товар, рекомендую.",2026-04-19
699,49,60,5,Отлично! Всё супер.,2025-01-21
700,137,903,5,Отлично! Всё супер.,2025-11-09
701,9,830,5,Отлично! Всё супер.,2025-06-20
702,395,553,3,"Нормально, сойдет.",2025-06-24
703,353,520,5,Отлично! Всё супер.,2026-02-17
704,71,669,3,"Нормально, сойдет.",2025-10-11
705,229,611,4,"Хороший товар, рекомендую.",2025-04-09
706,148,992,5,Отлично! Всё супер.,2025-09-16
707,493,913,1,"Ужасно, пришло сломанным.",2025-03-13
708,18,544,4,"Хороший товар, рекомендую.",2025-08-05
709,455,72,4,"Хороший товар, рекомендую.",2025-06-17
710,353,333,4,"Хороший товар, рекомендую.",2025-01-24
711,240,233,5,Отлично! Всё супер.,2024-08-22
712,184,653,5,Отлично! Всё супер.,2024-11-26
713,211,320,5,Отлично! Всё супер.,2024-09-04
714,477,228,3,"Нормально, сойдет.",2026-04-24
715,233,18,4,"Хороший товар, рекомендую.",2026-05-06
716,45,164,1,"Ужасно, пришло сломанным.",2026-01-16
717,396,574,5,Отлично! Всё супер.,2026-01-23
718,283,719,5,Отлично! Всё супер.,2025-01-18
719,282,119,4,"Хороший товар, рекомендую.",2025-04-30
720,481,72,5,Отлично! Всё супер.,2025-05-22
721,403,647,5,Отлично! Всё супер.,2025-02-16
722,178,579,5,Отлично! Всё супер.,2024-12-18
723,341,888,1,"Ужасно, пришло сломанным.",2025-11-05
724,59,905,5,Отлично! Всё супер.,2025-05-05
725,238,617,1,"Ужасно, пришло сломанным.",2024-09-06
726,29,271,3,"Нормально, сойдет.",2024-10-23
727,13,56,4,"Хороший товар, рекомендую.",2025-06-04
728,288,249,2,Качество не очень.,2025-02-11
729,235,89,5,Отлично! Всё супер.,2025-11-04
730,371,901,1,"Ужасно, пришло сломанным.",2024-09-05
731,90,206,5,Отлично! Всё супер.,2025-03-05
732,66,582,5,Отлично! Всё супер.,2025-12-02
733,474,643,5,Отлично! Всё супер.,2025-04-14
734,180,92,4,"Хороший товар, рекомендую.",2025-12-08
735,336,927,3,"Нормально, сойдет.",2024-09-16
736,273,733,4,"Хороший товар, рекомендую.",2026-01-30
737,255,754,4,"Хороший товар, рекомендую.",2026-04-25
738,385,333,4,"Хороший товар, рекомендую.",2025-06-19
739,418,791,4,"Хороший товар, рекомендую.",2026-03-23
740,468,997,5,Отлично! Всё супер.,2026-02-24
741,160,391,5,Отлично! Всё супер.,2026-04-11
742,497,897,5,Отлично! Всё супер.,2025-06-23
743,91,916,4,"Хороший товар, рекомендую.",2025-09-18
744,226,430,3,"Нормально, сойдет.",2025-04-25
745,437,650,5,Отлично! Всё супер.,2025-11-24
746,423,990,4,"Хороший товар, рекомендую.",2024-12-08
747,319,91,1,"Ужасно, пришло сломанным.",2024-07-01
748,4,375,4,"Хороший товар, рекомендую.",2025-01-20
749,381,818,4,"Хороший товар, рекомендую.",2025-01-03
750,105,988,5,Отлично! Всё супер.,2025-07-08
751,252,866,5,Отлично! Всё супер.,2024-11-23
752,121,359,3,"Нормально, сойдет.",2026-05-01
753,216,86,5,Отлично! Всё супер.,2026-03-31
754,210,548,4,"Хороший товар, рекомендую.",2026-02-07
755,482,326,3,"Нормально, сойдет.",2025-04-22
756,384,696,5,Отлично! Всё супер.,2024-07-26
757,235,685,3,"Нормально, сойдет.",2025-08-19
758,202,464,5,Отлично! Всё супер.,2026-01-29
759,261,402,5,Отлично! Всё супер.,2025-02-15
760,361,829,5,Отлично! Всё супер.,2024-12-29
761,180,955,4,"Хороший товар, рекомендую.",2025-11-15
762,205,976,5,Отлично! Всё супер.,2025-02-10
763,67,283,3,"Нормально, сойдет.",2025-04-24
764,490,949,5,Отлично! Всё супер.,2025-04-08
765,227,906,5,Отлично! Всё супер.,2026-02-27
766,437,559,5,Отлично! Всё супер.,2025-05-18
767,439,865,4,"Хороший товар, рекомендую.",2025-05-05
768,320,301,4,"Хороший товар, рекомендую.",2025-04-14
769,425,83,4,"Хороший товар, рекомендую.",2024-12-28
770,297,62,5,Отлично! Всё супер.,2026-05-18
771,186,16,5,Отлично! Всё супер.,2024-07-21
772,500,956,1,"Ужасно, пришло сломанным.",2025-01-03
773,262,311,3,"Нормально, сойдет.",2025-06-21
774,248,309,5,Отлично! Всё супер.,2025-12-26
775,65,241,5,Отлично! Всё супер.,2024-11-26
776,140,832,4,"Хороший товар, рекомендую.",2025-02-27
777,28,315,4,"Хороший товар, рекомендую.",2025-10-16
778,450,757,5,Отлично! Всё супер.,2026-03-06
779,281,157,5,Отлично! Всё супер.,2024-07-14
780,78,89,5,Отлично! Всё супер.,2025-02-03
781,327,444,4,"Хороший товар, рекомендую.",2025-05-22
782,310,756,5,Отлично! Всё супер.,2025-04-23
783,84,366,5,Отлично! Всё супер.,2024-11-27
784,403,177,4,"Хороший товар, рекомендую.",2025-08-27
785,205,676,1,"Ужасно, пришло сломанным.",2026-04-20
786,411,290,5,Отлично! Всё супер.,2024-10-16
787,46,785,5,Отлично! Всё супер.,2025-07-30
788,344,728,3,"Нормально, сойдет.",2024-11-16
789,397,201,5,Отлично! Всё супер.,2026-02-04
790,42,544,5,Отлично! Всё супер.,2025-10-07
791,128,3,3,"Нормально, сойдет.",2024-09-02
792,220,240,5,Отлично! Всё супер.,2025-09-28
793,173,694,4,"Хороший товар, рекомендую.",2025-09-26
794,148,513,5,Отлично! Всё супер.,2025-02-20
795,258,826,5,Отлично! Всё супер.,2024-09-17
796,34,541,3,"Нормально, сойдет.",2025-09-21
797,301,821,5,Отлично! Всё супер.,2025-08-02
798,12,415,4,"Хороший товар, рекомендую.",2024-06-24
799,444,793,4,"Хороший товар, рекомендую.",2025-12-21
800,434,101,1,"Ужасно, пришло сломанным.",2024-06-25
801,23,187,5,Отлично! Всё супер.,2026-02-22
802,418,900,2,Качество не очень.,2025-03-30
803,101,673,4,"Хороший товар, рекомендую.",2024-08-18
804,43,822,5,Отлично! Всё супер.,2026-02-05
805,127,884,5,Отлично! Всё супер.,2025-12-08
806,363,412,1,"Ужасно, пришло сломанным.",2025-02-22
807,313,762,2,Качество не очень.,2026-05-18
808,218,5,5,Отлично! Всё супер.,2025-03-09
809,123,509,5,Отлично! Всё супер.,2026-01-25
810,366,748,3,"Нормально, сойдет.",2026-01-24
811,259,395,5,Отлично! Всё супер.,2025-08-12
812,30,208,2,Качество не очень.,2024-07-28
813,358,207,3,"Нормально, сойдет.",2025-10-30
814,229,564,3,"Нормально, сойдет.",2024-07-17
815,319,619,5,Отлично! Всё супер.,2025-07-16
816,26,83,5,Отлично! Всё супер.,2024-11-19
817,142,34,2,Качество не очень.,2025-03-17
818,108,305,5,Отлично! Всё супер.,2025-07-29
819,244,833,5,Отлично! Всё супер.,2024-11-10
820,55,769,3,"Нормально, сойдет.",2024-10-08
821,383,102,5,Отлично! Всё супер.,2026-03-22
822,239,781,5,Отлично! Всё супер.,2025-07-30
823,213,47,5,Отлично! Всё супер.,2025-04-12
824,54,906,5,Отлично! Всё супер.,2026-04-07
825,199,906,5,Отлично! Всё супер.,2025-12-18
826,390,963,5,Отлично! Всё супер.,2024-12-04
827,367,632,4,"Хороший товар, рекомендую.",2025-01-20
828,27,740,5,Отлично! Всё супер.,2026-02-21
829,51,596,5,Отлично! Всё супер.,2024-10-12
830,433,652,5,Отлично! Всё супер.,2026-05-17
831,269,337,4,"Хороший товар, рекомендую.",2025-03-26
832,472,10,5,Отлично! Всё супер.,2025-02-21
833,40,211,5,Отлично! Всё супер.,2025-04-26
834,175,229,5,Отлично! Всё супер.,2024-11-23
835,85,724,4,"Хороший товар, рекомендую.",2025-08-12
836,242,945,3,"Нормально, сойдет.",2025-12-30
837,271,693,3,"Нормально, сойдет.",2024-12-19
838,228,536,5,Отлично! Всё супер.,2026-06-09
839,242,141,5,Отлично! Всё супер.,2024-06-19
840,307,779,5,Отлично! Всё супер.,2024-07-07
841,117,480,2,Качество не очень.,2026-03-27
842,213,109,3,"Нормально, сойдет.",2024-06-24
843,283,707,4,"Хороший товар, рекомендую.",2026-01-16
844,399,631,5,Отлично! Всё супер.,2026-06-09
845,428,159,4,"Хороший товар, рекомендую.",2025-07-22
846,104,694,3,"Нормально, сойдет.",2024-08-27
847,389,603,5,Отлично! Всё супер.,2025-07-03
848,197,258,5,Отлично! Всё супер.,2025-04-14
849,397,124,4,"Хороший товар, рекомендую.",2026-02-13
850,249,347,5,Отлично! Всё супер.,2025-06-20
851,21,459,5,Отлично! Всё супер.,2024-07-11
852,287,885,5,Отлично! Всё супер.,2024-10-08
853,463,8,3,"Нормально, сойдет.",2025-01-14
854,147,561,3,"Нормально, сойдет.",2025-01-29
855,371,734,1,"Ужасно, пришло сломанным.",2024-06-27
856,402,361,5,Отлично! Всё супер.,2024-12-04
857,497,513,4,"Хороший товар, рекомендую.",2025-10-12
858,87,667,1,"Ужасно, пришло сломанным.",2026-01-29
859,445,301,4,"Хороший товар, рекомендую.",2025-11-25
860,394,139,3,"Нормально, сойдет.",2024-12-18
861,203,988,4,"Хороший товар, рекомендую.",2024-07-05
862,497,845,3,"Нормально, сойдет.",2025-01-06
863,300,39,3,"Нормально, сойдет.",2026-01-12
864,197,617,5,Отлично! Всё супер.,2024-09-13
865,196,565,5,Отлично! Всё супер.,2026-03-02
866,234,266,4,"Хороший товар, рекомендую.",2026-02-07
867,242,21,4,"Хороший товар, рекомендую.",2025-03-29
868,227,699,4,"Хороший товар, рекомендую.",2025-10-30
869,34,448,5,Отлично! Всё супер.,2025-04-16
870,61,252,5,Отлично! Всё супер.,2024-09-18
871,469,954,5,Отлично! Всё супер.,2026-03-06
872,384,963,4,"Хороший товар, рекомендую.",2026-01-05
873,73,92,5,Отлично! Всё супер.,2026-04-20
874,377,119,4,"Хороший товар, рекомендую.",2025-01-04
875,459,306,5,Отлично! Всё супер.,2026-04-09
876,199,75,5,Отлично! Всё супер.,2024-08-13
877,476,10,1,"Ужасно, пришло сломанным.",2024-08-07
878,187,48,4,"Хороший товар, рекомендую.",2024-08-05
879,489,833,5,Отлично! Всё супер.,2025-07-05
880,393,265,5,Отлично! Всё супер.,2025-12-21
881,81,289,5,Отлично! Всё супер.,2025-12-07
882,360,767,5,Отлично! Всё супер.,2026-01-22
883,318,552,5,Отлично! Всё супер.,2025-12-30
884,296,141,5,Отлично! Всё супер.,2025-04-27
885,438,300,4,"Хороший товар, рекомендую.",2024-06-24
886,113,25,5,Отлично! Всё супер.,2024-06-20
887,468,110,1,"Ужасно, пришло сломанным.",2026-01-06
888,308,829,5,Отлично! Всё супер.,2026-03-15
889,417,16,5,Отлично! Всё супер.,2025-08-03
890,118,48,4,"Хороший товар, рекомендую.",2025-09-21
891,189,934,3,"Нормально, сойдет.",2026-05-23
892,244,737,2,Качество не очень.,2024-10-04
893,414,732,4,"Хороший товар, рекомендую.",2024-08-22
894,199,716,5,Отлично! Всё супер.,2026-01-01
895,366,814,4,"Хороший товар, рекомендую.",2025-09-08
896,342,889,4,"Хороший товар, рекомендую.",2026-02-14
897,442,338,5,Отлично! Всё супер.,2025-04-08
898,282,93,4,"Хороший товар, рекомендую.",2024-11-06
899,167,18,2,Качество не очень.,2026-03-16
900,451,780,5,Отлично! Всё супер.,2025-09-22
901,256,431,4,"Хороший товар, рекомендую.",2026-04-07
902,80,503,4,"Хороший товар, рекомендую.",2025-02-06
903,414,600,5,Отлично! Всё супер.,2026-02-08
904,439,983,5,Отлично! Всё супер.,2025-02-15
905,242,253,3,"Нормально, сойдет.",2025-05-05
906,165,763,5,Отлично! Всё супер.,2025-07-11
907,443,114,5,Отлично! Всё супер.,2026-01-07
908,395,79,3,"Нормально, сойдет.",2024-06-27
909,465,505,5,Отлично! Всё супер.,2025-01-29
910,51,138,4,"Хороший товар, рекомендую.",2025-01-07
911,191,784,4,"Хороший товар, рекомендую.",2025-05-31
912,260,101,5,Отлично! Всё супер.,2024-11-13
913,133,159,4,"Хороший товар, рекомендую.",2024-08-25
914,481,655,4,"Хороший товар, рекомендую.",2024-12-31
915,344,832,1,"Ужасно, пришло сломанным.",2025-10-31
916,83,233,5,Отлично! Всё супер.,2025-08-30
917,10,158,5,Отлично! Всё супер.,2025-06-10
918,150,446,4,"Хороший товар, рекомендую.",2025-03-28
919,432,379,5,Отлично! Всё супер.,2025-01-21
920,217,792,5,Отлично! Всё супер.,2025-05-08
921,73,38,4,"Хороший товар, рекомендую.",2024-08-20
922,227,105,4,"Хороший товар, рекомендую.",2024-11-28
923,105,63,1,"Ужасно, пришло сломанным.",2025-04-20
924,238,126,5,Отлично! Всё супер.,2025-08-18
925,413,270,4,"Хороший товар, рекомендую.",2025-01-11
926,247,545,5,Отлично! Всё супер.,2025-06-19
927,386,236,5,Отлично! Всё супер.,2025-01-15
928,371,63,4,"Хороший товар, рекомендую.",2026-05-15
929,250,326,4,"Хороший товар, рекомендую.",2025-12-06
930,117,543,4,"Хороший товар, рекомендую.",2025-07-28
931,96,910,1,"Ужасно, пришло сломанным.",2025-07-07
932,421,75,4,"Хороший товар, рекомендую.",2024-12-15
933,258,867,5,Отлично! Всё супер.,2025-04-02
934,236,688,4,"Хороший товар, рекомендую.",2024-06-22
935,26,166,3,"Нормально, сойдет.",2025-06-30
936,171,266,5,Отлично! Всё супер.,2025-12-26
937,202,702,5,Отлично! Всё супер.,2025-04-10
938,76,915,5,Отлично! Всё супер.,2025-03-25
939,285,529,4,"Хороший товар, рекомендую.",2026-01-22
940,24,460,5,Отлично! Всё супер.,2025-08-07
941,129,140,4,"Хороший товар, рекомендую.",2025-12-16
942,335,914,1,"Ужасно, пришло сломанным.",2024-09-01
943,106,148,4,"Хороший товар, рекомендую.",2025-05-26
944,35,881,4,"Хороший товар, рекомендую.",2024-11-30
945,106,966,5,Отлично! Всё супер.,2025-08-31
946,373,562,4,"Хороший товар, рекомендую.",2024-06-28
947,206,488,5,Отлично! Всё супер.,2025-04-13
948,71,367,4,"Хороший товар, рекомендую.",2026-01-29
949,112,915,5,Отлично! Всё супер.,2024-12-06
950,370,517,5,Отлично! Всё супер.,2025-05-22
951,311,54,5,Отлично! Всё супер.,2025-03-23
952,344,711,4,"Хороший товар, рекомендую.",2025-06-14
953,135,530,1,"Ужасно, пришло сломанным.",2025-08-20
954,268,403,5,Отлично! Всё супер.,2024-09-01
955,120,181,5,Отлично! Всё супер.,2025-10-21
956,172,799,2,Качество не очень.,2025-02-05
957,121,266,4,"Хороший товар, рекомендую.",2025-02-22
958,404,27,1,"Ужасно, пришло сломанным.",2024-09-28
959,484,855,5,Отлично! Всё супер.,2026-02-27
960,75,486,5,Отлично! Всё супер.,2025-10-11
961,215,761,4,"Хороший товар, рекомендую.",2024-08-12
962,464,336,2,Качество не очень.,2024-08-22
963,231,440,5,Отлично! Всё супер.,2025-08-18
964,398,10,5,Отлично! Всё супер.,2024-10-18
965,350,672,4,"Хороший товар, рекомендую.",2024-11-17
966,211,462,5,Отлично! Всё супер.,2026-04-11
967,243,513,2,Качество не очень.,2025-06-24
968,238,512,5,Отлично! Всё супер.,2025-09-12
969,177,261,5,Отлично! Всё супер.,2024-12-20
970,436,79,3,"Нормально, сойдет.",2024-08-13
971,442,29,5,Отлично! Всё супер.,2024-09-26
972,401,540,4,"Хороший товар, рекомендую.",2025-04-18
973,433,186,4,"Хороший товар, рекомендую.",2025-09-30
974,441,413,4,"Хороший товар, рекомендую.",2026-03-21
975,67,467,5,Отлично! Всё супер.,2025-06-11
976,93,62,5,Отлично! Всё супер.,2025-07-20
977,90,967,5,Отлично! Всё супер.,2025-12-22
978,247,106,5,Отлично! Всё супер.,2026-03-23
979,39,856,3,"Нормально, сойдет.",2025-08-23
980,190,667,4,"Хороший товар, рекомендую.",2026-01-20
981,219,622,5,Отлично! Всё супер.,2024-12-06
982,252,110,3,"Нормально, сойдет.",2024-07-24
983,30,799,4,"Хороший товар, рекомендую.",2026-01-26
984,316,905,4,"Хороший товар, рекомендую.",2025-06-27
985,59,296,5,Отлично! Всё супер.,2024-12-21
986,283,414,4,"Хороший товар, рекомендую.",2025-04-24
987,120,34,5,Отлично! Всё супер.,2025-02-05
988,482,107,4,"Хороший товар, рекомендую.",2026-01-05
989,490,593,5,Отлично! Всё супер.,2025-02-26
990,300,878,1,"Ужасно, пришло сломанным.",2026-03-19
991,96,31,5,Отлично! Всё супер.,2024-10-03
992,383,424,5,Отлично! Всё супер.,2024-07-07
993,292,814,5,Отлично! Всё супер.,2025-02-13
994,49,912,5,Отлично! Всё супер.,2025-11-26
995,348,408,4,"Хороший товар, рекомендую.",2025-08-22
996,425,80,4,"Хороший товар, рекомендую.",2025-09-17
997,280,26,2,Качество не очень.,2025-04-20
998,231,476,5,Отлично! Всё супер.,2026-04-16
999,389,20,5,Отлично! Всё супер.,2024-06-13
1000,413,83,5,Отлично! Всё супер.,2025-01-03
1001,100,457,4,"Хороший товар, рекомендую.",2025-11-27
1002,21,910,5,Отлично! Всё супер.,2024-11-18
1003,6,964,4,"Хороший товар, рекомендую.",2026-01-16
1004,299,204,1,"Ужасно, пришло сломанным.",2025-08-19
1005,212,856,4,"Хороший товар, рекомендую.",2026-02-16
1006,130,939,4,"Хороший товар, рекомендую.",2025-06-23
1007,296,230,4,"Хороший товар, рекомендую.",2025-08-06
1008,442,828,5,Отлично! Всё супер.,2025-07-02
1009,289,286,4,"Хороший товар, рекомендую.",2025-02-07
1010,222,248,5,Отлично! Всё супер.,2025-10-28
1011,3,553,5,Отлично! Всё супер.,2024-12-09
1012,289,34,4,"Хороший товар, рекомендую.",2025-02-13
1013,388,952,5,Отлично! Всё супер.,2025-06-02
1014,32,161,4,"Хороший товар, рекомендую.",2025-12-11
1015,316,747,5,Отлично! Всё супер.,2025-06-19
1016,282,333,5,Отлично! Всё супер.,2025-07-13
1017,310,225,3,"Нормально, сойдет.",2025-08-13
1018,116,131,5,Отлично! Всё супер.,2026-04-06
1019,81,777,4,"Хороший товар, рекомендую.",2026-01-04
1020,277,882,4,"Хороший товар, рекомендую.",2025-12-30
1021,459,587,2,Качество не очень.,2024-08-11
1022,199,228,3,"Нормально, сойдет.",2026-05-25
1023,25,306,4,"Хороший товар, рекомендую.",2024-08-29
1024,289,837,5,Отлично! Всё супер.,2025-05-05
1025,65,851,4,"Хороший товар, рекомендую.",2025-12-04
1026,215,464,4,"Хороший товар, рекомендую.",2024-08-08
1027,170,844,4,"Хороший товар, рекомендую.",2025-03-27
1028,442,171,3,"Нормально, сойдет.",2024-09-15
1029,156,365,5,Отлично! Всё супер.,2026-01-17
1030,302,501,5,Отлично! Всё супер.,2024-06-19
1031,384,642,4,"Хороший товар, рекомендую.",2024-10-12
1032,12,464,5,Отлично! Всё супер.,2025-07-17
1033,259,880,5,Отлично! Всё супер.,2026-01-11
1034,155,836,5,Отлично! Всё супер.,2024-09-11
1035,384,508,1,"Ужасно, пришло сломанным.",2024-10-16
1036,386,423,5,Отлично! Всё супер.,2024-11-09
1037,12,174,5,Отлично! Всё супер.,2025-05-14
1038,6,682,1,"Ужасно, пришло сломанным.",2026-04-15
1039,53,579,5,Отлично! Всё супер.,2024-09-05
1040,433,176,5,Отлично! Всё супер.,2024-07-09
1041,85,191,5,Отлично! Всё супер.,2026-04-27
1042,463,381,5,Отлично! Всё супер.,2025-05-04
1043,484,307,5,Отлично! Всё супер.,2025-06-28
1044,122,635,5,Отлично! Всё супер.,2024-10-19
1045,133,556,1,"Ужасно, пришло сломанным.",2025-10-08
1046,18,599,5,Отлично! Всё супер.,2026-02-22
1047,461,161,4,"Хороший товар, рекомендую.",2025-07-21
1048,99,254,4,"Хороший товар, рекомендую.",2025-06-22
1049,4,981,4,"Хороший товар, рекомендую.",2024-09-25
1050,184,69,3,"Нормально, сойдет.",2026-01-11
1051,415,384,1,"Ужасно, пришло сломанным.",2026-04-19
1052,413,340,5,Отлично! Всё супер.,2025-08-07
1053,499,61,4,"Хороший товар, рекомендую.",2025-04-29
1054,453,747,3,"Нормально, сойдет.",2025-04-15
1055,173,291,4,"Хороший товар, рекомендую.",2024-06-16
1056,368,700,4,"Хороший товар, рекомендую.",2025-01-25
1057,116,876,5,Отлично! Всё супер.,2024-09-08
1058,259,833,4,"Хороший товар, рекомендую.",2025-05-13
1059,287,292,5,Отлично! Всё супер.,2025-01-23
1060,107,639,5,Отлично! Всё супер.,2025-12-20
1061,398,252,3,"Нормально, сойдет.",2026-05-26
1062,84,302,3,"Нормально, сойдет.",2026-04-23
1063,202,942,5,Отлично! Всё супер.,2025-11-16
1064,219,136,3,"Нормально, сойдет.",2025-01-05
1065,276,28,1,"Ужасно, пришло сломанным.",2025-07-19
1066,383,759,4,"Хороший товар, рекомендую.",2025-02-14
1067,331,237,5,Отлично! Всё супер.,2025-09-29
1068,426,990,3,"Нормально, сойдет.",2026-04-30
1069,386,277,5,Отлично! Всё супер.,2025-03-24
1070,451,594,2,Качество не очень.,2025-08-20
1071,400,342,2,Качество не очень.,2025-10-27
1072,202,321,5,Отлично! Всё супер.,2024-10-15
1073,314,616,5,Отлично! Всё супер.,2024-09-26
1074,488,58,5,Отлично! Всё супер.,2025-01-20
1075,125,991,3,"Нормально, сойдет.",2025-07-20
1076,102,78,4,"Хороший товар, рекомендую.",2025-11-23
1077,159,603,4,"Хороший товар, рекомендую.",2024-11-14
1078,82,68,4,"Хороший товар, рекомендую.",2026-02-22
1079,197,187,5,Отлично! Всё супер.,2025-09-28
1080,444,275,5,Отлично! Всё супер.,2025-12-15
1081,290,209,5,Отлично! Всё супер.,2025-03-24
1082,176,638,5,Отлично! Всё супер.,2025-07-17
1083,51,601,5,Отлично! Всё супер.,2025-09-21
1084,203,458,3,"Нормально, сойдет.",2024-12-21
1085,118,103,2,Качество не очень.,2025-06-10
1086,119,740,4,"Хороший товар, рекомендую.",2025-06-03
1087,484,434,4,"Хороший товар, рекомендую.",2024-11-19
1088,141,485,5,Отлично! Всё супер.,2026-06-06
1089,342,874,4,"Хороший товар, рекомендую.",2025-02-20
1090,470,409,5,Отлично! Всё супер.,2026-05-30
1091,53,919,4,"Хороший товар, рекомендую.",2026-01-10
1092,360,27,5,Отлично! Всё супер.,2025-12-20
1093,218,124,5,Отлично! Всё супер.,2026-04-02
1094,393,235,4,"Хороший товар, рекомендую.",2026-05-30
1095,293,608,1,"Ужасно, пришло сломанным.",2024-09-22
1096,380,901,3,"Нормально, сойдет.",2024-10-14
1097,138,323,5,Отлично! Всё супер.,2025-07-21
1098,139,63,5,Отлично! Всё супер.,2025-12-16
1099,362,109,3,"Нормально, сойдет.",2026-03-15
1100,354,236,2,Качество не очень.,2025-06-12
1101,182,11,5,Отлично! Всё супер.,2024-06-16
1102,139,215,4,"Хороший товар, рекомендую.",2025-02-10
1103,72,103,5,Отлично! Всё супер.,2025-04-28
1104,54,307,5,Отлично! Всё супер.,2024-10-26
1105,431,51,4,"Хороший товар, рекомендую.",2024-10-03
1106,227,497,5,Отлично! Всё супер.,2025-06-09
1107,237,654,5,Отлично! Всё супер.,2024-07-31
1108,239,620,3,"Нормально, сойдет.",2024-06-13
1109,192,710,5,Отлично! Всё супер.,2025-02-06
1110,441,135,5,Отлично! Всё супер.,2025-12-05
1111,48,514,3,"Нормально, сойдет.",2024-11-01
1112,363,839,5,Отлично! Всё супер.,2024-11-10
1113,409,692,4,"Хороший товар, рекомендую.",2025-11-30
1114,478,553,4,"Хороший товар, рекомендую.",2024-08-20
1115,303,185,5,Отлично! Всё супер.,2025-07-31
1116,497,8,5,Отлично! Всё супер.,2025-05-31
1117,278,495,4,"Хороший товар, рекомендую.",2025-02-21
1118,221,505,4,"Хороший товар, рекомендую.",2024-08-21
1119,425,589,5,Отлично! Всё супер.,2024-07-26
1120,107,902,3,"Нормально, сойдет.",2025-10-07
1121,88,604,4,"Хороший товар, рекомендую.",2025-06-08
1122,286,441,5,Отлично! Всё супер.,2025-09-13
1123,184,894,4,"Хороший товар, рекомендую.",2024-10-08
1124,30,170,5,Отлично! Всё супер.,2024-07-30
1125,367,556,4,"Хороший товар, рекомендую.",2025-03-08
1126,492,444,5,Отлично! Всё супер.,2025-10-16
1127,453,533,4,"Хороший товар, рекомендую.",2025-08-17
1128,258,805,4,"Хороший товар, рекомендую.",2026-04-26
1129,377,540,5,Отлично! Всё супер.,2024-12-01
1130,425,757,5,Отлично! Всё супер.,2025-03-03
1131,499,794,5,Отлично! Всё супер.,2025-10-10
1132,224,728,4,"Хороший товар, рекомендую.",2024-06-19
1133,70,415,5,Отлично! Всё супер.,2026-05-30
1134,10,758,5,Отлично! Всё супер.,2024-11-05
1135,204,494,5,Отлично! Всё супер.,2025-01-08
1136,300,798,3,"Нормально, сойдет.",2025-01-15
1137,157,947,3,"Нормально, сойдет.",2026-03-08
1138,400,653,4,"Хороший товар, рекомендую.",2026-05-17
1139,378,383,5,Отлично! Всё супер.,2026-04-14
1140,300,402,2,Качество не очень.,2025-05-06
1141,82,177,3,"Нормально, сойдет.",2025-09-05
1142,180,9,3,"Нормально, сойдет.",2025-12-27
1143,274,188,5,Отлично! Всё супер.,2025-02-01
1144,408,680,4,"Хороший товар, рекомендую.",2025-03-21
1145,208,173,5,Отлично! Всё супер.,2025-10-07
1146,154,458,5,Отлично! Всё супер.,2026-01-25
1147,211,194,3,"Нормально, сойдет.",2025-04-18
1148,129,902,5,Отлично! Всё супер.,2026-06-04
1149,7,93,3,"Нормально, сойдет.",2024-12-23
1150,87,812,5,Отлично! Всё супер.,2025-08-18
1151,473,281,3,"Нормально, сойдет.",2025-08-03
1152,292,588,2,Качество не очень.,2025-10-20
1153,6,807,3,"Нормально, сойдет.",2025-11-03
1154,360,671,1,"Ужасно, пришло сломанным.",2024-11-13
1155,88,852,4,"Хороший товар, рекомендую.",2024-08-08
1156,21,138,5,Отлично! Всё супер.,2025-09-12
1157,1,269,4,"Хороший товар, рекомендую.",2024-10-05
1158,457,351,5,Отлично! Всё супер.,2024-08-27
1159,27,986,5,Отлично! Всё супер.,2025-12-28
1160,221,199,5,Отлично! Всё супер.,2024-11-24
1161,245,857,3,"Нормально, сойдет.",2025-01-12
1162,21,20,4,"Хороший товар, рекомендую.",2024-10-25
1163,315,77,5,Отлично! Всё супер.,2024-12-30
1164,390,87,1,"Ужасно, пришло сломанным.",2025-08-20
1165,126,380,5,Отлично! Всё супер.,2024-08-27
1166,276,635,5,Отлично! Всё супер.,2024-09-15
1167,83,306,3,"Нормально, сойдет.",2026-02-17
1168,48,89,5,Отлично! Всё супер.,2025-07-19
1169,114,392,5,Отлично! Всё супер.,2025-09-08
1170,356,48,5,Отлично! Всё супер.,2025-10-22
1171,11,955,4,"Хороший товар, рекомендую.",2026-01-25
1172,237,498,5,Отлично! Всё супер.,2025-04-02
1173,165,410,5,Отлично! Всё супер.,2025-02-20
1174,57,946,4,"Хороший товар, рекомендую.",2025-08-30
1175,215,851,5,Отлично! Всё супер.,2026-01-29
1176,243,1000,5,Отлично! Всё супер.,2026-04-02
1177,67,401,4,"Хороший товар, рекомендую.",2025-09-11
1178,363,539,4,"Хороший товар, рекомендую.",2025-09-21
1179,182,11,5,Отлично! Всё супер.,2025-01-10
1180,167,234,1,"Ужасно, пришло сломанным.",2026-02-26
1181,103,278,4,"Хороший товар, рекомендую.",2026-01-02
1182,228,846,4,"Хороший товар, рекомендую.",2026-04-16
1183,76,878,4,"Хороший товар, рекомендую.",2025-09-30
1184,57,211,4,"Хороший товар, рекомендую.",2025-11-10
1185,454,203,5,Отлично! Всё супер.,2026-05-16
1186,59,13,5,Отлично! Всё супер.,2025-06-11
1187,406,633,5,Отлично! Всё супер.,2024-11-18
1188,365,96,4,"Хороший товар, рекомендую.",2024-10-17
1189,154,141,5,Отлично! Всё супер.,2024-06-11
1190,367,102,5,Отлично! Всё супер.,2026-02-07
1191,142,922,4,"Хороший товар, рекомендую.",2024-12-06
1192,60,938,5,Отлично! Всё супер.,2024-11-24
1193,236,183,5,Отлично! Всё супер.,2024-08-18
1194,338,917,4,"Хороший товар, рекомендую.",2026-06-01
1195,186,489,4,"Хороший товар, рекомендую.",2026-02-22
1196,458,941,5,Отлично! Всё супер.,2025-09-29
1197,217,880,5,Отлично! Всё супер.,2024-09-30
1198,405,258,5,Отлично! Всё супер.,2024-09-28
1199,93,639,5,Отлично! Всё супер.,2024-10-15
1200,420,285,5,Отлично! Всё супер.,2025-06-13
1201,415,72,5,Отлично! Всё супер.,2026-04-19
1202,440,349,4,"Хороший товар, рекомендую.",2024-06-09
1203,282,452,3,"Нормально, сойдет.",2025-02-15
1204,45,856,1,"Ужасно, пришло сломанным.",2024-08-08
1205,318,631,5,Отлично! Всё супер.,2026-05-05
1206,89,307,5,Отлично! Всё супер.,2024-07-19
1207,22,904,5,Отлично! Всё супер.,2024-09-23
1208,287,225,3,"Нормально, сойдет.",2025-07-11
1209,137,791,4,"Хороший товар, рекомендую.",2026-02-25
1210,394,509,4,"Хороший товар, рекомендую.",2025-05-16
1211,138,354,3,"Нормально, сойдет.",2025-05-05
1212,172,816,4,"Хороший товар, рекомендую.",2025-11-07
1213,422,399,3,"Нормально, сойдет.",2025-06-10
1214,230,584,5,Отлично! Всё супер.,2025-02-18
1215,6,170,5,Отлично! Всё супер.,2025-01-30
1216,151,792,4,"Хороший товар, рекомендую.",2025-07-02
1217,382,231,5,Отлично! Всё супер.,2026-01-20
1218,390,141,4,"Хороший товар, рекомендую.",2024-09-08
1219,291,43,4,"Хороший товар, рекомендую.",2024-12-13
1220,240,178,4,"Хороший товар, рекомендую.",2025-08-18
1221,223,752,3,"Нормально, сойдет.",2025-04-10
1222,33,669,5,Отлично! Всё супер.,2025-03-29
1223,491,4,1,"Ужасно, пришло сломанным.",2026-01-31
1224,117,513,5,Отлично! Всё супер.,2025-04-04
1225,321,907,5,Отлично! Всё супер.,2025-12-09
1226,380,967,4,"Хороший товар, рекомендую.",2025-06-12
1227,47,401,4,"Хороший товар, рекомендую.",2025-03-11
1228,121,329,5,Отлично! Всё супер.,2025-02-06
1229,309,17,5,Отлично! Всё супер.,2026-03-22
1230,17,596,5,Отлично! Всё супер.,2025-07-19
1231,245,547,5,Отлично! Всё супер.,2025-02-10
1232,345,438,2,Качество не очень.,2025-07-26
1233,251,867,1,"Ужасно, пришло сломанным.",2024-08-08
1234,211,755,5,Отлично! Всё супер.,2026-04-26
1235,114,467,2,Качество не очень.,2025-09-22
1236,465,536,5,Отлично! Всё супер.,2026-03-25
1237,109,469,4,"Хороший товар, рекомендую.",2024-11-22
1238,373,385,2,Качество не очень.,2024-10-16
1239,386,463,2,Качество не очень.,2025-10-14
1240,494,877,5,Отлично! Всё супер.,2026-03-18
1241,213,263,4,"Хороший товар, рекомендую.",2025-01-10
1242,435,479,5,Отлично! Всё супер.,2025-12-13
1243,449,398,3,"Нормально, сойдет.",2024-09-27
1244,207,567,5,Отлично! Всё супер.,2026-03-23
1245,462,988,5,Отлично! Всё супер.,2025-05-14
1246,189,675,5,Отлично! Всё супер.,2025-08-18
1247,356,90,4,"Хороший товар, рекомендую.",2025-05-18
1248,419,530,5,Отлично! Всё супер.,2025-06-24
1249,293,35,5,Отлично! Всё супер.,2025-11-30
1250,77,464,5,Отлично! Всё супер.,2026-02-11
1251,357,171,4,"Хороший товар, рекомендую.",2024-12-20
1252,57,12,5,Отлично! Всё супер.,2025-11-23
1253,158,343,5,Отлично! Всё супер.,2024-09-10
1254,233,666,1,"Ужасно, пришло сломанным.",2025-08-16
1255,288,395,5,Отлично! Всё супер.,2026-05-08
1256,500,242,1,"Ужасно, пришло сломанным.",2025-05-13
1257,386,904,4,"Хороший товар, рекомендую.",2025-10-28
1258,173,922,4,"Хороший товар, рекомендую.",2025-03-06
1259,362,254,1,"Ужасно, пришло сломанным.",2024-10-25
1260,469,436,4,"Хороший товар, рекомендую.",2024-06-28
1261,126,217,5,Отлично! Всё супер.,2026-04-12
1262,248,661,1,"Ужасно, пришло сломанным.",2025-03-20
1263,109,23,4,"Хороший товар, рекомендую.",2026-04-04
1264,242,718,5,Отлично! Всё супер.,2025-06-06
1265,464,124,5,Отлично! Всё супер.,2026-01-28
1266,70,188,5,Отлично! Всё супер.,2025-11-11
1267,216,421,5,Отлично! Всё супер.,2025-03-04
1268,244,934,5,Отлично! Всё супер.,2025-12-26
1269,144,795,5,Отлично! Всё супер.,2025-05-04
1270,9,790,2,Качество не очень.,2024-11-22
1271,261,663,5,Отлично! Всё супер.,2025-10-01
1272,169,224,5,Отлично! Всё супер.,2025-08-17
1273,169,693,5,Отлично! Всё супер.,2026-04-20
1274,424,48,5,Отлично! Всё супер.,2026-05-25
1275,385,211,4,"Хороший товар, рекомендую.",2026-06-08
1276,105,312,5,Отлично! Всё супер.,2024-11-04
1277,87,714,5,Отлично! Всё супер.,2025-04-02
1278,317,890,5,Отлично! Всё супер.,2025-03-26
1279,388,494,5,Отлично! Всё супер.,2024-10-26
1280,13,760,5,Отлично! Всё супер.,2026-06-03
1281,409,653,5,Отлично! Всё супер.,2026-01-10
1282,12,865,4,"Хороший товар, рекомендую.",2024-06-17
1283,155,585,5,Отлично! Всё супер.,2024-11-08
1284,425,121,3,"Нормально, сойдет.",2025-05-18
1285,31,269,5,Отлично! Всё супер.,2025-03-16
1286,288,433,5,Отлично! Всё супер.,2025-07-22
1287,392,80,5,Отлично! Всё супер.,2024-11-07
1288,206,700,5,Отлично! Всё супер.,2024-06-13
1289,16,417,5,Отлично! Всё супер.,2025-09-07
1290,96,860,4,"Хороший товар, рекомендую.",2025-02-05
1291,36,412,2,Качество не очень.,2025-02-19
1292,296,954,5,Отлично! Всё супер.,2024-08-21
1293,459,901,5,Отлично! Всё супер.,2026-05-17
1294,99,967,1,"Ужасно, пришло сломанным.",2025-03-22
1295,298,182,5,Отлично! Всё супер.,2026-05-21
1296,261,860,5,Отлично! Всё супер.,2024-12-23
1297,345,581,5,Отлично! Всё супер.,2025-07-04
1298,477,164,5,Отлично! Всё супер.,2026-05-25
1299,288,158,4,"Хороший товар, рекомендую.",2024-06-19
1300,166,989,4,"Хороший товар, рекомендую.",2025-09-23
1301,105,792,5,Отлично! Всё супер.,2025-01-07
1302,238,93,5,Отлично! Всё супер.,2024-07-05
1303,469,945,4,"Хороший товар, рекомендую.",2025-10-24
1304,217,843,1,"Ужасно, пришло сломанным.",2025-01-08
1305,313,269,5,Отлично! Всё супер.,2025-10-20
1306,301,299,3,"Нормально, сойдет.",2025-06-15
1307,106,736,3,"Нормально, сойдет.",2025-04-14
1308,275,704,5,Отлично! Всё супер.,2024-07-13
1309,121,996,5,Отлично! Всё супер.,2025-12-01
1310,346,790,5,Отлично! Всё супер.,2025-12-08
1311,168,310,4,"Хороший товар, рекомендую.",2024-12-22
1312,328,616,5,Отлично! Всё супер.,2025-01-07
1313,58,290,5,Отлично! Всё супер.,2025-10-07
1314,290,626,4,"Хороший товар, рекомендую.",2024-07-23
1315,231,28,5,Отлично! Всё супер.,2025-08-27
1316,307,184,5,Отлично! Всё супер.,2026-03-10
1317,175,840,2,Качество не очень.,2024-07-02
1318,98,3,5,Отлично! Всё супер.,2026-04-10
1319,311,544,4,"Хороший товар, рекомендую.",2025-12-18
1320,140,238,3,"Нормально, сойдет.",2026-05-30
1321,263,761,5,Отлично! Всё супер.,2025-06-09
1322,338,806,5,Отлично! Всё супер.,2025-09-23
1323,28,715,4,"Хороший товар, рекомендую.",2025-10-13
1324,447,711,3,"Нормально, сойдет.",2025-05-28
1325,380,78,5,Отлично! Всё супер.,2025-06-24
1326,276,115,4,"Хороший товар, рекомендую.",2024-10-21
1327,258,881,4,"Хороший товар, рекомендую.",2025-06-11
1328,198,650,5,Отлично! Всё супер.,2026-01-12
1329,329,278,4,"Хороший товар, рекомендую.",2026-04-19
1330,348,117,5,Отлично! Всё супер.,2025-10-24
1331,331,541,4,"Хороший товар, рекомендую.",2026-01-12
1332,387,777,5,Отлично! Всё супер.,2025-08-06
1333,27,106,5,Отлично! Всё супер.,2026-02-26
1334,436,259,4,"Хороший товар, рекомендую.",2024-08-28
1335,298,944,5,Отлично! Всё супер.,2024-07-08
1336,73,923,5,Отлично! Всё супер.,2025-03-23
1337,262,96,5,Отлично! Всё супер.,2024-07-01
1338,103,963,4,"Хороший товар, рекомендую.",2025-09-28
1339,24,118,4,"Хороший товар, рекомендую.",2026-05-04
1340,480,614,4,"Хороший товар, рекомендую.",2025-12-15
1341,212,646,5,Отлично! Всё супер.,2024-10-05
1342,229,901,4,"Хороший товар, рекомендую.",2025-12-09
1343,16,526,1,"Ужасно, пришло сломанным.",2026-01-01
1344,17,531,5,Отлично! Всё супер.,2024-10-24
1345,444,985,5,Отлично! Всё супер.,2026-04-16
1346,233,164,5,Отлично! Всё супер.,2026-03-31
1347,271,170,4,"Хороший товар, рекомендую.",2024-09-19
1348,213,564,5,Отлично! Всё супер.,2024-08-12
1349,446,789,3,"Нормально, сойдет.",2025-04-30
1350,154,863,4,"Хороший товар, рекомендую.",2026-03-18
1351,386,970,5,Отлично! Всё супер.,2026-03-27
1352,436,20,1,"Ужасно, пришло сломанным.",2024-09-09
1353,265,520,4,"Хороший товар, рекомендую.",2024-07-22
1354,495,348,5,Отлично! Всё супер.,2025-05-19
1355,95,657,5,Отлично! Всё супер.,2025-10-17
1356,324,283,5,Отлично! Всё супер.,2025-12-12
1357,215,553,2,Качество не очень.,2024-07-27
1358,480,607,1,"Ужасно, пришло сломанным.",2025-02-08
1359,369,615,5,Отлично! Всё супер.,2024-08-23
1360,198,880,5,Отлично! Всё супер.,2026-04-06
1361,410,484,3,"Нормально, сойдет.",2025-08-05
1362,68,16,4,"Хороший товар, рекомендую.",2025-01-10
1363,272,137,5,Отлично! Всё супер.,2026-04-02
1364,123,640,5,Отлично! Всё супер.,2024-11-06
1365,30,651,3,"Нормально, сойдет.",2025-10-30
1366,90,945,5,Отлично! Всё супер.,2025-09-28
1367,345,923,4,"Хороший товар, рекомендую.",2026-01-02
1368,144,276,5,Отлично! Всё супер.,2024-06-21
1369,412,610,4,"Хороший товар, рекомендую.",2025-02-22
1370,334,189,4,"Хороший товар, рекомендую.",2026-03-21
1371,172,535,5,Отлично! Всё супер.,2025-11-12
1372,449,497,5,Отлично! Всё супер.,2026-03-29
1373,42,183,5,Отлично! Всё супер.,2026-05-08
1374,383,303,1,"Ужасно, пришло сломанным.",2025-02-09
1375,477,674,5,Отлично! Всё супер.,2026-05-07
1376,84,674,3,"Нормально, сойдет.",2025-12-11
1377,111,418,5,Отлично! Всё супер.,2024-10-18
1378,300,93,5,Отлично! Всё супер.,2026-05-13
1379,80,980,5,Отлично! Всё супер.,2025-09-07
1380,187,255,4,"Хороший товар, рекомендую.",2025-12-21
1381,283,932,1,"Ужасно, пришло сломанным.",2025-03-20
1382,232,415,4,"Хороший товар, рекомендую.",2025-07-15
1383,475,722,5,Отлично! Всё супер.,2024-06-20
1384,313,386,2,Качество не очень.,2026-06-09
1385,230,1,5,Отлично! Всё супер.,2025-11-07
1386,387,301,3,"Нормально, сойдет.",2025-04-18
1387,163,137,4,"Хороший товар, рекомендую.",2025-04-28
1388,457,707,5,Отлично! Всё супер.,2026-03-21
1389,181,364,4,"Хороший товар, рекомендую.",2025-11-09
1390,392,436,4,"Хороший товар, рекомендую.",2025-11-11
1391,386,82,4,"Хороший товар, рекомендую.",2024-07-26
1392,418,451,5,Отлично! Всё супер.,2024-07-29
1393,399,965,5,Отлично! Всё супер.,2024-11-05
1394,9,995,4,"Хороший товар, рекомендую.",2026-03-11
1395,205,847,4,"Хороший товар, рекомендую.",2026-01-21
1396,431,899,5,Отлично! Всё супер.,2025-07-03
1397,280,151,5,Отлично! Всё супер.,2024-10-01
1398,448,735,3,"Нормально, сойдет.",2025-12-27
1399,256,255,5,Отлично! Всё супер.,2025-01-02
1400,142,962,5,Отлично! Всё супер.,2024-08-13
1401,211,156,5,Отлично! Всё супер.,2024-10-21
1402,492,131,5,Отлично! Всё супер.,2025-05-19
1403,20,391,4,"Хороший товар, рекомендую.",2024-07-13
1404,238,619,4,"Хороший товар, рекомендую.",2025-01-09
1405,497,542,5,Отлично! Всё супер.,2025-09-24
1406,300,76,4,"Хороший товар, рекомендую.",2024-11-10
1407,298,318,3,"Нормально, сойдет.",2025-11-25
1408,249,992,5,Отлично! Всё супер.,2025-07-06
1409,455,683,5,Отлично! Всё супер.,2025-04-22
1410,70,767,5,Отлично! Всё супер.,2024-10-21
1411,132,191,2,Качество не очень.,2025-10-15
1412,199,189,5,Отлично! Всё супер.,2026-01-10
1413,211,578,3,"Нормально, сойдет.",2026-03-25
1414,6,394,5,Отлично! Всё супер.,2026-03-21
1415,38,990,4,"Хороший товар, рекомендую.",2026-06-09
1416,477,583,4,"Хороший товар, рекомендую.",2024-06-11
1417,91,194,5,Отлично! Всё супер.,2025-02-05
1418,194,625,5,Отлично! Всё супер.,2025-01-07
1419,466,912,5,Отлично! Всё супер.,2025-08-18
1420,337,841,5,Отлично! Всё супер.,2025-03-08
1421,469,755,3,"Нормально, сойдет.",2024-09-08
1422,488,752,5,Отлично! Всё супер.,2025-03-01
1423,111,329,5,Отлично! Всё супер.,2025-06-06
1424,377,489,5,Отлично! Всё супер.,2025-08-24
1425,205,570,5,Отлично! Всё супер.,2026-03-20
1426,364,508,5,Отлично! Всё супер.,2025-12-01
1427,96,382,4,"Хороший товар, рекомендую.",2024-08-14
1428,223,13,5,Отлично! Всё супер.,2025-08-22
1429,127,261,4,"Хороший товар, рекомендую.",2026-06-01
1430,26,536,5,Отлично! Всё супер.,2025-06-03
1431,414,258,5,Отлично! Всё супер.,2024-08-16
1432,417,253,5,Отлично! Всё супер.,2024-09-07
1433,103,618,2,Качество не очень.,2026-05-23
1434,98,1000,5,Отлично! Всё супер.,2024-08-18
1435,44,159,5,Отлично! Всё супер.,2024-10-28
1436,207,11,5,Отлично! Всё супер.,2025-12-27
1437,460,69,1,"Ужасно, пришло сломанным.",2024-08-15
1438,26,669,4,"Хороший товар, рекомендую.",2024-10-31
1439,358,478,5,Отлично! Всё супер.,2025-02-10
1440,76,861,5,Отлично! Всё супер.,2025-09-11
1441,383,967,5,Отлично! Всё супер.,2025-10-08
1442,406,313,2,Качество не очень.,2024-06-24
1443,339,233,5,Отлично! Всё супер.,2026-01-25
1444,446,292,5,Отлично! Всё супер.,2024-10-18
1445,289,73,5,Отлично! Всё супер.,2026-02-11
1446,61,18,4,"Хороший товар, рекомендую.",2024-06-17
1447,416,589,4,"Хороший товар, рекомендую.",2024-11-24
1448,78,923,4,"Хороший товар, рекомендую.",2025-10-17
1449,279,482,5,Отлично! Всё супер.,2025-03-26
1450,303,628,3,"Нормально, сойдет.",2025-06-01
1451,330,336,5,Отлично! Всё супер.,2024-08-11
1452,197,305,5,Отлично! Всё супер.,2026-04-21
1453,403,684,3,"Нормально, сойдет.",2025-12-23
1454,70,304,5,Отлично! Всё супер.,2024-12-17
1455,169,636,5,Отлично! Всё супер.,2025-02-03
1456,333,155,5,Отлично! Всё супер.,2026-03-21
1457,94,240,2,Качество не очень.,2025-11-19
1458,119,32,4,"Хороший товар, рекомендую.",2025-10-20
1459,249,437,5,Отлично! Всё супер.,2026-05-10
1460,483,820,4,"Хороший товар, рекомендую.",2026-04-11
1461,483,268,3,"Нормально, сойдет.",2024-11-04
1462,318,411,5,Отлично! Всё супер.,2026-01-10
1463,481,583,3,"Нормально, сойдет.",2026-01-17
1464,424,796,5,Отлично! Всё супер.,2026-01-03
1465,499,837,5,Отлично! Всё супер.,2024-09-20
1466,439,379,1,"Ужасно, пришло сломанным.",2025-02-05
1467,68,901,4,"Хороший товар, рекомендую.",2024-07-20
1468,243,675,1,"Ужасно, пришло сломанным.",2025-03-30
1469,322,958,4,"Хороший товар, рекомендую.",2025-12-09
1470,316,419,1,"Ужасно, пришло сломанным.",2025-01-17
1471,480,539,4,"Хороший товар, рекомендую.",2024-10-25
1472,171,492,4,"Хороший товар, рекомендую.",2025-01-11
1473,392,668,3,"Нормально, сойдет.",2024-09-26
1474,329,987,5,Отлично! Всё супер.,2025-08-21
1475,435,867,5,Отлично! Всё супер.,2025-02-09
1476,127,815,1,"Ужасно, пришло сломанным.",2025-04-26
1477,252,264,5,Отлично! Всё супер.,2024-12-01
1478,84,326,3,"Нормально, сойдет.",2026-03-19
1479,38,673,4,"Хороший товар, рекомендую.",2024-11-02
1480,339,634,3,"Нормально, сойдет.",2025-01-06
1481,208,100,4,"Хороший товар, рекомендую.",2026-04-26
1482,255,502,1,"Ужасно, пришло сломанным.",2024-11-10
1483,329,174,4,"Хороший товар, рекомендую.",2024-10-24
1484,497,359,2,Качество не очень.,2025-01-24
1485,215,89,2,Качество не очень.,2024-12-27
1486,391,680,5,Отлично! Всё супер.,2025-12-02
1487,24,151,3,"Нормально, сойдет.",2025-05-16
1488,427,637,5,Отлично! Всё супер.,2024-12-31
1489,299,612,5,Отлично! Всё супер.,2024-08-19
1490,303,204,5,Отлично! Всё супер.,2025-06-24
1491,100,216,5,Отлично! Всё супер.,2025-03-11
1492,98,306,4,"Хороший товар, рекомендую.",2025-09-01
1493,415,301,5,Отлично! Всё супер.,2025-03-18
1494,159,282,5,Отлично! Всё супер.,2025-03-06
1495,147,564,5,Отлично! Всё супер.,2026-01-29
1496,400,278,5,Отлично! Всё супер.,2025-10-20
1497,14,455,4,"Хороший товар, рекомендую.",2025-07-20
1498,274,426,5,Отлично! Всё супер.,2025-05-24
1499,397,231,5,Отлично! Всё супер.,2026-03-15
1500,34,946,4,"Хороший товар, рекомендую.",2025-10-12
