history_id,employee_id,change_date,new_salary
1,1,2009-06-19,71333
2,1,2024-01-13,76421
3,2,2023-10-07,34948
4,2,2025-03-31,52156
5,3,2015-03-05,74671
6,4,2025-04-07,33961
7,4,2025-08-11,54458
8,4,2026-02-13,89615
9,5,2019-06-07,93334
10,5,2020-08-05,110808
11,5,2022-03-31,115674
12,6,2004-10-14,30866
13,6,2019-05-09,32061
14,6,2023-10-02,141327
15,7,2016-07-23,30776
16,7,2017-07-20,56957
17,7,2023-08-21,89823
18,8,2022-03-31,88520
19,9,1986-03-13,67576
20,9,2008-04-10,100220
21,9,2025-11-27,119840
22,10,2024-05-11,100589
23,11,2024-05-23,53496
24,11,2025-04-10,86436
25,11,2025-06-20,118346
26,11,2026-01-28,129733
27,12,2020-11-21,147715
28,13,2013-08-05,48675
29,14,2000-05-22,67869
30,15,2019-02-26,74718
31,16,2012-11-15,47519
32,16,2020-07-10,53228
33,16,2025-09-14,74438
34,17,2018-11-07,35178
35,17,2022-08-11,54448
36,17,2023-06-08,68746
37,18,2019-12-22,37969
38,18,2021-02-23,45040
39,18,2021-05-25,48513
40,18,2022-05-08,52847
41,18,2022-07-06,54371
42,19,2013-10-26,32641
43,19,2022-03-14,48326
44,20,2010-06-18,32076
45,20,2016-03-17,72591
46,20,2022-06-22,72953
47,21,2018-12-20,138419
48,22,2009-03-07,66221
49,22,2020-08-27,78469
50,23,1993-06-24,31238
51,23,2018-09-07,105612
52,24,2018-05-31,40837
53,24,2024-02-08,95517
54,24,2026-01-03,123748
55,25,1994-09-27,73420
56,25,2004-04-01,114529
57,25,2013-02-26,132809
58,25,2016-03-31,142056
59,26,1996-12-29,33124
60,26,2008-07-18,47306
61,26,2021-12-06,54662
62,27,2017-03-22,36927
63,27,2022-02-13,37528
64,27,2022-08-14,38883
65,27,2023-05-30,45581
66,27,2024-05-25,47592
67,28,2024-02-22,135932
68,29,2025-03-10,56828
69,30,2022-09-27,34312
70,30,2023-04-15,53508
71,30,2023-06-30,101176
72,30,2024-01-13,103860
73,30,2024-11-14,109163
74,31,1998-08-18,32052
75,31,2001-06-14,57152
76,31,2002-08-31,71220
77,31,2019-07-14,106943
78,31,2026-04-09,133447
79,32,2025-04-26,107839
80,33,2021-10-11,35042
81,33,2021-12-28,56102
82,33,2024-08-08,83798
83,33,2025-06-02,84313
84,34,2008-03-07,66959
85,34,2012-10-23,68864
86,35,2010-01-11,42751
87,35,2025-11-22,48834
88,36,2023-10-22,51740
89,36,2023-10-31,65426
90,36,2023-12-22,71195
91,37,2026-04-22,54239
92,37,2026-04-24,57342
93,38,1989-10-26,64957
94,39,2004-09-16,35139
95,39,2010-01-05,62819
96,39,2012-07-09,77458
97,39,2015-02-24,78854
98,39,2017-05-20,95519
99,40,2024-02-07,31759
100,40,2024-05-30,33200
101,40,2024-08-28,37606
102,40,2025-02-01,44322
103,40,2025-02-08,47944
104,41,2000-06-18,51389
105,41,2004-05-26,52321
106,41,2011-07-22,55998
107,41,2022-04-30,65112
108,42,2019-09-23,64050
109,43,2010-06-02,89054
110,43,2025-03-11,145909
111,44,2016-08-09,41659
112,44,2022-01-02,52224
113,45,2025-06-11,54603
114,45,2025-07-07,58301
115,45,2025-08-30,68016
116,46,2010-03-15,40282
117,47,2023-08-31,35616
118,47,2023-09-08,54908
119,47,2025-01-15,95444
120,48,2008-11-29,38075
121,48,2020-06-23,39678
122,48,2025-04-05,47665
123,49,1992-11-27,40752
124,49,1994-01-20,65123
125,49,2010-08-29,116569
126,50,2023-04-10,47455
127,51,2022-01-04,35055
128,51,2023-09-30,42767
129,51,2025-08-18,48907
130,52,1998-02-23,43965
131,52,2017-01-18,115880
132,53,2013-12-25,114085
133,54,2000-02-06,36699
134,54,2003-07-07,47679
135,54,2006-04-18,53587
136,54,2023-04-21,59146
137,54,2025-03-19,71285
138,55,2025-07-05,81441
139,56,2019-12-11,53104
140,57,2022-12-16,48177
141,57,2024-03-01,57361
142,58,1993-02-18,31721
143,58,2002-10-22,36769
144,58,2003-06-14,77353
145,59,2017-02-10,120173
146,60,2025-07-22,108240
147,60,2026-02-08,108386
148,60,2026-02-10,126951
149,61,2010-02-06,30404
150,61,2016-08-13,42623
151,61,2020-08-05,55129
152,62,2025-01-29,55414
153,62,2025-11-24,76930
154,63,2020-06-10,61816
155,63,2025-06-05,103339
156,63,2025-09-18,106244
157,64,2024-03-22,52227
158,64,2024-10-31,119825
159,64,2026-04-23,123136
160,65,1996-03-04,39099
161,65,2013-03-03,83719
162,66,2025-12-04,65180
163,66,2026-05-18,137154
164,67,2019-01-16,31036
165,67,2024-11-29,41267
166,68,2019-08-08,44722
167,69,2020-02-06,39822
168,69,2021-12-26,56704
169,70,2025-10-14,35041
170,70,2026-03-27,67535
171,71,2024-09-30,91880
172,71,2025-09-13,93264
173,72,2006-04-16,111924
174,72,2021-04-18,144842
175,73,2017-05-07,110828
176,73,2022-04-29,136542
177,74,2025-04-19,74970
178,75,2003-12-08,45075
179,76,2007-09-02,55932
180,76,2021-09-24,80001
181,77,2008-10-26,70644
182,77,2013-11-29,83025
183,78,2026-01-27,73193
184,78,2026-01-28,124080
185,79,2024-01-04,37055
186,79,2024-07-23,43617
187,80,1994-05-22,47842
188,80,2006-11-07,107908
189,80,2011-12-03,115332
190,80,2023-03-04,116099
191,81,2021-12-27,69532
192,81,2023-06-01,85309
193,82,2011-11-22,41641
194,82,2013-01-27,43163
195,82,2015-06-13,50590
196,82,2016-10-15,61392
197,82,2018-03-01,90488
198,83,1997-11-21,68200
199,83,2005-04-27,71830
200,83,2015-10-12,94357
201,83,2025-04-16,105481
202,83,2025-07-27,108146
203,84,2007-10-20,72714
204,84,2013-09-06,79290
205,84,2026-04-15,121678
206,85,2026-02-25,81502
207,85,2026-03-17,106469
208,86,2022-04-08,103905
209,86,2025-05-26,131384
210,87,2023-10-20,127153
211,88,2023-01-27,33527
212,88,2023-05-04,53583
213,88,2023-08-11,90505
214,88,2023-08-22,102102
215,88,2023-11-18,114593
216,89,2015-04-29,43739
217,89,2017-10-04,49092
218,89,2018-09-23,58734
219,89,2025-08-23,75405
220,89,2026-04-19,77606
221,90,2025-05-15,125813
222,91,2023-07-30,48242
223,91,2023-08-10,83627
224,91,2024-11-14,95444
225,91,2026-03-29,107000
226,92,1992-11-05,45861
227,92,1995-12-30,46559
228,92,2014-01-29,77196
229,93,2003-11-07,54706
230,93,2005-11-09,57730
231,93,2016-09-06,69444
232,94,2026-04-25,102277
233,95,2024-06-22,82534
234,95,2024-06-28,92814
235,95,2024-08-30,100040
236,95,2026-01-16,106315
237,95,2026-05-10,134155
238,96,2019-01-29,84827
239,96,2021-02-27,120663
240,96,2023-07-01,125990
241,97,2000-10-06,53562
242,97,2009-09-09,65186
243,97,2014-11-24,68683
244,98,2023-10-06,32784
245,98,2024-06-10,33583
246,98,2025-11-04,46582
247,99,2024-01-24,51548
248,99,2024-12-05,51780
249,99,2026-05-31,57477
250,100,2011-08-28,72401
251,100,2019-07-15,81588
252,101,2018-09-20,103822
253,101,2018-12-04,114545
254,101,2021-08-26,148864
255,102,2021-03-23,51731
256,102,2022-08-17,56189
257,102,2025-10-02,73972
258,103,1993-06-05,31382
259,103,2007-03-05,42924
260,103,2009-06-22,43886
261,103,2011-01-27,86420
262,103,2019-07-10,103517
263,104,2022-01-24,63467
264,104,2022-10-21,70735
265,105,2019-09-17,48284
266,105,2023-08-03,49022
267,105,2025-05-14,58136
268,106,2011-10-30,37242
269,106,2014-11-02,44607
270,106,2025-03-19,48418
271,107,2009-02-14,60347
272,107,2015-04-09,94496
273,108,2023-09-19,107147
274,108,2025-03-15,120496
275,108,2025-10-03,140898
276,109,2002-07-09,33219
277,109,2013-06-08,75215
278,109,2018-04-25,102518
279,110,2013-01-09,68722
280,110,2017-06-14,149540
281,111,1996-02-26,35626
282,111,2021-07-25,68906
283,112,2025-04-05,43804
284,113,2024-03-20,48569
285,113,2024-10-16,70880
286,113,2025-05-06,74966
287,113,2025-10-05,75656
288,113,2026-04-10,101261
289,114,1980-09-16,43557
290,114,2006-06-29,91645
291,115,2003-01-28,75652
292,115,2008-05-04,92411
293,115,2022-07-05,100515
294,116,2020-12-09,67742
295,117,1976-01-09,71800
296,117,1978-03-31,89303
297,117,1998-03-02,138567
298,118,2023-12-30,42540
299,119,1997-08-16,125215
300,120,2025-12-05,31480
301,120,2026-01-01,52483
302,120,2026-04-04,72411
303,121,2016-07-08,40771
304,121,2018-01-19,45985
305,121,2025-03-17,71266
306,122,1992-09-18,40494
307,122,2019-02-06,66169
308,122,2020-07-02,68569
309,123,2022-09-21,85885
310,123,2026-05-11,119415
311,124,2000-04-14,36044
312,124,2013-04-18,37597
313,124,2015-09-19,43272
314,124,2023-01-27,50635
315,124,2025-07-12,54168
316,125,2026-05-20,91990
317,126,2011-07-22,33826
318,126,2020-12-22,81849
319,126,2022-09-28,131382
320,127,2022-07-21,55863
321,127,2023-07-30,88926
322,127,2025-08-27,144363
323,128,1998-09-29,30145
324,128,2002-03-22,42741
325,128,2012-02-05,49038
326,129,2026-04-20,36743
327,129,2026-04-25,39120
328,129,2026-05-07,53833
329,130,2023-12-19,38200
330,130,2024-06-23,43336
331,130,2025-10-31,97080
332,131,2013-07-17,54505
333,131,2021-07-07,100371
334,131,2024-07-09,145932
335,132,2014-04-18,42915
336,132,2017-04-12,82245
337,133,2016-04-25,64387
338,133,2017-05-23,99087
339,134,2025-10-06,94157
340,134,2025-12-28,99168
341,134,2026-04-01,127580
342,135,2015-01-28,37486
343,135,2018-06-13,50539
344,135,2018-10-09,55469
345,135,2022-08-11,55725
346,135,2024-09-04,63834
347,136,2011-01-16,60006
348,136,2022-03-11,76655
349,137,2016-07-19,39746
350,137,2017-01-16,50135
351,137,2019-09-18,51221
352,138,2017-01-09,47556
353,138,2020-02-12,118094
354,138,2022-07-26,139374
355,139,2026-01-25,61270
356,139,2026-02-27,143931
357,140,2020-04-17,53992
358,140,2021-08-12,130673
359,141,1989-08-17,48528
360,141,2004-03-12,102031
361,142,1997-04-27,57409
362,142,2011-05-03,69087
363,142,2022-07-13,86112
364,143,2017-03-04,55814
365,144,2022-06-21,42173
366,144,2026-03-21,65105
367,145,2025-07-14,100435
368,145,2025-09-18,139641
369,146,2023-05-25,41353
370,146,2023-10-28,66366
371,146,2025-03-18,69816
372,147,2000-02-29,56591
373,148,2001-12-03,42261
374,148,2013-01-17,78290
375,149,2025-01-11,37389
376,149,2026-06-05,41607
377,150,2020-11-27,30628
378,150,2021-07-19,53529
379,150,2025-11-19,64164
380,151,2014-11-20,55575
381,151,2025-10-12,147756
382,152,2023-05-08,96248
383,152,2024-05-09,103607
384,152,2024-08-21,115599
385,152,2025-09-13,122502
386,153,2013-07-02,46112
387,153,2022-11-13,51164
388,154,1998-03-04,88176
389,154,2003-01-24,118135
390,155,2014-10-19,40835
391,155,2018-10-27,98028
392,156,2022-06-22,58905
393,156,2023-03-07,68284
394,156,2026-04-14,114531
395,157,2021-08-09,121987
396,158,2021-09-04,48918
397,158,2024-06-10,71439
398,159,2023-06-20,93545
399,160,2023-06-30,42165
400,160,2026-04-09,44278
401,161,2023-08-18,46230
402,161,2024-08-31,48013
403,161,2025-03-04,49329
404,162,1980-02-26,44969
405,162,2016-11-28,65112
406,162,2019-06-17,95723
407,163,2017-04-01,78085
408,163,2020-09-14,137909
409,163,2022-09-11,148348
410,164,2016-04-02,35453
411,164,2021-06-29,87850
412,164,2025-09-16,117993
413,165,2023-03-12,43423
414,165,2024-04-29,85725
415,165,2024-12-20,131715
416,166,1989-12-15,62444
417,166,1998-04-08,69021
418,166,2023-03-28,104722
419,167,2024-07-18,34224
420,167,2025-07-12,64447
421,167,2025-11-30,88947
422,167,2026-01-31,136276
423,168,2019-01-29,35700
424,168,2025-05-07,70005
425,169,2021-09-19,31923
426,169,2025-11-29,45273
427,170,2017-06-22,43754
428,170,2020-03-21,45528
429,170,2021-03-12,63788
430,171,2017-06-26,51755
431,171,2021-09-08,75957
432,171,2022-06-01,86120
433,171,2024-03-03,101605
434,172,2018-08-06,36770
435,172,2018-10-05,55717
436,172,2023-06-15,61079
437,173,2014-01-05,37780
438,173,2018-05-01,75982
439,173,2018-06-15,104720
440,173,2019-09-02,126846
441,174,2024-09-12,52069
442,174,2025-12-04,72421
443,174,2026-06-03,99614
444,175,2000-05-15,65041
445,175,2017-04-26,67923
446,175,2021-03-01,68356
447,175,2024-09-17,105069
448,175,2025-01-14,141259
449,176,1991-07-06,42481
450,176,1999-06-09,47771
451,176,2003-10-16,83948
452,176,2021-05-15,97425
453,176,2021-11-30,100552
454,177,2026-05-03,46631
455,177,2026-05-03,47392
456,177,2026-05-11,66349
457,177,2026-05-12,115969
458,177,2026-05-30,121609
459,178,2022-07-13,51108
460,178,2024-05-26,75003
461,179,2007-11-23,42868
462,179,2009-10-11,52158
463,179,2010-04-09,54951
464,179,2013-05-29,55915
465,180,1987-05-11,105684
466,180,2009-11-20,133032
467,181,2025-05-05,57146
468,181,2025-11-12,71144
469,181,2026-05-03,93476
470,182,2018-04-10,32474
471,182,2024-09-25,55396
472,183,2026-01-22,42202
473,183,2026-04-28,130779
474,183,2026-05-04,132459
475,184,2016-07-28,48233
476,184,2018-06-27,71946
477,185,2021-03-27,78374
478,185,2023-01-21,89597
479,185,2025-05-28,118561
480,186,2024-05-24,30162
481,186,2025-02-01,51449
482,186,2025-11-24,68139
483,186,2026-02-17,80733
484,186,2026-04-19,84548
485,187,2022-02-16,42208
486,187,2023-03-28,90089
487,187,2023-04-21,125804
488,187,2024-03-12,149769
489,188,2012-05-05,38300
490,188,2012-10-26,76952
491,188,2014-11-18,103483
492,189,2016-12-02,58551
493,189,2018-08-06,82129
494,189,2019-03-19,99682
495,190,2010-12-15,43883
496,190,2017-02-24,47598
497,190,2017-09-16,62421
498,190,2023-05-12,84057
499,190,2024-06-12,90196
500,191,2018-06-22,48585
501,191,2025-03-13,81704
502,192,2025-07-03,105750
503,192,2026-04-10,126991
504,193,1977-06-27,105836
505,194,2001-04-30,36021
506,194,2003-03-05,36345
507,194,2007-09-27,75054
508,194,2019-12-22,108937
509,195,2019-01-18,125823
510,196,2005-05-30,32134
511,196,2006-09-09,90238
512,196,2011-04-22,121691
513,197,2026-05-20,89808
514,198,2025-06-15,30011
515,198,2025-07-02,37230
516,198,2025-09-26,37479
517,198,2026-05-24,44705
518,199,2022-06-18,47290
519,199,2024-07-16,56518
520,199,2024-10-25,86072
521,199,2025-01-15,120255
522,199,2025-09-12,137880
523,200,2001-01-18,50837
524,200,2016-11-21,65916
525,200,2018-09-11,69566
526,200,2024-05-22,98153
527,201,1999-05-25,82516
528,202,2025-11-22,32700
529,202,2026-06-05,59080
530,203,2020-06-19,59615
531,203,2024-10-07,62280
532,204,1988-09-09,36787
533,204,2012-06-17,81949
534,204,2018-07-09,129539
535,205,2026-03-14,45344
536,205,2026-04-03,58130
537,205,2026-05-19,70433
538,206,1994-06-28,42475
539,206,2018-01-29,122235
540,206,2019-09-01,127404
541,207,2025-04-21,128815
542,208,2025-10-06,38696
543,208,2026-02-27,79210
544,209,2026-04-17,59167
545,209,2026-05-21,64042
546,209,2026-06-05,66111
547,210,2006-06-20,89986
548,211,2004-05-09,45806
549,211,2010-08-20,137100
550,211,2012-05-29,148794
551,212,2006-06-29,39283
552,212,2007-11-13,47324
553,212,2008-07-24,85353
554,212,2019-11-28,92613
555,212,2024-09-10,119482
556,213,2025-09-11,41708
557,213,2025-11-28,119569
558,214,1987-04-20,36712
559,214,1988-06-23,36763
560,214,2006-03-23,72850
561,215,2003-09-24,69223
562,215,2014-01-03,143364
563,216,2020-09-16,51813
564,217,2012-06-07,38725
565,217,2016-06-14,39362
566,217,2019-01-12,66318
567,218,2019-07-11,105771
568,219,2010-09-19,109995
569,219,2012-02-10,115199
570,219,2021-09-11,145708
571,220,1995-07-02,101385
572,221,2011-02-22,57925
573,221,2025-01-01,145458
574,222,1991-10-09,39920
575,222,1999-03-22,56981
576,222,2013-08-05,74663
577,223,2012-10-15,58992
578,223,2013-12-01,86358
579,223,2020-08-13,89941
580,224,2000-09-01,31646
581,224,2012-06-20,43280
582,225,2005-04-29,123283
583,226,2018-05-24,55292
584,227,2003-12-01,76076
585,227,2009-06-17,86280
586,227,2011-01-23,104569
587,228,2022-12-05,39163
588,228,2026-01-08,90940
589,229,2013-05-13,114491
590,229,2023-01-26,116983
591,230,2019-10-24,120694
592,231,2022-05-07,108644
593,231,2026-03-02,124526
594,231,2026-04-18,130476
595,232,2014-01-19,75251
596,232,2014-06-09,81050
597,232,2015-08-23,87537
598,233,2024-05-13,124518
599,234,2024-12-17,36732
600,234,2025-04-11,39884
601,234,2026-03-10,46965
602,234,2026-04-30,56011
603,235,1978-11-05,33090
604,235,1990-03-29,42252
605,235,2018-10-12,42799
606,236,2013-02-10,114694
607,236,2025-11-09,143150
608,237,2009-01-09,116858
609,238,2018-05-08,61370
610,238,2018-07-21,80578
611,238,2021-04-23,94865
612,238,2023-12-31,141498
613,239,2021-05-18,76342
614,240,2016-01-22,107847
615,240,2017-08-18,144662
616,241,2022-03-12,41947
617,242,2020-06-17,30790
618,242,2022-02-24,50740
619,242,2023-01-13,53664
620,242,2024-07-10,82437
621,243,2014-06-03,137218
622,244,2022-10-31,52645
623,244,2024-01-04,77895
624,244,2025-08-11,85163
625,244,2025-12-15,98756
626,245,2009-01-02,32187
627,245,2015-07-26,39567
628,245,2026-05-28,106039
629,246,2024-10-25,30903
630,246,2024-12-08,47182
631,246,2026-02-12,79535
632,247,1994-03-06,37925
633,247,2022-03-09,102781
634,248,2015-11-29,67550
635,248,2015-12-29,82163
636,248,2019-04-01,96402
637,248,2022-12-24,112388
638,248,2025-09-19,133375
639,249,2025-02-07,84451
640,249,2025-04-12,85518
641,249,2026-02-07,119730
642,250,2007-01-09,40803
643,250,2014-03-07,113956
644,250,2024-01-12,122978
645,251,2026-02-22,40006
646,251,2026-03-12,70373
647,251,2026-03-16,78652
648,252,2026-02-08,70620
649,252,2026-03-08,143952
650,253,2004-10-12,96370
651,254,2016-05-16,50365
652,254,2017-03-12,72827
653,254,2018-12-09,100305
654,254,2018-12-15,135914
655,254,2023-02-20,148451
656,255,2018-11-27,38665
657,255,2019-11-21,95936
658,256,2008-12-05,87342
659,256,2015-12-24,130023
660,257,2019-02-07,37589
661,257,2020-02-08,61278
662,257,2020-06-10,96606
663,258,2020-10-14,86948
664,258,2024-09-13,112924
665,259,2009-05-07,83207
666,260,2025-09-30,33606
667,260,2026-03-08,50269
668,260,2026-03-30,77700
669,261,1995-12-07,37827
670,261,2018-05-24,41511
671,261,2021-07-16,67884
672,262,2021-04-24,85890
673,263,2025-09-28,69643
674,264,2008-07-17,128470
675,265,2024-05-16,52721
676,265,2024-09-01,63647
677,266,2021-07-07,81313
678,266,2021-12-20,83903
679,266,2022-06-29,86009
680,267,2022-10-05,51884
681,267,2025-05-03,78741
682,267,2026-01-15,126159
683,268,2000-03-26,137794
684,269,2001-10-15,38806
685,269,2004-10-27,54016
686,269,2024-09-13,60631
687,270,2006-09-26,33847
688,270,2010-07-27,73910
689,270,2010-09-05,86272
690,270,2019-10-02,118148
691,271,2025-07-27,38371
692,271,2025-12-30,138885
693,272,2011-02-24,105582
694,272,2012-12-04,126761
695,273,1991-01-07,59831
696,273,1999-10-30,62515
697,273,2003-04-25,75804
698,274,1995-12-16,37266
699,274,1997-05-19,95484
700,274,2000-01-27,96349
701,275,2010-09-26,50618
702,275,2011-04-12,51873
703,275,2021-03-29,78193
704,275,2023-01-05,109066
705,276,2008-03-21,33371
706,276,2023-05-30,47180
707,277,2010-12-27,45117
708,277,2013-04-19,118358
709,277,2016-10-26,124736
710,277,2023-04-15,140160
711,278,1989-09-16,96692
712,278,2025-09-19,105193
713,279,2023-05-29,132231
714,280,2025-08-14,30805
715,280,2025-11-18,33013
716,280,2026-01-30,46026
717,280,2026-06-05,92044
718,281,2017-07-03,55098
719,281,2020-11-14,81033
720,282,2009-03-06,31158
721,282,2010-06-09,35864
722,282,2015-09-22,48116
723,282,2016-06-17,53397
724,282,2019-03-02,55096
725,283,2017-11-09,59427
726,283,2024-04-29,84967
727,283,2025-03-12,145030
728,284,2022-04-05,84559
729,284,2023-09-10,97240
730,285,2009-07-26,40208
731,285,2009-10-17,65554
732,285,2013-02-09,71934
733,285,2018-09-08,104912
734,285,2020-10-19,108676
735,286,2025-12-27,62901
736,286,2026-01-30,69041
737,287,2005-05-31,36903
738,287,2015-09-02,53507
739,287,2020-11-26,122998
740,288,2012-06-14,63801
741,288,2025-08-30,86019
742,289,2006-12-13,34517
743,289,2010-06-22,48501
744,289,2012-01-15,56275
745,289,2016-07-18,60480
746,289,2024-09-03,65856
747,290,2024-05-10,70723
748,290,2024-07-27,72899
749,290,2024-09-23,141298
750,291,2004-01-13,98838
751,292,2016-07-19,78354
752,292,2018-01-29,97640
753,293,1988-04-14,103899
754,293,2007-08-23,117518
755,294,2014-11-19,61795
756,294,2015-04-09,90807
757,294,2024-05-19,100521
758,295,2021-06-25,46166
759,295,2024-11-02,50057
760,296,2005-06-10,30835
761,296,2005-09-26,49735
762,296,2010-03-23,55614
763,296,2016-11-29,62129
764,296,2023-04-19,100648
765,297,2012-08-02,31566
766,297,2014-11-16,45269
767,297,2018-02-21,52703
768,297,2022-05-23,65490
769,297,2023-11-24,82143
770,298,2024-05-27,30314
771,298,2024-09-20,52723
772,298,2025-09-02,53566
773,299,1994-02-14,30191
774,299,1994-09-14,70306
775,299,1998-07-03,79319
776,299,2003-11-17,116154
777,299,2006-11-25,124689
778,300,2026-05-07,108690
779,301,2008-12-15,45608
780,301,2015-07-18,57513
781,301,2021-06-07,93578
782,302,1995-09-11,31962
783,302,2007-08-08,48639
784,303,2001-07-23,32877
785,303,2003-10-21,36096
786,303,2014-07-03,39330
787,303,2023-11-07,48338
788,303,2026-02-09,73029
789,304,2006-06-04,57070
790,304,2006-06-19,64062
791,304,2013-09-22,75930
792,304,2018-03-03,85410
793,304,2025-10-11,85851
794,305,2017-09-20,41128
795,305,2018-01-04,90091
796,305,2019-11-25,106122
797,305,2026-03-02,117993
798,306,2023-07-03,146585
799,307,1986-11-23,124675
800,308,1995-08-18,34904
801,308,1998-12-07,67212
802,308,2003-06-01,68790
803,308,2022-01-16,80483
804,309,2021-06-09,65166
805,310,1989-05-29,38566
806,310,1997-06-25,45517
807,310,2020-04-13,78770
808,311,2025-05-27,43941
809,311,2025-07-21,44947
810,312,2021-05-23,81505
811,312,2023-09-25,118282
812,313,2024-08-03,72762
813,313,2024-12-29,126384
814,313,2025-06-28,146042
815,314,2007-08-23,47822
816,314,2019-11-09,87749
817,315,2022-03-21,56569
818,315,2024-07-21,138617
819,316,2005-05-07,145987
820,317,2024-03-09,44283
821,317,2025-07-29,50369
822,317,2025-09-29,128907
823,318,2017-07-26,105916
824,319,2013-11-15,40290
825,319,2020-06-18,58140
826,320,1987-03-01,100244
827,320,2008-01-19,112684
828,321,1976-04-28,43607
829,321,1985-03-11,77363
830,322,2026-03-07,90731
831,322,2026-03-27,107286
832,323,2005-10-16,45717
833,323,2006-09-17,147046
834,324,2019-02-06,46980
835,325,1991-08-16,31321
836,325,1996-09-20,39968
837,325,2002-04-01,49769
838,325,2009-04-09,50696
839,326,2019-03-19,142272
840,326,2019-06-06,149992
841,327,2005-12-16,35977
842,327,2010-10-01,77601
843,328,2018-03-16,76627
844,328,2022-04-21,81936
845,328,2026-02-11,98799
846,329,2026-04-12,47050
847,329,2026-04-17,49584
848,329,2026-05-23,68266
849,330,1990-02-25,32036
850,330,1998-07-12,41394
851,330,2001-03-04,92396
852,330,2014-10-10,95476
853,331,1998-06-09,44817
854,331,2014-09-29,55970
855,332,2024-07-19,38187
856,332,2025-01-14,48026
857,332,2025-09-25,48232
858,333,2002-09-26,110261
859,334,2008-03-30,134181
860,335,2017-05-08,30783
861,335,2022-01-29,37959
862,335,2025-10-07,86244
863,336,1994-04-02,108614
864,337,1994-11-09,47133
865,337,1996-11-27,59135
866,337,2000-07-07,106496
867,338,2023-10-08,123318
868,339,2013-11-23,74976
869,339,2024-02-01,86805
870,340,2001-10-01,41015
871,340,2003-11-04,114500
872,340,2022-10-28,136362
873,341,2000-12-18,46962
874,341,2016-01-15,83264
875,341,2025-06-03,84374
876,342,2009-11-16,122802
877,343,2002-02-18,33239
878,343,2005-01-13,37265
879,343,2016-08-19,40583
880,343,2016-10-21,44786
881,343,2022-03-27,44847
882,344,2019-08-19,36027
883,344,2019-10-27,38029
884,344,2021-07-27,51728
885,344,2023-02-20,81365
886,345,1998-04-03,73202
887,346,2002-05-02,41009
888,346,2006-10-03,86789
889,347,2020-08-11,42943
890,347,2021-09-07,44193
891,347,2023-01-02,46257
892,347,2025-02-15,53738
893,347,2026-02-20,56315
894,348,1995-03-07,90678
895,349,2016-11-06,41325
896,349,2018-09-02,53196
897,349,2022-09-03,88148
898,350,2025-02-09,54530
899,350,2025-10-15,96440
900,351,2014-03-18,44614
901,351,2018-08-26,50494
902,352,2026-04-02,34541
903,352,2026-04-17,110492
904,352,2026-06-02,111156
905,352,2026-06-07,118986
906,353,2020-07-22,68680
907,353,2020-08-14,95390
908,353,2026-01-06,98606
909,354,2001-03-31,92787
910,354,2008-10-16,97008
911,355,2010-09-01,127973
912,356,2021-12-24,34496
913,356,2024-05-28,58714
914,357,2024-05-01,114233
915,357,2024-05-26,142041
916,358,1986-10-13,62656
917,358,1990-10-09,98919
918,358,1995-04-08,112674
919,358,2003-10-10,119310
920,359,2022-06-11,32559
921,359,2022-07-07,77069
922,359,2023-12-27,80134
923,359,2025-01-23,92873
924,359,2026-04-21,98188
925,360,2011-06-14,52546
926,360,2018-05-07,61763
927,360,2019-11-23,92171
928,361,2010-11-29,34430
929,361,2018-08-04,35269
930,361,2020-07-06,36363
931,361,2021-10-17,38231
932,361,2023-12-25,43396
933,362,2004-03-01,55435
934,363,2013-11-20,58707
935,363,2020-02-27,120199
936,364,2026-02-19,56074
937,365,2009-09-19,37679
938,365,2016-11-30,66822
939,365,2023-02-07,91824
940,365,2024-11-28,133502
941,366,2009-11-24,106544
942,366,2015-02-21,130511
943,366,2020-06-29,133000
944,367,1994-07-18,33281
945,367,1996-10-01,35230
946,367,2007-03-01,38121
947,367,2009-08-11,51524
948,367,2014-08-15,60644
949,368,2024-09-03,47487
950,368,2026-02-10,55907
951,369,1995-08-19,30916
952,369,2007-06-22,42075
953,369,2008-04-14,42518
954,369,2022-02-11,43445
955,370,2018-07-26,58758
956,370,2020-01-12,105457
957,370,2020-12-27,134515
958,370,2022-03-07,140953
959,370,2025-09-27,145337
960,371,1999-12-25,41384
961,371,2008-05-09,80539
962,372,2010-07-01,93843
963,373,2001-10-06,75719
964,373,2010-04-24,78372
965,373,2018-01-29,81553
966,374,2024-09-27,49384
967,374,2024-12-18,56821
968,375,2022-02-04,105911
969,376,2023-06-24,66936
970,376,2024-01-22,67201
971,376,2024-07-18,79862
972,377,2008-01-16,108012
973,378,1994-05-19,53010
974,378,1994-06-21,70508
975,378,1998-02-20,94517
976,378,2009-02-24,101057
977,378,2010-02-02,123238
978,379,2016-02-01,41830
979,379,2016-11-01,109924
980,380,2024-11-11,116106
981,381,1990-08-19,31306
982,381,1994-09-03,64501
983,381,1998-09-11,84252
984,382,2021-02-13,35435
985,382,2025-06-29,45958
986,383,2014-09-29,47103
987,383,2015-03-13,53260
988,383,2015-05-27,56406
989,383,2016-10-30,74663
990,383,2018-04-08,121016
991,384,2025-03-21,32872
992,384,2025-06-06,37806
993,384,2025-09-15,49360
994,384,2026-02-04,72413
995,384,2026-05-25,124136
996,385,2005-04-25,44538
997,385,2018-11-17,48566
998,385,2020-08-08,99446
999,386,2018-08-01,53913
1000,386,2019-05-07,86404
1001,386,2020-12-06,92951
1002,386,2025-01-27,94476
1003,387,2020-11-29,58830
1004,388,2008-05-15,55925
1005,388,2013-11-16,73393
1006,388,2025-01-02,92260
1007,389,2024-08-30,39888
1008,389,2025-07-25,41028
1009,389,2025-10-05,53917
1010,390,2018-09-29,50644
1011,390,2019-02-08,98929
1012,391,2022-05-01,58630
1013,391,2022-05-21,81894
1014,391,2024-08-23,90351
1015,392,2015-07-05,93858
1016,392,2017-03-01,115089
1017,392,2024-04-19,115718
1018,393,2023-01-21,103659
1019,393,2026-02-22,107466
1020,394,2019-08-10,40055
1021,394,2022-09-20,42894
1022,394,2025-04-22,43037
1023,395,2024-03-17,68597
1024,395,2026-02-10,71552
1025,396,2019-01-06,50107
1026,396,2019-12-05,54797
1027,396,2020-04-10,75121
1028,396,2024-01-21,76877
1029,397,2018-07-07,53292
1030,397,2018-10-09,110345
1031,398,2008-06-30,55663
1032,398,2012-03-05,67541
1033,398,2020-02-27,74664
1034,399,2024-08-05,32122
1035,399,2024-09-21,67190
1036,399,2025-07-30,80517
1037,399,2026-02-03,92505
1038,400,2025-02-26,112512
1039,401,2005-07-14,136011
1040,401,2008-05-28,140191
1041,402,2019-02-06,33411
1042,402,2019-06-17,37238
1043,402,2020-10-05,48531
1044,402,2022-07-29,50959
1045,402,2023-06-04,55572
1046,403,2019-10-08,40198
1047,403,2020-03-23,48434
1048,403,2020-08-18,73406
1049,403,2021-11-11,127693
1050,403,2023-08-15,144188
1051,404,2017-07-08,50939
1052,404,2025-05-17,66090
1053,405,2017-09-10,57961
1054,406,1999-09-27,32907
1055,406,2007-07-15,53231
1056,406,2011-01-14,56924
1057,406,2023-12-26,59521
1058,407,2023-02-04,53897
1059,407,2023-04-19,59053
1060,407,2023-06-07,61299
1061,408,2009-12-16,30746
1062,408,2023-10-15,84089
1063,409,1997-11-08,62707
1064,409,2007-08-23,146921
1065,410,2013-11-30,63640
1066,410,2020-01-21,75938
1067,410,2022-12-10,116507
1068,411,2016-06-09,30167
1069,411,2021-02-15,36310
1070,411,2024-10-22,102205
1071,412,2024-01-17,57502
1072,412,2025-04-27,69824
1073,413,2016-11-18,76036
1074,413,2018-10-28,79638
1075,413,2019-11-10,84266
1076,413,2020-04-10,94629
1077,413,2023-09-12,122447
1078,414,2012-07-07,43294
1079,414,2015-11-10,92847
1080,414,2024-06-28,115047
1081,415,2007-11-29,67883
1082,415,2008-07-02,72661
1083,415,2008-10-02,94890
1084,416,2012-06-05,51319
1085,416,2019-10-30,59567
1086,416,2022-01-15,105774
1087,417,2018-11-16,34379
1088,417,2020-06-02,107984
1089,418,2026-04-05,50887
1090,418,2026-05-08,89391
1091,419,1989-11-15,36863
1092,419,2026-01-20,84869
1093,420,2026-05-15,103462
1094,421,1991-06-27,79124
1095,422,1987-12-25,125942
1096,422,2023-12-02,132392
1097,423,2017-01-09,102888
1098,424,2012-11-27,33050
1099,424,2018-12-13,41073
1100,424,2020-02-25,49465
1101,424,2020-07-04,50107
1102,424,2024-05-30,55974
1103,425,2023-07-14,34062
1104,425,2024-08-11,86534
1105,425,2025-05-11,122340
1106,425,2026-01-25,141327
1107,426,2019-05-04,40295
1108,426,2019-08-04,40813
1109,426,2020-05-12,58455
1110,426,2021-01-28,69801
1111,426,2023-07-23,85398
1112,427,2007-10-07,66485
1113,428,2011-11-30,36225
1114,428,2021-06-17,54316
1115,429,2025-11-24,102628
1116,429,2025-11-26,123616
1117,430,2024-06-02,100795
1118,430,2024-11-03,125679
1119,430,2025-02-16,134025
1120,431,1995-08-08,66899
1121,431,2018-06-07,112135
1122,432,2019-12-05,42571
1123,432,2021-08-18,125267
1124,433,2013-08-23,77409
1125,434,2025-02-05,40065
1126,434,2025-12-14,62174
1127,434,2026-05-22,70437
1128,435,2025-12-22,149786
1129,436,2022-05-29,143279
1130,437,2019-12-31,41214
1131,438,2021-09-26,61478
1132,438,2023-01-25,69335
1133,438,2023-11-24,70965
1134,438,2025-06-22,77298
1135,439,1995-11-09,104738
1136,440,2009-11-24,65272
1137,441,1993-06-08,134188
1138,442,2001-03-04,40739
1139,442,2016-01-21,114420
1140,443,2009-09-05,45139
1141,443,2024-10-24,107538
1142,444,2023-05-03,43024
1143,444,2025-01-03,58430
1144,445,2008-02-04,73321
1145,445,2022-12-15,74181
1146,446,2023-11-11,72065
1147,446,2024-06-29,79576
1148,447,2015-07-24,36058
1149,447,2016-11-25,42157
1150,447,2021-07-26,48142
1151,448,1996-05-29,54455
1152,448,1998-08-03,78418
1153,448,2014-04-04,88428
1154,448,2016-04-25,129925
1155,449,2004-06-12,120560
1156,450,2012-11-14,38631
1157,450,2016-12-17,60078
1158,451,2025-04-11,47600
1159,451,2025-07-27,94505
1160,452,2018-12-08,49808
1161,452,2024-11-19,128596
1162,452,2026-03-13,129173
1163,453,2019-11-29,32808
1164,453,2020-01-26,33168
1165,453,2023-12-13,50237
1166,454,2025-03-06,57131
1167,454,2025-03-30,65484
1168,454,2025-04-19,66497
1169,455,2026-01-16,31998
1170,455,2026-03-08,37455
1171,455,2026-04-04,48140
1172,455,2026-04-06,49324
1173,455,2026-04-08,55235
1174,456,2015-03-06,84870
1175,456,2016-11-17,98495
1176,456,2020-06-17,100190
1177,456,2020-10-17,106895
1178,457,2009-08-02,92236
1179,457,2019-08-11,105066
1180,457,2020-04-01,107272
1181,458,2026-01-27,40348
1182,458,2026-01-31,69171
1183,458,2026-02-09,92424
1184,458,2026-02-18,100604
1185,459,2025-10-02,141927
1186,459,2025-10-21,147014
1187,460,2011-05-09,38226
1188,460,2018-12-15,39358
1189,460,2021-05-12,45936
1190,461,2018-02-08,33941
1191,461,2019-03-01,34831
1192,461,2022-01-30,35664
1193,461,2022-03-27,44714
1194,461,2023-10-10,47897
1195,462,2005-07-21,38269
1196,462,2006-03-22,40955
1197,462,2006-10-28,42630
1198,462,2014-02-19,43886
1199,462,2014-06-28,77629
1200,463,2024-09-24,89081
1201,464,1999-08-16,50518
1202,465,2010-05-20,39691
1203,465,2014-05-25,43232
1204,465,2020-05-05,63392
1205,466,2011-10-17,63801
1206,466,2021-01-16,71910
1207,466,2021-03-08,125302
1208,466,2024-11-10,139113
1209,467,2026-05-05,38783
1210,467,2026-05-08,41406
1211,467,2026-06-01,80868
1212,467,2026-06-04,82082
1213,467,2026-06-07,95591
1214,468,2018-02-19,48101
1215,468,2020-06-05,64058
1216,468,2024-01-22,85371
1217,469,2005-12-18,144486
1218,469,2025-07-01,146099
1219,470,2013-01-22,67011
1220,471,2012-02-07,98493
1221,471,2012-02-25,107014
1222,471,2017-06-17,118352
1223,472,2024-03-11,44748
1224,472,2024-06-21,84321
1225,472,2025-04-02,97535
1226,473,2013-09-15,106046
1227,474,2025-05-06,43133
1228,474,2025-09-16,106372
1229,474,2026-01-06,115690
1230,475,1990-11-22,36618
1231,475,1993-06-20,48749
1232,475,1993-10-08,65103
1233,475,2008-04-12,66876
1234,475,2025-01-15,68972
1235,476,2022-01-09,64620
1236,476,2024-07-21,80206
1237,476,2025-05-20,83856
1238,476,2026-04-01,117550
1239,477,2026-03-06,34910
1240,477,2026-05-03,92003
1241,477,2026-05-21,104962
1242,478,2005-11-20,81777
1243,479,2023-06-27,56327
1244,479,2025-09-26,64101
1245,480,1995-10-22,132743
1246,481,2014-04-24,45569
1247,481,2018-02-11,51724
1248,481,2022-09-11,75253
1249,481,2025-03-06,94090
1250,482,1980-11-05,71831
1251,483,2020-05-10,47601
1252,483,2025-11-13,88637
1253,484,2024-10-21,31325
1254,484,2024-12-10,49861
1255,484,2025-03-24,52142
1256,484,2025-10-15,75187
1257,485,2020-03-06,46109
1258,485,2025-03-14,49539
1259,486,2013-11-08,36436
1260,486,2015-11-25,38807
1261,486,2021-04-27,44939
1262,486,2025-07-05,68444
1263,487,2007-12-04,37259
1264,487,2022-01-11,42009
1265,488,1992-09-07,47656
1266,488,2005-09-09,51028
1267,488,2013-03-14,71797
1268,489,2010-03-22,69647
1269,489,2019-09-09,72307
1270,489,2022-12-23,82154
1271,490,1986-12-30,80425
1272,491,2020-04-27,43342
1273,491,2022-10-23,52924
1274,492,2021-09-15,63849
1275,492,2022-07-29,79774
1276,492,2025-03-14,88589
1277,493,2019-03-27,37367
1278,493,2020-01-30,97537
1279,493,2020-06-30,133742
1280,493,2022-06-25,137157
1281,494,2023-01-13,115909
1282,495,2017-03-04,63213
1283,495,2020-11-06,70149
1284,496,2010-12-14,98719
1285,496,2019-03-15,112173
1286,497,1996-12-13,33794
1287,497,1998-08-15,52772
1288,497,2006-09-14,55265
1289,497,2013-06-14,100401
1290,498,2014-08-14,31888
1291,498,2019-02-22,36577
1292,498,2022-10-12,57426
1293,498,2024-05-01,58344
1294,499,2020-10-10,89827
1295,499,2022-11-20,108674
1296,500,2018-01-02,140183
