customer_id,full_name,email,phone,registration_date
1,Козлова Ирина Ефимовна,visheslavzinovev@example.org,8 (196) 001-3389,2024-07-01
2,Кулагин Трифон Федосеевич,prohorsafonov@example.com,+7 265 423 5116,2024-08-21
3,Элеонора Захаровна Константинова,artemevaoksana@example.net,+7 618 495 93 10,2025-10-07
4,Анжелика Евгеньевна Князева,shcherbakovklavdi@example.com,8 255 341 9283,2024-10-09
5,Федосий Гурьевич Зимин,tatjana_03@example.org,8 641 395 3767,2024-09-24
6,Кононов Феликс Евсеевич,lzikova@example.com,8 328 710 1226,2025-08-21
7,Эдуард Фролович Лобанов,fade01@example.net,8 (451) 462-7048,2025-12-20
8,Киселева Клавдия Сергеевна,gerasimdavidov@example.org,8 (809) 570-1543,2024-07-24
9,Анжелика Артемовна Гурьева,arhip2025@example.net,+7 (278) 248-96-38,2025-12-15
10,Кулакова Ксения Ниловна,porfiri_87@example.org,+7 (315) 098-3930,2024-08-02
11,Данилова Ангелина Антоновна,askold_83@example.com,8 (382) 997-37-63,2024-08-19
12,Казакова Наталья Наумовна,nadezhda1973@example.net,+7 065 133 38 72,2025-04-15
13,Ипат Артемьевич Зуев,valerjan_1972@example.net,+7 132 677 3602,2025-03-15
14,Иванна Робертовна Дмитриева,uaksenova@example.net,8 (234) 309-80-50,2024-07-18
15,Тарас Владиленович Павлов,boleslav_2018@example.org,81361939909,2024-08-10
16,Воронцова Регина Кузьминична,elizar53@example.com,8 247 510 79 91,2024-08-04
17,Белоусов Влас Иларионович,bobilevinnokenti@example.com,+72784980841,2026-04-28
18,Андреев Вацлав Витальевич,kondrat93@example.net,8 348 740 1640,2024-06-14
19,Иванна Валериевна Гришина,ustin2009@example.net,+7 112 805 9826,2024-09-13
20,Андрон Ильясович Никитин,varfolomekazakov@example.net,8 923 226 02 56,2026-01-18
21,Зинаида Ивановна Яковлева,shcherbakovandre@example.com,+7 (375) 433-0365,2025-01-01
22,Мамонтов Клавдий Иларионович,nifont_2008@example.net,8 014 294 0196,2025-02-19
23,Нина Юльевна Панфилова,blinovflorentin@example.org,+70608835615,2025-09-09
24,Ильина Клавдия Сергеевна,galina65@example.com,+78236629946,2025-07-16
25,Дмитриев Епифан Феликсович,ruben_77@example.net,+7 (872) 148-9513,2025-10-16
26,Лазарев Гедеон Адрианович,nikolaevaolimpiada@example.net,+7 769 367 63 20,2026-03-25
27,Валентина Олеговна Полякова,reginasuvorova@example.org,8 (317) 278-8957,2025-09-02
28,Селезнева Наталья Тимуровна,gorde2011@example.com,8 (434) 873-47-14,2024-11-30
29,Тимур Артурович Кудрявцев,elizavetablinova@example.net,+7 (316) 658-76-03,2026-02-10
30,Фотий Адамович Гордеев,apestov@example.com,+76688937346,2025-06-01
31,Онуфрий Владленович Одинцов,vladimir2025@example.net,+7 699 016 2720,2024-12-18
32,Радован Зиновьевич Ширяев,wnaumov@example.com,+71708053100,2026-05-06
33,Лебедев Януарий Витальевич,vladlenmuhin@example.net,+7 937 452 99 12,2026-05-17
34,Козлов Леонтий Матвеевич,tburova@example.org,+7 931 491 90 58,2025-04-20
35,Сильвестр Измаилович Попов,fagafonova@example.org,8 572 628 49 87,2025-05-17
36,Феврония Ивановна Маркова,bojanmatveev@example.com,+7 (799) 650-7527,2024-11-13
37,Лукия Игоревна Бобылева,fedor08@example.org,+7 367 837 77 01,2025-01-12
38,Илья Ефремович Нестеров,savvati_88@example.com,8 855 744 43 13,2025-01-28
39,Селиверстова Евгения Георгиевна,svjatopolkegorov@example.net,88941343524,2024-06-22
40,Егорова Алина Альбертовна,kuzma_2009@example.org,8 (109) 477-75-20,2024-12-13
41,Валерия Афанасьевна Власова,afanasi2002@example.net,+7 229 413 1869,2025-08-21
42,Носова Регина Мироновна,prov1986@example.net,8 499 091 33 41,2024-10-04
43,Воробьев Глеб Ааронович,smjasnikov@example.net,8 (403) 447-13-49,2025-10-07
44,Наталья Вадимовна Некрасова,gennadiburov@example.com,+7 (102) 499-47-17,2025-10-27
45,Фокина Ираида Сергеевна,semen_1994@example.net,+7 659 401 3990,2026-06-11
46,Федотова Ульяна Аскольдовна,olimpiadamiheeva@example.net,8 (429) 671-75-65,2025-02-01
47,Сорокин Максим Фадеевич,konstantin2007@example.com,8 (071) 545-1680,2025-10-05
48,Тихонова Алла Георгиевна,mitofan_2005@example.com,8 (034) 824-77-10,2026-05-23
49,Журавлева Галина Константиновна,agafon_2001@example.org,+7 (171) 274-8467,2026-05-28
50,Жданов Галактион Теймуразович,emmanuilpanfilov@example.net,+7 (146) 584-04-49,2025-08-09
51,Князева Виктория Петровна,svjatopolk_1989@example.net,8 (675) 339-6360,2025-01-30
52,Наум Теймуразович Нестеров,polinasilina@example.org,+7 (895) 171-87-02,2025-04-07
53,Степанова Анжела Руслановна,martjan96@example.net,+7 586 578 09 13,2025-09-15
54,Елизавета Богдановна Кудряшова,mishinvarlaam@example.com,+7 (400) 504-55-62,2024-12-07
55,Дмитрий Власович Захаров,kostinnaum@example.net,+7 (792) 374-7407,2026-03-31
56,Яковлева Анжела Павловна,frol_46@example.net,+77436713695,2025-08-05
57,тов. Лебедева Марфа Игоревна,vorontsovaalla@example.net,8 (439) 533-94-21,2026-04-02
58,Никифорова Нинель Антоновна,naina_21@example.com,8 623 285 8842,2024-12-16
59,Ольга Кирилловна Дементьева,vikenti_71@example.org,+7 (685) 160-4817,2025-03-08
60,Иванна Харитоновна Щербакова,velimir_37@example.org,88593174612,2024-07-15
61,Горшков Виктор Богданович,timofekuzmin@example.com,8 (586) 926-17-96,2026-04-28
62,Моисей Григорьевич Зуев,izmail2018@example.org,8 850 643 1713,2025-09-23
63,Лебедева Алла Леоновна,vladlenustinov@example.net,+7 (183) 933-5290,2024-12-31
64,Василиса Тимофеевна Максимова,valerijanesterova@example.org,+7 (053) 950-24-02,2025-12-05
65,Кононова Ангелина Руслановна,eleonora1990@example.net,+7 783 908 47 00,2026-06-10
66,Наталья Борисовна Емельянова,afanasi2020@example.com,82124998569,2025-07-04
67,Эрнест Феликсович Комаров,krasilnikovustin@example.net,+7 (673) 657-6615,2025-04-19
68,Давыдова Виктория Руслановна,tarasovborislav@example.org,8 152 809 88 51,2025-04-07
69,Наталья Альбертовна Меркушева,emil45@example.org,88327315851,2025-12-20
70,Константинова Наталья Федоровна,aleksandr_2004@example.net,+70244550229,2025-10-04
71,Гришин Амвросий Бенедиктович,ermola_1991@example.com,8 254 599 1022,2025-12-14
72,Федоров Ким Феофанович,mlitkin@example.com,8 438 156 14 97,2025-07-01
73,Ефим Тихонович Моисеев,ivanovaevfrosinija@example.com,+7 (244) 510-7622,2025-03-16
74,Овчинникова Тамара Матвеевна,afanasevandronik@example.com,+7 715 969 6641,2025-04-03
75,Глафира Яковлевна Рыбакова,bronislav_61@example.org,8 968 164 53 52,2024-08-06
76,Лобанова Раиса Георгиевна,mili_23@example.org,+7 (432) 921-27-79,2025-12-18
77,Феофан Захарьевич Князев,georgi_71@example.com,8 (449) 058-14-77,2024-07-09
78,Конон Артемьевич Юдин,gorbachevcheslav@example.net,8 798 079 35 97,2025-06-12
79,Нонна Борисовна Корнилова,ljubov_18@example.net,+7 (037) 788-92-55,2026-04-13
80,Мартьян Антипович Вишняков,artemi_51@example.net,8 449 251 92 54,2026-05-19
81,Карпова Василиса Эльдаровна,nikiforovfedot@example.com,8 281 685 0542,2026-05-07
82,Святослав Георгиевич Цветков,viktorijavorobeva@example.com,+7 888 059 29 62,2024-10-08
83,Юлия Викторовна Молчанова,anike1993@example.net,+7 (794) 738-3473,2025-03-07
84,Нинель Рубеновна Комиссарова,eleonora68@example.net,8 239 240 75 81,2025-11-13
85,Ильина Ия Артемовна,iraidasaveleva@example.net,+7 (613) 750-60-68,2025-03-11
86,Болеслав Марсович Цветков,filippovaantonina@example.net,8 220 472 7790,2026-04-04
87,Рябов Геннадий Федосьевич,nosovkonstantin@example.org,+71036971179,2025-07-08
88,Игнатьева Жанна Вениаминовна,pahom09@example.com,+7 (962) 185-1888,2026-01-07
89,Лебедева Мария Руслановна,kalashnikovamarija@example.com,+70515319520,2025-02-24
90,Демид Фомич Игнатов,akulina1980@example.org,+7 704 303 05 48,2025-03-29
91,Олимпиада Ждановна Петрова,kononefimov@example.org,8 415 667 6527,2025-10-30
92,Спартак Евстигнеевич Брагин,artemevparamon@example.org,8 928 451 15 44,2025-05-03
93,Сергеева Нинель Макаровна,andronik2011@example.com,86401658202,2026-02-21
94,Быкова Александра Владимировна,frolovmihe@example.com,8 909 275 57 19,2024-09-20
95,Лонгин Елисеевич Крылов,kozlovdorofe@example.com,8 (681) 447-3947,2024-11-05
96,Богданов Радислав Всеволодович,bojan2015@example.com,8 188 442 2583,2024-09-08
97,Кудрявцев Изот Эдгарович,denisovataisija@example.net,8 782 911 4678,2025-04-07
98,Фирс Артёмович Гусев,anastasija_17@example.com,8 (528) 922-6801,2025-06-25
99,Гостомысл Захарьевич Колобов,milanblohin@example.net,+71438424981,2025-06-13
100,Фокин Фома Витальевич,julijamolchanova@example.net,8 900 109 4396,2025-09-06
101,Белозеров Трифон Ермолаевич,svjatopolk36@example.com,8 (102) 767-73-59,2024-09-24
102,Лариса Макаровна Турова,wosipov@example.com,8 (815) 371-4732,2024-08-21
103,Нестор Федосеевич Крылов,lidijakolobova@example.net,8 327 877 4701,2026-05-03
104,Меркушева Жанна Даниловна,anisim_04@example.com,87480162456,2025-03-06
105,Филарет Георгиевич Денисов,konstantin_1974@example.net,8 (849) 912-16-55,2025-07-24
106,Гаврила Герасимович Елисеев,oleg_1998@example.org,+7 257 872 9825,2026-04-22
107,Никодим Ефимович Капустин,silvestr_88@example.com,84705516940,2025-08-21
108,Фока Давыдович Молчанов,loginovaolga@example.org,8 (962) 309-1307,2025-01-26
109,Пахомов Елизар Фадеевич,fevronija_2004@example.com,+7 283 857 8652,2025-05-13
110,Некрасова Людмила Захаровна,evdokim2024@example.com,8 (434) 437-5758,2026-04-24
111,Ирина Ильинична Ильина,natan_2020@example.com,8 240 415 7473,2024-11-06
112,Тетерина Тамара Ивановна,valentinagorbacheva@example.net,83308330165,2025-11-17
113,Мамонтов Всеслав Абрамович,gleb_1992@example.com,8 (345) 401-93-80,2026-04-09
114,Бобылев Демьян Алексеевич,fmoiseeva@example.org,+70049915478,2025-06-29
115,Вера Сергеевна Абрамова,evdokim15@example.org,8 (420) 549-32-96,2026-02-05
116,Беляева Милица Болеславовна,veraarhipova@example.com,+7 (046) 374-5499,2024-06-20
117,Шубина Жанна Аркадьевна,abramovleon@example.org,8 841 459 33 27,2024-10-01
118,Элеонора Максимовна Аксенова,savva_2012@example.net,+7 (391) 878-5191,2024-07-27
119,Селезнева Евпраксия Филипповна,gennadi_1979@example.net,8 (139) 718-70-72,2025-06-21
120,Арефий Фомич Муравьев,marija06@example.com,+7 391 065 1801,2026-06-01
121,Конон Устинович Королев,nainadavidova@example.com,8 (661) 825-12-86,2025-07-03
122,Цветкова Агата Архиповна,rostislav86@example.net,8 337 524 31 06,2025-09-03
123,Акулина Егоровна Ершова,komarovcheslav@example.org,8 (903) 067-38-30,2024-09-22
124,г-жа Авдеева Ульяна Кузьминична,izot_42@example.net,8 (364) 408-9268,2025-06-08
125,Марина Станиславовна Филиппова,jzikov@example.com,8 287 334 27 08,2025-04-09
126,Тарас Венедиктович Колесников,irakliershov@example.com,+7 751 830 46 99,2024-07-10
127,Брагин Фрол Григорьевич,emeljan2019@example.com,+70331739363,2025-07-20
128,Марина Рубеновна Лукина,leon_45@example.net,8 (717) 535-56-09,2026-03-04
129,Соколова Иванна Тимуровна,jkapustin@example.org,8 369 378 5477,2025-05-14
130,Казакова Глафира Валентиновна,selivan_1980@example.net,+7 801 006 2312,2024-06-18
131,Давыдова Анастасия Яковлевна,vasilisa1997@example.org,8 (860) 084-8408,2026-01-26
132,Константинова Дарья Борисовна,nazarovgennadi@example.org,+7 (984) 546-1567,2025-07-29
133,г-жа Петухова Анжелика Антоновна,maslovnatan@example.com,8 (700) 217-6591,2026-03-27
134,Елизавета Даниловна Мясникова,kasjan1972@example.org,+78902503926,2026-04-21
135,Феоктист Демидович Ермаков,imelnikova@example.com,8 218 501 63 15,2025-08-27
136,Кириллова Марфа Леонидовна,kalashnikovairaida@example.com,8 (358) 662-96-19,2025-01-13
137,Афанасий Архипович Федотов,marinakulakova@example.net,+7 (655) 110-47-54,2024-08-25
138,Горбунов Прохор Якубович,bershov@example.org,8 819 956 0466,2026-01-01
139,Шилова Зинаида Филипповна,david_2008@example.org,+7 (444) 721-26-46,2025-01-16
140,Майя Ждановна Фокина,jaroslavgorshkov@example.net,83712406596,2026-01-19
141,Марк Феликсович Авдеев,klavdijamarkova@example.net,+7 (752) 654-7935,2025-03-13
142,Марфа Михайловна Андреева,hristofornekrasov@example.org,8 (073) 741-6724,2024-12-05
143,Терентьева Наталья Мироновна,tretjakovemmanuil@example.com,86886805891,2024-08-30
144,Мина Владленович Юдин,vorontsovamilitsa@example.com,8 101 438 88 99,2024-11-20
145,Ростислав Юлианович Алексеев,akim_71@example.com,8 112 545 73 87,2025-02-21
146,Молчанов Радислав Жоресович,petuhovanike@example.net,+7 051 238 28 25,2025-07-25
147,Елизавета Ниловна Евдокимова,evgenijakabanova@example.net,8 609 379 66 03,2024-11-09
148,Ангелина Филипповна Орлова,dorofe_1990@example.org,8 (147) 859-69-69,2024-09-03
149,Ратмир Всеволодович Авдеев,juri91@example.net,+7 (513) 412-52-86,2025-04-13
150,Блинов Панфил Гаврилович,aleksandra2000@example.net,+7 (827) 422-57-90,2026-03-05
151,Пелагея Валентиновна Григорьева,jseliverstova@example.net,8 (676) 772-19-03,2025-01-11
152,Тимофей Ермилович Романов,feofan2011@example.com,8 (819) 148-5807,2025-07-15
153,Валентина Ефимовна Петухова,savelevaivanna@example.com,+7 713 395 96 29,2024-09-21
154,Ершов Аристарх Иларионович,kliment_2003@example.org,8 449 481 2604,2026-03-06
155,Князев Влас Денисович,lidijanikonova@example.org,8 729 466 71 16,2025-06-23
156,Модест Филиппович Селиверстов,makar2002@example.net,+7 751 863 63 74,2025-02-02
157,Трофим Васильевич Воронцов,mefodi2020@example.org,+7 170 127 7063,2026-06-08
158,Клавдия Валериевна Уварова,vadim54@example.org,8 206 436 1103,2025-05-26
159,Цветков Спартак Феофанович,kuznetsovalukija@example.org,8 271 361 11 55,2026-03-17
160,Носов Всеволод Викторович,lobanovfeoktist@example.org,82753269731,2026-03-28
161,Ильин Харитон Теймуразович,pahom_52@example.org,+71389994043,2025-06-24
162,Дементьева Марфа Кирилловна,sharovazhanna@example.com,8 137 918 05 52,2025-03-21
163,Наина Михайловна Некрасова,olimpiadapestova@example.org,+7 910 430 0684,2025-09-13
164,Аксенова Наталья Ниловна,kabanovterenti@example.net,82414183285,2025-03-24
165,Щукина Ангелина Константиновна,ptrofimova@example.org,+7 (161) 799-0421,2024-06-21
166,Кузнецов Гремислав Эдуардович,stanimir_84@example.org,8 241 056 4814,2025-11-13
167,Воробьева Полина Робертовна,miroslav_1973@example.net,+7 (524) 191-38-00,2026-02-28
168,Соловьев Савва Иосифович,jknjazeva@example.org,+7 863 536 5419,2025-03-11
169,Мясникова Алла Вячеславовна,sofronsolovev@example.com,+7 744 518 70 53,2025-01-10
170,Юлия Ефимовна Суворова,harlampi_73@example.net,8 (320) 603-8505,2024-06-13
171,Якушева Ксения Борисовна,tarasfrolov@example.com,8 (024) 103-86-57,2026-05-24
172,Белов Силантий Венедиктович,lalekseev@example.net,+7 623 445 6557,2024-12-27
173,Медведев Всемил Борисович,valentinasergeeva@example.com,8 (561) 853-74-74,2026-02-24
174,Константинов Лазарь Анатольевич,makarkulikov@example.org,+7 (568) 044-2067,2025-07-22
175,Белова Октябрина Борисовна,varvarapopova@example.org,+7 (236) 519-9410,2026-06-09
176,Юдин Прокл Валерьянович,lihachevmaksimiljan@example.org,+7 702 966 7066,2024-10-16
177,Герасимов Кир Елисеевич,gennadi1971@example.net,83476870146,2024-09-20
178,Доронин Степан Денисович,adam_2025@example.net,8 787 598 5642,2024-07-01
179,Новикова Ирина Аркадьевна,taras1990@example.net,+7 (213) 348-0396,2025-02-26
180,Дарья Вячеславовна Фролова,ninel_59@example.org,8 992 937 8427,2024-07-09
181,Елисеев Ефим Адамович,samson_1970@example.net,+7 (252) 500-2921,2026-02-19
182,Анжела Максимовна Крюкова,glazareva@example.com,+75226752895,2024-11-21
183,Захарова Марина Константиновна,vladimir20@example.net,86902959391,2026-04-26
184,Кононов Бажен Данилович,luchezar_21@example.net,8 704 331 5410,2024-07-17
185,Панкрат Владленович Доронин,ykuznetsova@example.com,8 (617) 932-7104,2024-06-26
186,Василий Артёмович Александров,marinasorokina@example.net,+7 815 997 06 29,2026-03-23
187,Комаров Максимильян Гертрудович,osipignatov@example.net,8 (444) 310-6987,2024-10-02
188,Парфен Афанасьевич Анисимов,evstigne1975@example.org,+7 (417) 146-77-41,2025-09-23
189,Моисей Тарасович Фомин,nonnasoloveva@example.com,8 (743) 490-21-15,2026-01-22
190,Харитон Давыдович Жданов,odintsovamarija@example.net,8 879 374 16 08,2025-08-02
191,Дроздова Юлия Вениаминовна,seliverstovprohor@example.org,+7 (332) 061-63-29,2024-12-17
192,Ангелина Богдановна Колесникова,nikon_2001@example.com,8 (709) 986-1622,2025-07-30
193,Силина Антонина Борисовна,ustinovkonon@example.net,8 646 799 7024,2025-04-02
194,Федосеева Милица Антоновна,vbragina@example.net,+7 (074) 505-4447,2026-02-28
195,Лыткина Елизавета Валентиновна,oktjabrina75@example.com,8 913 736 78 50,2025-06-23
196,Никифоров Сильвестр Трофимович,svetlanabobileva@example.net,+7 233 030 7053,2024-12-29
197,Прасковья Никифоровна Калашникова,fedoseevamvrosi@example.org,8 797 279 8552,2026-02-13
198,Будимир Еремеевич Новиков,kkomarov@example.net,+7 (333) 468-0072,2025-09-27
199,Кузнецова Елена Ждановна,lukija46@example.com,8 743 748 9691,2024-06-17
200,тов. Шилова Фёкла Юльевна,lavrenti17@example.org,8 454 443 2830,2026-01-20
201,Фёкла Ниловна Нестерова,ekaterina_20@example.net,8 (446) 660-99-35,2025-11-24
202,Лукин Савелий Ильясович,ladimir_2017@example.net,8 (241) 724-8251,2024-11-21
203,Уваров Леон Федосеевич,moke_49@example.com,8 (170) 999-17-38,2024-09-07
204,Лобанова Клавдия Наумовна,bespalovaviktorija@example.org,+7 (569) 725-2175,2025-09-15
205,Калашников Арефий Абрамович,kir1981@example.org,82712966667,2025-03-18
206,Медведев Мстислав Авдеевич,regina_83@example.org,+7 335 421 6894,2024-10-11
207,Клавдия Кирилловна Панова,eduard_1999@example.com,+7 (575) 326-03-32,2024-11-13
208,Селезнев Давыд Валерьевич,lukija_06@example.net,+78909010016,2025-05-02
209,Максимов Савватий Витальевич,avksentiantonov@example.com,+7 849 926 18 91,2025-01-04
210,Полина Геннадьевна Кошелева,kallistratnikonov@example.net,+7 (564) 208-7375,2024-11-30
211,Беляев Венедикт Эдгарович,annaguljaeva@example.net,+7 143 744 70 12,2026-03-12
212,Майя Кузьминична Котова,belovanikita@example.org,+7 (255) 794-15-52,2024-09-03
213,Ратибор Егорович Щукин,emaslova@example.com,+7 (120) 216-97-97,2024-10-22
214,Мирон Аксёнович Самойлов,olgarusakova@example.com,+7 670 145 08 99,2024-11-22
215,Лукия Семеновна Галкина,gorbunovipat@example.com,8 628 900 2877,2026-03-08
216,Емельянов Любим Демидович,klavdi_08@example.org,8 (663) 177-9717,2025-05-04
217,Чернов Адам Бориславович,csharapov@example.net,8 (019) 948-8375,2025-03-04
218,Цветков Радован Игнатович,tamara_2004@example.com,8 711 305 5488,2025-03-11
219,Самсонов Григорий Эдгарович,nadezhdakiseleva@example.com,83316373516,2024-07-15
220,Муравьева Феврония Васильевна,ratmir2007@example.net,+7 (708) 086-97-82,2025-10-30
221,Авдеев Владимир Бориславович,mshirjaeva@example.net,8 866 934 6547,2026-01-20
222,Елисеев Соломон Ефимович,longin_2010@example.net,+7 (339) 452-2885,2025-11-12
223,Тамара Романовна Логинова,vdavidova@example.net,+76081062003,2024-12-23
224,Ия Ждановна Куликова,pahomovakira@example.org,8 (057) 198-3863,2025-06-19
225,Ия Альбертовна Гущина,anosov@example.net,8 800 439 7359,2025-07-16
226,Носова Евдокия Кирилловна,demjan2025@example.org,+7 (281) 606-48-42,2024-10-07
227,Агата Леоновна Абрамова,alinastepanova@example.com,80947985158,2024-11-19
228,Виноградов Силантий Владиленович,imakarova@example.com,+7 533 555 43 98,2025-05-24
229,Ситникова Агафья Вадимовна,prokofi_39@example.net,+7 (056) 164-8408,2026-02-02
230,Симон Филатович Мартынов,anisimovaevdokija@example.com,8 (112) 880-1336,2026-02-12
231,Никонов Платон Артёмович,alevtinaribakova@example.net,8 011 024 8193,2026-04-08
232,Радим Трофимович Горбунов,agge_61@example.net,+7 919 015 8144,2025-08-28
233,Порфирий Тарасович Афанасьев,muhinagalina@example.net,+7 (268) 424-5088,2024-09-23
234,Дроздов Эдуард Тимурович,trofim_2023@example.com,+7 (536) 822-2394,2024-10-31
235,Лаврентьев Ферапонт Антипович,roman_2006@example.org,+71413975523,2024-08-24
236,Мясникова Евдокия Кузьминична,radim1988@example.net,+79299556205,2024-12-08
237,Гришин Поликарп Елизарович,vsevolod_57@example.com,8 (547) 812-91-42,2026-03-24
238,Гурьев Ярослав Артемьевич,rozhkovadam@example.net,+7 996 930 8488,2025-05-22
239,Майя Никифоровна Цветкова,vsevolod78@example.net,+7 658 039 28 27,2024-10-06
240,Воронцова Вероника Романовна,andron_37@example.org,+7 453 038 56 77,2026-03-17
241,Кулагин Любомир Бориславович,alevtina_2016@example.net,+79892665918,2024-12-12
242,Елена Семеновна Маслова,mechislav_77@example.net,+7 827 231 8432,2024-10-26
243,Викторин Давыдович Аксенов,margarita_17@example.net,8 (739) 260-30-29,2025-08-18
244,Копылов Андрон Виленович,sergeevaivanna@example.org,8 (699) 041-3797,2026-03-07
245,Никонов Остап Викторович,julijaprohorova@example.net,+72579913662,2024-08-30
246,Самойлов Силантий Федосеевич,eleonorabelova@example.org,8 (990) 881-17-29,2025-07-10
247,Субботин Петр Федосеевич,anike_86@example.org,8 (659) 916-24-73,2026-04-07
248,Моисеев Тихон Устинович,evgeni00@example.net,8 (180) 635-6512,2025-04-19
249,Осипова Синклитикия Олеговна,juli_46@example.org,8 887 258 87 44,2025-08-07
250,Марфа Валентиновна Красильникова,dementevivan@example.com,+7 (138) 658-90-26,2026-05-17
251,Тарасов Галактион Харитонович,eborisov@example.com,+7 (519) 066-9849,2024-07-23
252,Дарья Святославовна Быкова,medvedevaregina@example.com,+7 (098) 839-2053,2025-10-03
253,Анна Игоревна Гуляева,qkrjukov@example.com,8 938 011 84 89,2025-02-21
254,Ирина Дмитриевна Кошелева,radovanteterin@example.com,80426818184,2025-02-15
255,Копылов Исай Димитриевич,narkis2001@example.org,8 779 071 4163,2025-10-19
256,Веселов Остромир Ильич,terenti_1970@example.com,+7 (416) 518-2755,2024-11-18
257,Королева Евдокия Святославовна,izmailzinovev@example.org,+73333952111,2025-10-18
258,Горбачева Агата Тимофеевна,jakushevaolga@example.com,85794728463,2025-12-11
259,Назаров Панфил Харлампович,amos_1998@example.com,+7 (718) 750-03-69,2024-08-24
260,Исидор Гаврилович Хохлов,izot47@example.net,8 527 636 5564,2025-05-07
261,Игнатьева Елизавета Болеславовна,izmail86@example.com,+7 (227) 026-7288,2025-11-20
262,Клавдия Ждановна Шилова,afanasevaantonina@example.net,+7 (034) 717-54-55,2025-07-26
263,Зоя Макаровна Лебедева,wnikolaev@example.net,83998245587,2025-12-29
264,Богдан Тарасович Горбачев,rostislav22@example.net,8 699 611 2535,2025-01-29
265,Карл Тихонович Дорофеев,emilija2018@example.com,88762202341,2024-11-12
266,Валентин Арсенович Колобов,trofim1973@example.com,8 (114) 921-6433,2025-12-02
267,Владлен Васильевич Назаров,alevtinamorozova@example.net,8 577 848 7282,2025-08-17
268,Феоктист Феодосьевич Назаров,leonid_2021@example.com,8 (317) 456-4240,2024-06-12
269,Вера Макаровна Дмитриева,tvorimir1970@example.com,8 (406) 493-08-53,2025-04-08
270,Афанасьева Зинаида Валериевна,yfedoseeva@example.org,+71638944846,2024-10-27
271,Кузьмин Корнил Брониславович,jan1995@example.net,87350208021,2025-01-03
272,Быков Авксентий Даниилович,alekseevagafon@example.com,+7 (564) 757-0512,2024-07-22
273,Анжела Тимофеевна Воронова,evdokijasamsonova@example.com,8 013 673 03 71,2025-06-27
274,Олимпиада Натановна Федосеева,ljubomir20@example.net,8 (814) 743-5031,2024-12-01
275,Агафон Владленович Евсеев,foti16@example.org,+7 097 925 1327,2024-08-17
276,Тетерина Анастасия Аркадьевна,anzhela_28@example.org,+7 (735) 857-30-65,2025-11-22
277,Андрон Чеславович Крюков,fedot1986@example.net,8 (392) 855-74-98,2024-10-07
278,Савельева Кира Захаровна,mihe_1995@example.net,8 (620) 959-3518,2026-01-30
279,Федосеев Сергей Витальевич,ljubomir65@example.org,+7 810 220 31 73,2024-08-23
280,Дьячкова Мария Рудольфовна,jaropolk_2009@example.com,+7 539 103 7170,2025-03-02
281,Белозерова Наина Максимовна,birjukovaemilija@example.com,8 (014) 138-1138,2025-03-20
282,Прохоров Ипат Вячеславович,pelageja_2001@example.net,+7 957 612 28 68,2025-02-13
283,Моисеев Пров Ильич,uljan_55@example.com,8 593 983 68 45,2026-05-15
284,Никон Ааронович Владимиров,bobrovafekla@example.org,8 (240) 433-5048,2025-06-20
285,Дроздова Виктория Болеславовна,ribakovaljudmila@example.org,+7 (459) 334-41-96,2025-08-01
286,Воробьев Любосмысл Харлампьевич,pelagejasharapova@example.net,81940961055,2026-03-16
287,Виссарион Давыдович Дементьев,kalashnikovamarina@example.org,+78058925832,2024-07-18
288,Карпова Нонна Эльдаровна,budimir_1982@example.com,8 225 179 08 64,2024-08-13
289,Носова Василиса Валентиновна,fedot1981@example.com,83898331465,2025-10-24
290,Макарова Надежда Олеговна,milen_35@example.com,80425979270,2026-04-17
291,Зимин Мстислав Витальевич,makarovapollinari@example.org,82405147705,2024-11-11
292,Ершова София Семеновна,trofim79@example.net,+7 (069) 804-20-43,2026-01-09
293,Зайцева Октябрина Андреевна,kolesnikovkasjan@example.net,8 104 636 8157,2026-03-06
294,Герасимова Евпраксия Сергеевна,feliks2022@example.org,+7 384 576 2055,2025-02-26
295,Сидор Елизарович Корнилов,isaevazoja@example.com,+7 843 256 2168,2026-05-14
296,Исаева Елизавета Николаевна,filippstepanov@example.com,+79578232983,2026-03-03
297,Станислав Венедиктович Горбунов,tatjanafomicheva@example.org,8 188 125 2056,2026-05-14
298,Кир Вилорович Гуляев,vatslavtitov@example.org,+7 994 999 3933,2025-10-26
299,Самсон Венедиктович Овчинников,lukija2006@example.org,8 772 233 06 04,2026-05-06
300,Агафонов Егор Гертрудович,borisovporfiri@example.net,8 (573) 660-96-56,2025-09-01
301,Кириллова Синклитикия Станиславовна,galkinavalentina@example.com,8 (038) 860-86-80,2024-10-28
302,Лазарь Ермилович Суворов,nataljaanisimova@example.net,+7 827 718 1298,2024-09-18
303,Радим Адрианович Борисов,harlampi2020@example.org,8 (145) 211-17-51,2025-06-29
304,Сократ Владиленович Мельников,natan_1972@example.org,8 922 220 6447,2025-01-08
305,Мясников Влас Германович,efremovazoja@example.org,8 (778) 097-33-97,2025-05-09
306,Эмиль Абрамович Николаев,klavdi_2004@example.net,+7 (022) 050-2099,2025-01-15
307,Алла Борисовна Аксенова,galinamuraveva@example.com,89982795014,2025-02-02
308,Ангелина Олеговна Одинцова,artemi_1986@example.org,+7 458 683 39 01,2025-08-03
309,Светлана Богдановна Трофимова,parfen95@example.com,8 (995) 299-7877,2026-01-22
310,Елизавета Кирилловна Григорьева,kovalevaalevtina@example.com,+7 396 605 58 30,2025-09-22
311,Сидорова Ангелина Константиновна,silvestr85@example.org,+7 556 990 23 55,2026-04-16
312,Савватий Алексеевич Юдин,olgastepanova@example.net,8 (857) 608-49-58,2025-07-08
313,Зимин Максимильян Ильич,litkingennadi@example.com,+7 568 299 6291,2026-03-05
314,Лариса Антоновна Дорофеева,fzaharov@example.org,8 743 842 1503,2026-04-09
315,Аким Харлампьевич Лихачев,gerasim_1980@example.com,8 (452) 182-3076,2025-11-14
316,Иванова Ксения Аскольдовна,mironovruslan@example.org,+7 840 943 53 34,2024-12-30
317,Потап Валерианович Дорофеев,galinaegorova@example.org,+7 988 138 5854,2024-09-23
318,Боброва Ульяна Ефимовна,anzhelanikiforova@example.net,8 870 207 0160,2024-08-13
319,Эдуард Филатович Горбачев,leonti_53@example.net,8 (179) 217-1747,2025-05-21
320,Вероника Юрьевна Осипова,nikifor_25@example.com,8 (701) 715-77-24,2025-12-24
321,Гусева Раиса Борисовна,tprohorova@example.org,8 814 876 9639,2024-12-06
322,Трофимов Нестор Арсенович,emeljan_96@example.com,85832197199,2025-05-15
323,Бирюкова Нинель Вячеславовна,onufri19@example.org,86570132902,2025-10-07
324,Кузьма Терентьевич Горбачев,evse1981@example.com,+79465190986,2026-02-20
325,Анастасия Максимовна Мясникова,apollinari_1970@example.net,8 140 369 6566,2025-03-17
326,Нестерова Дарья Руслановна,evdokijanaumova@example.com,8 624 220 1027,2025-10-05
327,Вера Артемовна Кудрявцева,dkononova@example.net,86927868765,2024-11-23
328,Аверьян Эдуардович Сазонов,sidorfedotov@example.com,8 (950) 097-5197,2026-05-15
329,Артемьев Степан Елисеевич,sofron1974@example.net,+7 371 894 90 58,2026-01-01
330,Соломон Харитонович Дроздов,pantelemon_54@example.com,+7 (094) 940-79-29,2024-07-19
331,г-жа Дмитриева Пелагея Артемовна,praskovjavorobeva@example.com,+72944401929,2025-12-03
332,Фомина Дарья Захаровна,svjatoslavkorolev@example.net,+7 512 927 6637,2025-11-23
333,Игнатьев Мечислав Антипович,raisa10@example.org,8 (674) 783-66-74,2024-09-25
334,Агафья Ильинична Гущина,naum2008@example.net,+7 185 694 5441,2024-12-15
335,Суворова Жанна Эдуардовна,spiridonshirjaev@example.net,+7 (580) 010-61-81,2025-10-25
336,Кондратий Димитриевич Григорьев,kozlovajulija@example.org,+7 939 111 9269,2026-01-19
337,Макаров Доброслав Димитриевич,ruslan17@example.com,8 542 140 66 50,2024-12-17
338,Дарья Павловна Виноградова,evstigne2004@example.org,8 (128) 639-17-41,2024-07-07
339,Артемьев Ипатий Филатович,samsonovapolina@example.org,+7 064 256 9087,2025-05-27
340,Архип Давидович Смирнов,steterina@example.com,+7 985 546 01 58,2026-02-24
341,Родион Ермолаевич Юдин,demjanzhdanov@example.org,8 346 157 17 32,2024-07-08
342,Капустин Изяслав Эдгардович,ygusev@example.net,+77870050506,2024-09-06
343,Регина Робертовна Субботина,gennadi_2011@example.org,+7 027 079 03 20,2024-10-15
344,Тимофеев Валерий Филиппович,fevronijagolubeva@example.org,+7 799 313 65 65,2024-09-08
345,Некрасова Вера Леонидовна,anikitakapustin@example.org,8 114 262 5827,2024-12-06
346,Кузьмина Антонина Юрьевна,ksavina@example.org,8 (100) 219-46-72,2024-11-09
347,Галкина Нонна Наумовна,demidkostin@example.net,+7 927 914 5608,2024-12-01
348,Лобанов Валентин Иосипович,silvestr_1982@example.net,+7 (403) 127-7220,2024-07-21
349,Епифан Феодосьевич Максимов,jakov_70@example.org,+7 822 078 1137,2025-08-18
350,Евстафий Зиновьевич Данилов,bolshakovzosima@example.org,+7 (636) 317-9706,2024-09-25
351,Оксана Вячеславовна Колесникова,vsemil_73@example.net,8 435 209 0421,2026-02-23
352,Данила Измаилович Поляков,ernest29@example.org,88316873977,2025-01-01
353,Зиновьева Зинаида Ефимовна,platon_93@example.net,+7 (906) 007-80-68,2025-03-26
354,Антонина Петровна Горшкова,borisnaumov@example.org,8 325 431 07 42,2025-11-07
355,Фаина Алексеевна Турова,rostislav2013@example.net,8 257 016 58 04,2025-04-18
356,Юлий Глебович Устинов,orehovmark@example.net,+7 850 165 7905,2025-03-06
357,Крюкова Ангелина Федоровна,vseslavmironov@example.org,8 (179) 335-5486,2024-12-31
358,Коновалов Радислав Чеславович,stepan_2016@example.com,8 (847) 951-3711,2025-03-24
359,Кондратьев Бажен Борисович,irinamakarova@example.net,+7 (723) 804-68-27,2025-02-20
360,Адриан Ермолаевич Пономарев,lebedevignati@example.net,8 695 579 8877,2025-01-19
361,Вишняков Лев Власович,zosima75@example.com,+7 254 729 2842,2026-05-23
362,Виктория Валериевна Фролова,volkovlukjan@example.net,+7 (745) 238-05-52,2025-03-11
363,Сорокина Синклитикия Кузьминична,rusakovakim@example.com,8 (275) 208-85-47,2026-03-28
364,Ульяна Вениаминовна Лаврентьева,martjan2008@example.net,8 (028) 140-69-37,2025-02-27
365,Ювеналий Георгиевич Логинов,efrem_2014@example.com,+7 (018) 718-6375,2025-08-26
366,Павлова Майя Никифоровна,nataljafomina@example.com,8 045 547 8137,2025-12-05
367,Пров Ермилович Сорокин,atrofimova@example.org,89123478519,2025-12-15
368,Исаков Ким Фёдорович,tamarasuvorova@example.net,82326487049,2025-01-19
369,Суворова Елена Алексеевна,stepanovaivanna@example.com,8 (146) 273-01-47,2026-06-07
370,Кононов Митофан Харлампьевич,qmishina@example.net,8 (158) 904-29-02,2025-01-31
371,Вера Матвеевна Сорокина,dorofeevamaja@example.com,8 044 818 3219,2025-12-13
372,Уварова Лариса Кузьминична,elizaveta51@example.net,85202845765,2026-04-15
373,Рябов Герман Юлианович,evgenievseev@example.net,88881671120,2025-05-28
374,Митофан Викентьевич Зыков,eduard1999@example.com,+7 (401) 322-34-23,2024-09-15
375,Пахомов Вениамин Артемьевич,nosovaolga@example.com,+7 310 890 7140,2024-07-30
376,Симонова Антонина Васильевна,frolmjasnikov@example.org,+7 (501) 249-55-28,2026-01-02
377,Селезнева Татьяна Афанасьевна,zikovfoka@example.org,8 (334) 280-1387,2025-03-06
378,Быкова Валентина Геннадиевна,natan_63@example.net,+7 (615) 171-8275,2025-11-08
379,Волкова Анжелика Леонидовна,viktor1991@example.com,84738646317,2026-04-28
380,Агап Эдгардович Муравьев,afanasevporfiri@example.net,+7 126 691 21 53,2025-02-14
381,Маслова Варвара Евгеньевна,fmuhina@example.com,89465796784,2024-09-27
382,Виталий Димитриевич Емельянов,ignati2005@example.org,+7 101 702 6952,2025-01-19
383,Мишина Анжела Семеновна,ruben1981@example.net,8 (784) 858-80-06,2026-03-16
384,Савельев Лука Матвеевич,rodion1972@example.org,8 (427) 624-6719,2025-10-17
385,Зимина София Филипповна,saveli2001@example.org,8 (064) 796-9545,2024-07-26
386,Гусева Майя Макаровна,fadeevalukija@example.com,+7 655 650 33 34,2025-08-18
387,Ангелина Константиновна Андреева,david_08@example.com,+7 769 864 0790,2026-06-01
388,Никита Захарьевич Дроздов,konstantinovselivan@example.org,+7 (578) 529-4563,2025-06-09
389,Анжела Тарасовна Соболева,kapiton04@example.net,8 391 919 54 19,2026-01-17
390,Епифан Изотович Евсеев,kulaginladislav@example.net,+76853664987,2025-10-15
391,Бобылева Акулина Семеновна,uljanachernova@example.org,8 (489) 690-83-57,2024-09-27
392,Зимин Ладимир Феодосьевич,ekabanov@example.net,+7 (644) 249-3631,2024-09-29
393,Лаврентьев Леонид Фомич,fedot2025@example.com,+7 324 204 4820,2026-05-16
394,Адриан Антонович Самойлов,veseloverast@example.com,+7 651 623 19 81,2025-06-28
395,Светлана Ждановна Чернова,frolovemil@example.org,8 596 363 2123,2026-05-21
396,Ираклий Антонович Емельянов,mstislav_2009@example.org,8 867 342 5754,2024-06-27
397,Элеонора Антоновна Одинцова,pahomovazhanna@example.com,8 (645) 183-7606,2026-04-20
398,Клавдия Богдановна Колобова,lavrentinikitin@example.org,8 (560) 417-76-56,2026-03-14
399,Галина Захаровна Селезнева,kazakovpantelemon@example.net,8 (570) 027-2063,2025-09-13
400,Борис Брониславович Яковлев,sofronkulakov@example.net,+7 (965) 772-42-95,2026-01-16
401,Аксенов Модест Гавриилович,ynosova@example.net,+7 (008) 931-7342,2024-07-18
402,Моисеева Иванна Владиславовна,kondratevmodest@example.org,81086771333,2026-05-03
403,Ираида Ильинична Дементьева,naum1977@example.org,83436262044,2024-11-30
404,Ипат Исидорович Логинов,borislav1970@example.org,8 636 694 1180,2024-07-20
405,Олимпиада Матвеевна Кошелева,ivanovazoja@example.net,86465280924,2024-10-14
406,тов. Шашков Руслан Васильевич,filippovtaras@example.com,+7 (415) 027-45-64,2026-04-02
407,Капитон Ярославович Веселов,kkornilova@example.com,8 (287) 032-03-20,2025-05-21
408,Абрамов Поликарп Валентинович,andron1994@example.net,8 (777) 121-5134,2024-10-21
409,Панфилов Ким Гордеевич,nazarovauljana@example.org,8 137 150 41 65,2025-08-16
410,Лидия Владиславовна Новикова,ribakovsamuil@example.com,+79050975923,2026-03-04
411,Ия Леонидовна Лаврентьева,kononovaanzhela@example.net,86164236103,2024-10-08
412,Ия Владиславовна Ковалева,seliverst64@example.net,82515837767,2024-12-24
413,Тарасова Наталья Максимовна,ninaevdokimova@example.com,+7 085 732 78 81,2025-01-10
414,Самсон Ефимович Алексеев,klavdijaodintsova@example.org,8 (649) 081-0818,2025-04-18
415,Нестеров Филарет Димитриевич,irakli_91@example.net,+7 172 260 1645,2025-08-14
416,Радим Евсеевич Александров,ekaterinagerasimova@example.org,84168006102,2025-10-03
417,Онуфрий Чеславович Антонов,zoja_64@example.org,+7 (203) 103-03-72,2025-09-29
418,Ярослав Геннадиевич Беляев,uljana72@example.com,8 012 277 70 79,2024-12-06
419,Никифор Антипович Миронов,orlovanina@example.com,8 (998) 407-67-89,2025-11-22
420,Пелагея Евгеньевна Кулакова,lobanovaakulina@example.com,85814671795,2025-05-05
421,Гостомысл Ермилович Владимиров,rjurikkonovalov@example.com,+7 (839) 597-2466,2026-02-10
422,Зиновьева Майя Руслановна,julijanikitina@example.com,+7 722 329 71 67,2025-01-19
423,Васильев Адам Ильясович,mir22@example.net,+7 156 193 1837,2024-12-17
424,Мина Андреевич Мамонтов,karl_2020@example.net,8 (910) 771-1991,2026-02-03
425,Орлов Гурий Валерианович,mitofanjakovlev@example.net,+77871255213,2025-04-28
426,Аверьян Демьянович Щукин,matve1986@example.org,+7 456 532 86 32,2026-01-18
427,Осип Фокич Селиверстов,elena_1990@example.org,8 (208) 115-56-26,2024-07-26
428,Виктория Филипповна Павлова,lavr_1993@example.net,8 (455) 048-9267,2025-09-25
429,Юлия Яковлевна Кулагина,ija1989@example.net,8 341 085 62 88,2025-01-05
430,Жданов Леонтий Измаилович,akulinanovikova@example.net,84346810548,2025-02-25
431,Кулагин Владилен Филатович,filipp07@example.com,+7 (998) 935-4492,2025-11-15
432,Крылова Валентина Леонидовна,fortunat_1980@example.com,8 (126) 611-06-27,2024-11-15
433,Ларионов Степан Трофимович,spartak_2013@example.com,87677622827,2025-11-13
434,Крюков Соломон Валерианович,ratibormuhin@example.org,+7 (851) 961-15-94,2024-07-11
435,Давыдов Лев Марсович,kuprijan70@example.org,+7 (960) 443-27-01,2025-07-16
436,Соловьев Панкратий Харлампьевич,feofan75@example.com,8 (922) 877-72-51,2026-01-16
437,Исакова Мария Евгеньевна,ilarionov@example.org,8 (412) 094-81-81,2024-10-30
438,Игнатьева Алла Феликсовна,evgeni_2012@example.net,+7 182 043 3971,2026-01-22
439,Власова Феврония Аскольдовна,azari1989@example.org,8 085 641 11 82,2025-01-06
440,Комиссаров Бронислав Витальевич,orest20@example.net,8 200 461 5265,2024-12-17
441,Варвара Альбертовна Медведева,eduardsafonov@example.org,8 (886) 140-57-86,2024-07-29
442,Калашников Игорь Аверьянович,fade91@example.org,8 (249) 671-8325,2025-07-11
443,Николаев Тимофей Федосьевич,radislav_1972@example.com,84200749465,2026-02-16
444,Одинцов Сократ Еремеевич,sorokinasinklitikija@example.net,+7 416 128 46 39,2025-06-15
445,Лукия Захаровна Ситникова,kim1983@example.com,8 379 502 0970,2026-04-01
446,Тихонова Тамара Рудольфовна,fkomarova@example.net,+7 807 156 95 62,2026-02-14
447,Агафья Васильевна Суворова,evdokim_70@example.org,+7 453 194 3375,2024-07-08
448,г-н Иванов Евсей Тихонович,bespalovklavdi@example.net,8 (728) 399-9219,2024-09-13
449,Осипов Филарет Давыдович,nadezhda_2014@example.org,+7 894 870 6056,2026-02-18
450,Виталий Ярославович Абрамов,mitofan1999@example.org,+7 (046) 875-0635,2024-08-10
451,Козлова Елена Олеговна,fomichevipat@example.org,+7 (541) 107-60-95,2026-02-15
452,Савватий Демидович Кондратьев,apollinari_58@example.org,+7 997 179 11 00,2025-03-14
453,Ангелина Владимировна Семенова,apollon1987@example.net,8 110 804 66 19,2025-12-12
454,Моисеев Ярополк Августович,nestor1996@example.com,89150785931,2024-08-25
455,Виноградова Феврония Георгиевна,raisasidorova@example.com,8 797 232 00 24,2025-08-12
456,Кулагина Людмила Константиновна,fekla_1978@example.com,+79545089203,2025-06-17
457,Алла Олеговна Коновалова,evstignekabanov@example.org,+7 537 795 99 59,2025-01-16
458,Василий Филиппович Шашков,gorshkovaelena@example.org,+7 (379) 337-5636,2024-10-24
459,Майя Андреевна Богданова,amvrosi_81@example.org,+77395003342,2024-11-18
460,Демид Игоревич Сазонов,innokenti_1980@example.org,+7 (410) 261-53-47,2024-12-04
461,Глафира Станиславовна Лаврентьева,tguljaeva@example.org,+7 223 386 55 96,2026-05-26
462,Соловьев Яков Геннадиевич,kuprijan_2014@example.com,+7 (042) 897-3179,2024-07-29
463,Ситникова Раиса Максимовна,spartak1996@example.com,8 877 749 6903,2024-11-19
464,Самойлов Измаил Тихонович,levrodionov@example.com,82548121478,2025-02-23
465,Абрамова Раиса Яковлевна,parfen_77@example.com,8 575 460 27 34,2025-09-26
466,Борис Ерофеевич Одинцов,solomon_2000@example.org,+73111508353,2025-10-17
467,Кир Геннадиевич Крюков,sofijasisoeva@example.com,+7 445 669 0782,2026-03-05
468,Владимиров Епифан Харламович,sofronsafonov@example.net,8 (751) 536-63-77,2026-02-24
469,Кудрявцев Флорентин Валерьянович,ninel07@example.net,8 536 668 4590,2025-07-31
470,Кудрявцев Герасим Игнатович,nfadeev@example.com,+7 863 715 97 41,2024-10-15
471,Борисова Александра Юльевна,aleksandr1980@example.org,8 433 481 70 58,2024-06-20
472,Остап Тимурович Яковлев,titovterenti@example.com,8 (163) 234-67-29,2025-08-05
473,Егор Юлианович Терентьев,kirill1981@example.org,8 (169) 385-97-77,2025-08-06
474,Дмитриева Оксана Макаровна,nikifor92@example.com,+7 (296) 762-9160,2024-12-03
475,Ирина Тарасовна Калинина,ignatoverofe@example.com,8 815 118 56 72,2024-12-13
476,Суворова Алевтина Анатольевна,naum1989@example.com,+7 (600) 412-5777,2024-07-31
477,Николаева Нинель Валентиновна,klavdi2017@example.org,+7 912 418 6210,2025-10-19
478,Ефимов Денис Григорьевич,rozhkovasinklitikija@example.org,8 (081) 647-09-00,2025-12-27
479,Зинаида Максимовна Бурова,evstignetarasov@example.org,8 005 313 12 20,2025-04-11
480,Большаков Любомир Геннадиевич,titafanasev@example.com,+7 331 552 06 50,2025-03-23
481,Артемий Елисеевич Кулагин,anike_13@example.com,+79718924195,2026-05-29
482,Ларионова Вера Леоновна,larisajakusheva@example.net,8 (150) 997-68-38,2025-08-14
483,Елизавета Архиповна Горбачева,nikiforovizot@example.net,8 391 025 74 32,2025-03-13
484,Фролова Фёкла Павловна,vsevolod_45@example.net,+7 864 035 5338,2024-07-21
485,Зинаида Дмитриевна Кошелева,ugolubeva@example.org,8 (017) 130-23-21,2024-10-16
486,Евсеева Евфросиния Егоровна,bogdan_1994@example.com,+72336293449,2025-05-05
487,Дорофеева Ольга Артемовна,nikon_62@example.com,8 (689) 627-06-61,2025-12-17
488,Фёкла Тарасовна Степанова,militsa_1979@example.com,8 (474) 689-71-52,2025-11-15
489,Фомичев Евграф Абрамович,samolovapraskovja@example.net,8 766 656 7491,2025-04-06
490,Русаков Владилен Теймуразович,evdokijafadeeva@example.com,+75875066337,2024-07-07
491,Алевтина Вениаминовна Осипова,ekaterina1978@example.org,89201166918,2026-04-07
492,Глафира Олеговна Максимова,sidor86@example.net,+76119524364,2024-06-16
493,Емельянов Август Богданович,nosovpankrati@example.net,8 462 252 23 72,2025-06-13
494,Ермаков Еремей Гаврилович,aristarhdementev@example.org,+7 (467) 912-1416,2024-09-11
495,Новиков Фотий Данилович,svjatoslav2007@example.org,+7 040 901 3806,2025-08-26
496,Ираида Рудольфовна Мухина,ernest_65@example.com,8 535 669 0551,2024-06-14
497,Милица Валентиновна Козлова,bespalovtaras@example.com,+7 (579) 786-3050,2025-09-17
498,Лидия Павловна Жукова,nifont2011@example.org,8 671 649 3289,2026-01-05
499,Морозова Василиса Святославовна,antonovtrofim@example.com,+7 (717) 833-32-11,2025-04-25
500,Сорокина Лидия Натановна,efim47@example.net,+7 287 153 99 15,2025-03-14
