product_id,name,category,price,stock
1,Смартфон Apple iPhone 15 Pro (Модель 45),Электроника,16349,57
2,Джинсы классические Straight (Модель 96),Одежда,48840,139
3,Робот-пылесос Roborock Q7 (Модель 64),Электроника,2382,7
4,Ноутбук ASUS Vivobook 15 (Модель 39),Электроника,33418,6
5,Сыворотка с гиалуроновой кислотой (Модель 93),Красота,46262,139
6,Термокружка из нержавейки (Модель 67),Дом и сад,38918,71
7,Умные часы Xiaomi Redmi Watch (Модель 99),Электроника,27996,87
8,Чистый код (Роберт Мартин) (Модель 37),Книги,22359,26
9,"Монитор LG UltraGear 27"" (Модель 22)",Электроника,23826,88
10,Маска для волос питательная (Модель 15),Красота,48123,117
11,Шампунь бессульфатный восстанавливающий (Модель 58),Красота,5464,141
12,Паттерны проектирования (GoF) (Модель 56),Книги,38137,49
13,Смартфон Apple iPhone 15 Pro (Модель 94),Электроника,15235,74
14,Ноутбук ASUS Vivobook 15 (Модель 22),Электроника,25211,71
15,Садовый секатор профессиональный (Модель 30),Дом и сад,24560,90
16,Спортивные штаны Nike (Модель 99),Одежда,45096,18
17,Парфюмерная вода мужская 50мл (Модель 78),Красота,48084,62
18,Носки спортивные (комплект 5 пар) (Модель 58),Одежда,17991,142
19,Кроссовки беговые повседневные (Модель 17),Одежда,15310,8
20,Думай медленно... решай быстро (Даниэль Канеман) (Модель 44),Книги,4637,54
21,Электрическая зубная щетка (Модель 37),Красота,43254,127
22,Плед флисовый уютный (Модель 28),Дом и сад,17659,35
23,Кепка однотонная базовая (Модель 78),Одежда,17519,149
24,Шторы блэкаут на люверсах (Модель 61),Дом и сад,24023,56
25,Кепка однотонная базовая (Модель 73),Одежда,6257,12
26,Умные часы Xiaomi Redmi Watch (Модель 90),Электроника,10784,108
27,Шампунь бессульфатный восстанавливающий (Модель 59),Красота,25309,119
28,Маска для волос питательная (Модель 80),Красота,1052,29
29,Маска для волос питательная (Модель 92),Красота,22593,28
30,Думай медленно... решай быстро (Даниэль Канеман) (Модель 30),Книги,30035,0
31,"Богатый папа, бедный папа (Модель 32)",Книги,33571,27
32,"Богатый папа, бедный папа (Модель 87)",Книги,13335,39
33,Чистый код (Роберт Мартин) (Модель 79),Книги,35057,0
34,Электрическая зубная щетка (Модель 72),Красота,1576,28
35,Совершенный код (Стив Макконнелл) (Модель 40),Книги,4096,61
36,Шампунь бессульфатный восстанавливающий (Модель 20),Красота,48266,124
37,Внешний аккумулятор Xiaomi Power Bank (Модель 26),Электроника,8714,121
38,Парфюмерная вода мужская 50мл (Модель 43),Красота,34881,108
39,Кепка однотонная базовая (Модель 98),Одежда,13482,79
40,Садовый секатор профессиональный (Модель 66),Дом и сад,34219,115
41,Ноутбук ASUS Vivobook 15 (Модель 38),Электроника,4496,86
42,Робот-пылесос Roborock Q7 (Модель 80),Электроника,15380,150
43,Футболка хлопковая OverSize (Модель 19),Одежда,46689,15
44,Джинсы классические Straight (Модель 14),Одежда,21954,18
45,Сыворотка с гиалуроновой кислотой (Модель 45),Красота,44142,124
46,Кепка однотонная базовая (Модель 26),Одежда,47705,146
47,Масло для бороды и усов (Модель 41),Красота,31296,104
48,Джинсы классические Straight (Модель 22),Одежда,43487,110
49,Думай медленно... решай быстро (Даниэль Канеман) (Модель 62),Книги,30906,13
50,Смартфон Apple iPhone 15 Pro (Модель 61),Электроника,48024,86
51,Ноутбук ASUS Vivobook 15 (Модель 34),Электроника,12765,137
52,Ортопедическая подушка (Модель 64),Дом и сад,12325,71
53,Термокружка из нержавейки (Модель 19),Дом и сад,29341,140
54,Смартфон Apple iPhone 15 Pro (Модель 93),Электроника,35727,3
55,Ноутбук ASUS Vivobook 15 (Модель 31),Электроника,26934,124
56,Термокружка из нержавейки (Модель 61),Дом и сад,4142,42
57,Набор кухонных ножей из стали (Модель 59),Дом и сад,17680,116
58,Думай медленно... решай быстро (Даниэль Канеман) (Модель 99),Книги,48174,142
59,Ортопедическая подушка (Модель 34),Дом и сад,19745,55
60,Робот-пылесос Roborock Q7 (Модель 79),Электроника,4294,80
61,Смартфон Apple iPhone 15 Pro (Модель 84),Электроника,31546,128
62,Парфюмерная вода мужская 50мл (Модель 17),Красота,33581,20
63,Джинсы классические Straight (Модель 86),Одежда,4753,60
64,Светодиодная настольная лампа (Модель 82),Дом и сад,16435,148
65,Крем для лица увлажняющий (Модель 89),Красота,5672,107
66,Соль для ванны с ароматом лаванды (Модель 76),Красота,21033,66
67,Кроссовки беговые повседневные (Модель 40),Одежда,17707,101
68,Спортивные штаны Nike (Модель 68),Одежда,21020,18
69,Игровая приставка Sony PlayStation 5 (Модель 89),Электроника,37196,25
70,Внешний аккумулятор Xiaomi Power Bank (Модель 37),Электроника,33453,67
71,Кроссовки беговые повседневные (Модель 18),Одежда,16309,94
72,Чистый код (Роберт Мартин) (Модель 66),Книги,35900,77
73,Патчи для глаз гидрогелевые (Модель 11),Красота,44069,141
74,Грокаем алгоритмы (Адитья Бхаргава) (Модель 27),Книги,17632,29
75,Внешний аккумулятор Xiaomi Power Bank (Модель 29),Электроника,18148,72
76,Сыворотка с гиалуроновой кислотой (Модель 53),Красота,13642,67
77,Масло для бороды и усов (Модель 42),Красота,3629,23
78,Коврик для йоги нескользящий (Модель 15),Дом и сад,532,85
79,Спортивные штаны Nike (Модель 30),Одежда,48877,113
80,Тоник для лица очищающий (Модель 81),Красота,933,28
81,Умные часы Xiaomi Redmi Watch (Модель 79),Электроника,2661,94
82,Патчи для глаз гидрогелевые (Модель 28),Красота,28466,32
83,Планшет Samsung Galaxy Tab (Модель 56),Электроника,2914,91
84,Куртка демисезонная ветрозащитная (Модель 95),Одежда,7036,90
85,Тоник для лица очищающий (Модель 89),Красота,49417,39
86,Худи однотонное с капюшоном (Модель 32),Одежда,27320,6
87,Кроссовки беговые повседневные (Модель 62),Одежда,44203,63
88,Чистый код (Роберт Мартин) (Модель 99),Книги,7384,97
89,Игровая приставка Sony PlayStation 5 (Модель 38),Электроника,13379,117
90,Совершенный код (Стив Макконнелл) (Модель 39),Книги,14909,6
91,Рубашка в клетку фланелевая (Модель 52),Одежда,18558,17
92,Психология влияния (Роберт Чалдини) (Модель 92),Книги,33684,102
93,Электрическая зубная щетка (Модель 13),Красота,7859,66
94,Свитшот трикотажный (Модель 43),Одежда,2807,27
95,Тоник для лица очищающий (Модель 54),Красота,48045,80
96,Шторы блэкаут на люверсах (Модель 75),Дом и сад,7878,98
97,Сыворотка с гиалуроновой кислотой (Модель 42),Красота,3208,111
98,Внешний аккумулятор Xiaomi Power Bank (Модель 78),Электроника,45313,50
99,Думай медленно... решай быстро (Даниэль Канеман) (Модель 18),Книги,43831,84
100,Электрическая зубная щетка (Модель 94),Красота,8467,76
101,Маска для волос питательная (Модель 95),Красота,27064,83
102,Коврик для йоги нескользящий (Модель 80),Дом и сад,8641,49
103,Набор горшков для цветов (Модель 96),Дом и сад,49329,44
104,Соль для ванны с ароматом лаванды (Модель 48),Красота,26912,140
105,Планшет Samsung Galaxy Tab (Модель 46),Электроника,14074,110
106,Соль для ванны с ароматом лаванды (Модель 93),Красота,21418,119
107,Плед флисовый уютный (Модель 96),Дом и сад,14305,130
108,Ортопедическая подушка (Модель 94),Дом и сад,5857,72
109,Соль для ванны с ароматом лаванды (Модель 52),Красота,6420,60
110,1984 (Джордж Оруэлл) (Модель 35),Книги,9956,6
111,Ноутбук ASUS Vivobook 15 (Модель 70),Электроника,40360,18
112,Набор горшков для цветов (Модель 90),Дом и сад,38027,49
113,Плед флисовый уютный (Модель 61),Дом и сад,16289,37
114,Беспроводные наушники JBL Tune (Модель 64),Электроника,14641,45
115,Масло для бороды и усов (Модель 16),Красота,36830,63
116,Игровая приставка Sony PlayStation 5 (Модель 27),Электроника,30750,135
117,Соль для ванны с ароматом лаванды (Модель 50),Красота,49796,113
118,Патчи для глаз гидрогелевые (Модель 64),Красота,36205,114
119,Носки спортивные (комплект 5 пар) (Модель 67),Одежда,17286,63
120,"Богатый папа, бедный папа (Модель 72)",Книги,41374,61
121,Атлант расправил плечи (Модель 19),Книги,47062,73
122,Спортивные штаны Nike (Модель 52),Одежда,21252,138
123,Умные часы Xiaomi Redmi Watch (Модель 29),Электроника,15455,98
124,Куртка демисезонная ветрозащитная (Модель 18),Одежда,27488,104
125,"Богатый папа, бедный папа (Модель 69)",Книги,27548,15
126,Рубашка в клетку фланелевая (Модель 59),Одежда,38578,5
127,Тоник для лица очищающий (Модель 71),Красота,686,90
128,Думай медленно... решай быстро (Даниэль Канеман) (Модель 63),Книги,35572,139
129,Сыворотка с гиалуроновой кислотой (Модель 72),Красота,14680,69
130,Плед флисовый уютный (Модель 13),Дом и сад,25784,86
131,Ортопедическая подушка (Модель 69),Дом и сад,8664,136
132,"Монитор LG UltraGear 27"" (Модель 85)",Электроника,37287,6
133,"Монитор LG UltraGear 27"" (Модель 27)",Электроника,30557,46
134,Планшет Samsung Galaxy Tab (Модель 58),Электроника,21753,54
135,Садовый секатор профессиональный (Модель 53),Дом и сад,25146,71
136,Коврик для йоги нескользящий (Модель 20),Дом и сад,31122,4
137,Крем для лица увлажняющий (Модель 54),Красота,14994,17
138,Смартфон Apple iPhone 15 Pro (Модель 41),Электроника,13365,5
139,Парфюмерная вода мужская 50мл (Модель 40),Красота,8572,121
140,Робот-пылесос Roborock Q7 (Модель 37),Электроника,30776,65
141,Чистый код (Роберт Мартин) (Модель 87),Книги,40096,29
142,Спортивные штаны Nike (Модель 23),Одежда,38224,6
143,Паттерны проектирования (GoF) (Модель 96),Книги,24896,101
144,Джинсы классические Straight (Модель 85),Одежда,45560,62
145,Планшет Samsung Galaxy Tab (Модель 97),Электроника,39648,30
146,Крем для лица увлажняющий (Модель 54),Красота,35213,109
147,Грокаем алгоритмы (Адитья Бхаргава) (Модель 74),Книги,42737,87
148,"Монитор LG UltraGear 27"" (Модель 72)",Электроника,7216,110
149,Атлант расправил плечи (Модель 29),Книги,28840,45
150,Маска для волос питательная (Модель 88),Красота,35569,123
151,Набор горшков для цветов (Модель 85),Дом и сад,17889,82
152,Джинсы классические Straight (Модель 45),Одежда,29843,62
153,Шторы блэкаут на люверсах (Модель 88),Дом и сад,44090,97
154,Изучаем Python (Марк Лутц) (Модель 73),Книги,21600,46
155,Термокружка из нержавейки (Модель 55),Дом и сад,17231,87
156,Паттерны проектирования (GoF) (Модель 99),Книги,18405,142
157,Внешний аккумулятор Xiaomi Power Bank (Модель 34),Электроника,5910,61
158,Плед флисовый уютный (Модель 81),Дом и сад,49987,61
159,Плед флисовый уютный (Модель 67),Дом и сад,1430,23
160,1984 (Джордж Оруэлл) (Модель 61),Книги,45636,62
161,Паттерны проектирования (GoF) (Модель 57),Книги,31315,141
162,Электрическая зубная щетка (Модель 64),Красота,49185,140
163,Психология влияния (Роберт Чалдини) (Модель 99),Книги,30036,69
164,Совершенный код (Стив Макконнелл) (Модель 39),Книги,8207,49
165,Грокаем алгоритмы (Адитья Бхаргава) (Модель 78),Книги,45530,47
166,Куртка демисезонная ветрозащитная (Модель 71),Одежда,18420,150
167,Соль для ванны с ароматом лаванды (Модель 46),Красота,6888,49
168,1984 (Джордж Оруэлл) (Модель 56),Книги,12059,77
169,Внешний аккумулятор Xiaomi Power Bank (Модель 26),Электроника,18277,11
170,Внешний аккумулятор Xiaomi Power Bank (Модель 47),Электроника,46005,32
171,Светодиодная настольная лампа (Модель 11),Дом и сад,37921,72
172,Плед флисовый уютный (Модель 66),Дом и сад,22628,47
173,Планшет Samsung Galaxy Tab (Модель 71),Электроника,7776,16
174,Плед флисовый уютный (Модель 19),Дом и сад,38115,13
175,Худи однотонное с капюшоном (Модель 82),Одежда,20212,21
176,Джинсы классические Straight (Модель 81),Одежда,27574,57
177,Тоник для лица очищающий (Модель 67),Красота,29314,76
178,Тоник для лица очищающий (Модель 49),Красота,37565,15
179,Шампунь бессульфатный восстанавливающий (Модель 36),Красота,41293,54
180,Грокаем алгоритмы (Адитья Бхаргава) (Модель 30),Книги,16019,44
181,Шампунь бессульфатный восстанавливающий (Модель 30),Красота,475,104
182,Шторы блэкаут на люверсах (Модель 70),Дом и сад,19387,8
183,Спортивные штаны Nike (Модель 46),Одежда,46370,116
184,Ноутбук ASUS Vivobook 15 (Модель 43),Электроника,41263,150
185,Рубашка в клетку фланелевая (Модель 24),Одежда,35988,57
186,Спортивные штаны Nike (Модель 28),Одежда,4979,15
187,Спортивные штаны Nike (Модель 86),Одежда,49383,145
188,Атлант расправил плечи (Модель 25),Книги,31016,77
189,Коврик для йоги нескользящий (Модель 74),Дом и сад,35688,126
190,Светодиодная настольная лампа (Модель 86),Дом и сад,2912,110
191,Паттерны проектирования (GoF) (Модель 42),Книги,1995,23
192,Свитшот трикотажный (Модель 85),Одежда,1659,68
193,Крем для лица увлажняющий (Модель 32),Красота,31134,132
194,Коврик для йоги нескользящий (Модель 33),Дом и сад,38660,111
195,Светодиодная настольная лампа (Модель 70),Дом и сад,23103,104
196,Психология влияния (Роберт Чалдини) (Модель 95),Книги,7155,41
197,Думай медленно... решай быстро (Даниэль Канеман) (Модель 98),Книги,32771,73
198,Увлажнитель воздуха ультразвуковой (Модель 14),Дом и сад,30107,22
199,Совершенный код (Стив Макконнелл) (Модель 51),Книги,7897,103
200,Крем для лица увлажняющий (Модель 94),Красота,35859,118
201,Набор кухонных ножей из стали (Модель 34),Дом и сад,34276,92
202,Масло для бороды и усов (Модель 90),Красота,29269,13
203,Спортивные штаны Nike (Модель 80),Одежда,8886,73
204,Плед флисовый уютный (Модель 25),Дом и сад,2191,61
205,Спортивные штаны Nike (Модель 80),Одежда,1196,141
206,Светодиодная настольная лампа (Модель 38),Дом и сад,7735,118
207,Умные часы Xiaomi Redmi Watch (Модель 73),Электроника,47263,74
208,Маска для волос питательная (Модель 63),Красота,31921,120
209,Носки спортивные (комплект 5 пар) (Модель 80),Одежда,9779,98
210,Свитшот трикотажный (Модель 75),Одежда,49209,34
211,Планшет Samsung Galaxy Tab (Модель 63),Электроника,22574,129
212,Изучаем Python (Марк Лутц) (Модель 46),Книги,47882,76
213,Соль для ванны с ароматом лаванды (Модель 94),Красота,32389,38
214,Увлажнитель воздуха ультразвуковой (Модель 71),Дом и сад,22918,85
215,Патчи для глаз гидрогелевые (Модель 58),Красота,30141,82
216,Куртка демисезонная ветрозащитная (Модель 83),Одежда,25398,59
217,Набор кухонных ножей из стали (Модель 50),Дом и сад,49104,121
218,Набор горшков для цветов (Модель 94),Дом и сад,43030,38
219,Набор кухонных ножей из стали (Модель 26),Дом и сад,33218,84
220,Игровая приставка Sony PlayStation 5 (Модель 22),Электроника,34768,116
221,Умные часы Xiaomi Redmi Watch (Модель 62),Электроника,43211,39
222,Игровая приставка Sony PlayStation 5 (Модель 43),Электроника,22487,101
223,Портативная колонка Яндекс Станция (Модель 96),Электроника,35271,97
224,Атлант расправил плечи (Модель 79),Книги,2652,17
225,Спортивные штаны Nike (Модель 39),Одежда,49240,23
226,Светодиодная настольная лампа (Модель 91),Дом и сад,46430,25
227,Ортопедическая подушка (Модель 98),Дом и сад,19925,7
228,Портативная колонка Яндекс Станция (Модель 17),Электроника,19526,91
229,Думай медленно... решай быстро (Даниэль Канеман) (Модель 28),Книги,16303,135
230,Шторы блэкаут на люверсах (Модель 97),Дом и сад,12100,43
231,Джинсы классические Straight (Модель 88),Одежда,25370,61
232,Шторы блэкаут на люверсах (Модель 28),Дом и сад,15516,118
233,Атлант расправил плечи (Модель 42),Книги,44002,2
234,Коврик для йоги нескользящий (Модель 96),Дом и сад,36121,40
235,Игровая приставка Sony PlayStation 5 (Модель 54),Электроника,38807,76
236,Коврик для йоги нескользящий (Модель 68),Дом и сад,20099,50
237,Плед флисовый уютный (Модель 23),Дом и сад,15845,97
238,Электрическая зубная щетка (Модель 83),Красота,19690,75
239,"Монитор LG UltraGear 27"" (Модель 45)",Электроника,830,144
240,Робот-пылесос Roborock Q7 (Модель 73),Электроника,19056,58
241,Электрическая зубная щетка (Модель 38),Красота,42021,48
242,Маска для волос питательная (Модель 96),Красота,49817,35
243,Смартфон Apple iPhone 15 Pro (Модель 49),Электроника,29189,8
244,Электрическая зубная щетка (Модель 26),Красота,6206,75
245,Думай медленно... решай быстро (Даниэль Канеман) (Модель 32),Книги,13459,33
246,Электрическая зубная щетка (Модель 77),Красота,33185,69
247,Спортивные штаны Nike (Модель 71),Одежда,19642,86
248,Игровая приставка Sony PlayStation 5 (Модель 19),Электроника,9524,57
249,Увлажнитель воздуха ультразвуковой (Модель 56),Дом и сад,6218,101
250,Планшет Samsung Galaxy Tab (Модель 78),Электроника,8399,116
251,Совершенный код (Стив Макконнелл) (Модель 84),Книги,25270,95
252,Ноутбук ASUS Vivobook 15 (Модель 70),Электроника,1940,143
253,Паттерны проектирования (GoF) (Модель 38),Книги,42744,16
254,Коврик для йоги нескользящий (Модель 93),Дом и сад,27058,29
255,Футболка хлопковая OverSize (Модель 14),Одежда,20246,126
256,Беспроводные наушники JBL Tune (Модель 40),Электроника,35528,34
257,Плед флисовый уютный (Модель 57),Дом и сад,44240,138
258,Шторы блэкаут на люверсах (Модель 29),Дом и сад,27489,25
259,Шторы блэкаут на люверсах (Модель 62),Дом и сад,18633,8
260,1984 (Джордж Оруэлл) (Модель 66),Книги,29443,60
261,Грокаем алгоритмы (Адитья Бхаргава) (Модель 97),Книги,24373,139
262,Изучаем Python (Марк Лутц) (Модель 60),Книги,18380,48
263,Игровая приставка Sony PlayStation 5 (Модель 21),Электроника,43735,54
264,Крем для лица увлажняющий (Модель 16),Красота,22156,62
265,Свитшот трикотажный (Модель 36),Одежда,4796,141
266,Свитшот трикотажный (Модель 37),Одежда,15569,84
267,Свитшот трикотажный (Модель 10),Одежда,18471,37
268,Кепка однотонная базовая (Модель 42),Одежда,11735,28
269,Умные часы Xiaomi Redmi Watch (Модель 11),Электроника,23777,60
270,Электрическая зубная щетка (Модель 12),Красота,11719,67
271,Умные часы Xiaomi Redmi Watch (Модель 63),Электроника,34777,29
272,Игровая приставка Sony PlayStation 5 (Модель 67),Электроника,24026,131
273,Шампунь бессульфатный восстанавливающий (Модель 67),Красота,33319,56
274,Крем для лица увлажняющий (Модель 94),Красота,34473,77
275,Набор кухонных ножей из стали (Модель 17),Дом и сад,31690,102
276,Светодиодная настольная лампа (Модель 72),Дом и сад,46987,113
277,Беспроводные наушники JBL Tune (Модель 51),Электроника,40165,37
278,Умные часы Xiaomi Redmi Watch (Модель 45),Электроника,41215,149
279,Электрическая зубная щетка (Модель 58),Красота,39450,135
280,Атлант расправил плечи (Модель 74),Книги,39977,110
281,Беспроводные наушники JBL Tune (Модель 93),Электроника,42958,141
282,Рубашка в клетку фланелевая (Модель 67),Одежда,15274,105
283,Атлант расправил плечи (Модель 61),Книги,27562,24
284,Думай медленно... решай быстро (Даниэль Канеман) (Модель 50),Книги,43888,65
285,Чистый код (Роберт Мартин) (Модель 97),Книги,31381,17
286,Беспроводные наушники JBL Tune (Модель 21),Электроника,28603,24
287,Чистый код (Роберт Мартин) (Модель 81),Книги,4230,150
288,Патчи для глаз гидрогелевые (Модель 52),Красота,44209,31
289,Садовый секатор профессиональный (Модель 95),Дом и сад,49470,108
290,Планшет Samsung Galaxy Tab (Модель 86),Электроника,20776,90
291,Робот-пылесос Roborock Q7 (Модель 74),Электроника,14242,39
292,Термокружка из нержавейки (Модель 23),Дом и сад,23245,142
293,Грокаем алгоритмы (Адитья Бхаргава) (Модель 45),Книги,37924,57
294,Увлажнитель воздуха ультразвуковой (Модель 89),Дом и сад,40511,142
295,Робот-пылесос Roborock Q7 (Модель 94),Электроника,45747,68
296,Умные часы Xiaomi Redmi Watch (Модель 44),Электроника,46352,79
297,Психология влияния (Роберт Чалдини) (Модель 10),Книги,12188,36
298,Тоник для лица очищающий (Модель 18),Красота,9597,7
299,Внешний аккумулятор Xiaomi Power Bank (Модель 37),Электроника,24954,107
300,Садовый секатор профессиональный (Модель 30),Дом и сад,24551,79
301,Паттерны проектирования (GoF) (Модель 86),Книги,5867,13
302,Худи однотонное с капюшоном (Модель 89),Одежда,3561,20
303,Атлант расправил плечи (Модель 94),Книги,28088,124
304,Масло для бороды и усов (Модель 63),Красота,18202,55
305,Шампунь бессульфатный восстанавливающий (Модель 54),Красота,28474,28
306,Паттерны проектирования (GoF) (Модель 72),Книги,34833,78
307,Ноутбук ASUS Vivobook 15 (Модель 60),Электроника,39577,14
308,Ноутбук ASUS Vivobook 15 (Модель 48),Электроника,14143,35
309,Совершенный код (Стив Макконнелл) (Модель 51),Книги,8163,1
310,Набор горшков для цветов (Модель 32),Дом и сад,8766,97
311,Сыворотка с гиалуроновой кислотой (Модель 74),Красота,36916,90
312,"Монитор LG UltraGear 27"" (Модель 15)",Электроника,28888,4
313,Светодиодная настольная лампа (Модель 50),Дом и сад,38032,109
314,Тоник для лица очищающий (Модель 91),Красота,27673,74
315,"Монитор LG UltraGear 27"" (Модель 12)",Электроника,21584,43
316,Масло для бороды и усов (Модель 98),Красота,24014,22
317,Светодиодная настольная лампа (Модель 41),Дом и сад,28852,150
318,Увлажнитель воздуха ультразвуковой (Модель 20),Дом и сад,26236,79
319,1984 (Джордж Оруэлл) (Модель 52),Книги,11318,19
320,Шампунь бессульфатный восстанавливающий (Модель 77),Красота,33720,49
321,Психология влияния (Роберт Чалдини) (Модель 92),Книги,9979,60
322,Умные часы Xiaomi Redmi Watch (Модель 42),Электроника,13228,44
323,Парфюмерная вода мужская 50мл (Модель 93),Красота,5238,45
324,Плед флисовый уютный (Модель 82),Дом и сад,38276,114
325,Соль для ванны с ароматом лаванды (Модель 51),Красота,41405,80
326,Носки спортивные (комплект 5 пар) (Модель 18),Одежда,31031,113
327,Совершенный код (Стив Макконнелл) (Модель 85),Книги,3981,90
328,Шампунь бессульфатный восстанавливающий (Модель 49),Красота,30560,115
329,Смартфон Apple iPhone 15 Pro (Модель 57),Электроника,19113,19
330,Робот-пылесос Roborock Q7 (Модель 86),Электроника,33531,98
331,Шторы блэкаут на люверсах (Модель 80),Дом и сад,48725,10
332,Шторы блэкаут на люверсах (Модель 93),Дом и сад,12636,82
333,Масло для бороды и усов (Модель 74),Красота,10186,15
334,Светодиодная настольная лампа (Модель 53),Дом и сад,47113,21
335,Парфюмерная вода мужская 50мл (Модель 15),Красота,16536,112
336,Увлажнитель воздуха ультразвуковой (Модель 76),Дом и сад,40264,40
337,Психология влияния (Роберт Чалдини) (Модель 46),Книги,25689,104
338,Паттерны проектирования (GoF) (Модель 16),Книги,41645,85
339,Портативная колонка Яндекс Станция (Модель 22),Электроника,36866,98
340,Совершенный код (Стив Макконнелл) (Модель 94),Книги,39798,38
341,Грокаем алгоритмы (Адитья Бхаргава) (Модель 84),Книги,43790,36
342,Совершенный код (Стив Макконнелл) (Модель 93),Книги,46075,100
343,Свитшот трикотажный (Модель 20),Одежда,20588,143
344,Садовый секатор профессиональный (Модель 26),Дом и сад,44216,134
345,"Монитор LG UltraGear 27"" (Модель 75)",Электроника,24012,4
346,Совершенный код (Стив Макконнелл) (Модель 33),Книги,14337,87
347,Термокружка из нержавейки (Модель 38),Дом и сад,9315,39
348,Планшет Samsung Galaxy Tab (Модель 22),Электроника,33571,138
349,Крем для лица увлажняющий (Модель 94),Красота,22370,33
350,Тоник для лица очищающий (Модель 29),Красота,10933,46
351,Парфюмерная вода мужская 50мл (Модель 66),Красота,3163,105
352,1984 (Джордж Оруэлл) (Модель 66),Книги,40315,72
353,Термокружка из нержавейки (Модель 78),Дом и сад,15974,79
354,Термокружка из нержавейки (Модель 57),Дом и сад,44753,146
355,Плед флисовый уютный (Модель 46),Дом и сад,25326,128
356,Тоник для лица очищающий (Модель 30),Красота,13387,35
357,Изучаем Python (Марк Лутц) (Модель 92),Книги,31795,95
358,Шампунь бессульфатный восстанавливающий (Модель 76),Красота,8470,72
359,Умные часы Xiaomi Redmi Watch (Модель 44),Электроника,29746,131
360,Рубашка в клетку фланелевая (Модель 21),Одежда,14851,115
361,Изучаем Python (Марк Лутц) (Модель 63),Книги,3790,101
362,Электрическая зубная щетка (Модель 40),Красота,25607,20
363,1984 (Джордж Оруэлл) (Модель 13),Книги,21185,25
364,Чистый код (Роберт Мартин) (Модель 27),Книги,2810,73
365,Ортопедическая подушка (Модель 70),Дом и сад,29699,1
366,Смартфон Apple iPhone 15 Pro (Модель 42),Электроника,14433,38
367,Соль для ванны с ароматом лаванды (Модель 77),Красота,28038,28
368,1984 (Джордж Оруэлл) (Модель 48),Книги,8285,12
369,Рубашка в клетку фланелевая (Модель 91),Одежда,41116,117
370,Беспроводные наушники JBL Tune (Модель 73),Электроника,39407,137
371,Внешний аккумулятор Xiaomi Power Bank (Модель 83),Электроника,16155,36
372,Думай медленно... решай быстро (Даниэль Канеман) (Модель 10),Книги,40592,90
373,Свитшот трикотажный (Модель 63),Одежда,12575,21
374,Электрическая зубная щетка (Модель 18),Красота,34775,139
375,Патчи для глаз гидрогелевые (Модель 80),Красота,1632,99
376,Набор кухонных ножей из стали (Модель 91),Дом и сад,25654,95
377,Изучаем Python (Марк Лутц) (Модель 55),Книги,4727,88
378,Джинсы классические Straight (Модель 84),Одежда,48481,85
379,Футболка хлопковая OverSize (Модель 55),Одежда,36083,86
380,Носки спортивные (комплект 5 пар) (Модель 99),Одежда,31661,46
381,Джинсы классические Straight (Модель 68),Одежда,2723,75
382,Футболка хлопковая OverSize (Модель 35),Одежда,3046,80
383,"Богатый папа, бедный папа (Модель 60)",Книги,35888,121
384,Изучаем Python (Марк Лутц) (Модель 92),Книги,12824,73
385,Изучаем Python (Марк Лутц) (Модель 93),Книги,22053,69
386,Портативная колонка Яндекс Станция (Модель 65),Электроника,26515,112
387,Садовый секатор профессиональный (Модель 33),Дом и сад,32819,127
388,"Богатый папа, бедный папа (Модель 44)",Книги,5714,108
389,"Монитор LG UltraGear 27"" (Модель 87)",Электроника,12126,139
390,Психология влияния (Роберт Чалдини) (Модель 23),Книги,5547,83
391,Совершенный код (Стив Макконнелл) (Модель 67),Книги,39793,109
392,Носки спортивные (комплект 5 пар) (Модель 54),Одежда,29603,10
393,Паттерны проектирования (GoF) (Модель 65),Книги,18293,14
394,"Монитор LG UltraGear 27"" (Модель 56)",Электроника,33925,40
395,Умные часы Xiaomi Redmi Watch (Модель 87),Электроника,44739,112
396,Умные часы Xiaomi Redmi Watch (Модель 18),Электроника,15766,93
397,Думай медленно... решай быстро (Даниэль Канеман) (Модель 82),Книги,2422,39
398,Садовый секатор профессиональный (Модель 57),Дом и сад,29394,19
399,Парфюмерная вода мужская 50мл (Модель 77),Красота,24348,101
400,Совершенный код (Стив Макконнелл) (Модель 41),Книги,7734,6
401,Носки спортивные (комплект 5 пар) (Модель 76),Одежда,25661,143
402,Планшет Samsung Galaxy Tab (Модель 43),Электроника,46439,114
403,Свитшот трикотажный (Модель 46),Одежда,45780,125
404,Джинсы классические Straight (Модель 27),Одежда,5153,115
405,Носки спортивные (комплект 5 пар) (Модель 21),Одежда,44990,81
406,Грокаем алгоритмы (Адитья Бхаргава) (Модель 80),Книги,35831,74
407,Чистый код (Роберт Мартин) (Модель 99),Книги,42092,44
408,"Богатый папа, бедный папа (Модель 38)",Книги,8253,51
409,Куртка демисезонная ветрозащитная (Модель 73),Одежда,2022,92
410,Соль для ванны с ароматом лаванды (Модель 57),Красота,30931,141
411,Свитшот трикотажный (Модель 21),Одежда,4608,79
412,Плед флисовый уютный (Модель 77),Дом и сад,27221,104
413,Шампунь бессульфатный восстанавливающий (Модель 26),Красота,21076,18
414,Плед флисовый уютный (Модель 97),Дом и сад,34205,88
415,Кепка однотонная базовая (Модель 91),Одежда,38821,46
416,Рубашка в клетку фланелевая (Модель 74),Одежда,3931,31
417,Парфюмерная вода мужская 50мл (Модель 48),Красота,11090,41
418,1984 (Джордж Оруэлл) (Модель 54),Книги,34306,72
419,Планшет Samsung Galaxy Tab (Модель 35),Электроника,41919,141
420,Чистый код (Роберт Мартин) (Модель 90),Книги,20145,136
421,Внешний аккумулятор Xiaomi Power Bank (Модель 92),Электроника,11351,148
422,Худи однотонное с капюшоном (Модель 94),Одежда,41225,86
423,Крем для лица увлажняющий (Модель 13),Красота,5623,11
424,Маска для волос питательная (Модель 93),Красота,14115,146
425,Шторы блэкаут на люверсах (Модель 91),Дом и сад,2284,127
426,Маска для волос питательная (Модель 92),Красота,20098,123
427,Рубашка в клетку фланелевая (Модель 48),Одежда,30023,18
428,Умные часы Xiaomi Redmi Watch (Модель 66),Электроника,27538,123
429,Термокружка из нержавейки (Модель 53),Дом и сад,40058,36
430,Психология влияния (Роберт Чалдини) (Модель 54),Книги,26430,33
431,"Богатый папа, бедный папа (Модель 81)",Книги,7258,81
432,Носки спортивные (комплект 5 пар) (Модель 25),Одежда,17829,115
433,Худи однотонное с капюшоном (Модель 22),Одежда,3616,74
434,Шторы блэкаут на люверсах (Модель 63),Дом и сад,16570,40
435,Паттерны проектирования (GoF) (Модель 50),Книги,12740,40
436,Увлажнитель воздуха ультразвуковой (Модель 69),Дом и сад,32986,78
437,Набор кухонных ножей из стали (Модель 21),Дом и сад,26071,129
438,Термокружка из нержавейки (Модель 37),Дом и сад,38530,90
439,Смартфон Apple iPhone 15 Pro (Модель 46),Электроника,32733,120
440,"Богатый папа, бедный папа (Модель 11)",Книги,7344,110
441,Спортивные штаны Nike (Модель 56),Одежда,26727,93
442,"Монитор LG UltraGear 27"" (Модель 16)",Электроника,37673,143
443,Кроссовки беговые повседневные (Модель 80),Одежда,19213,18
444,Увлажнитель воздуха ультразвуковой (Модель 67),Дом и сад,36335,71
445,Соль для ванны с ароматом лаванды (Модель 25),Красота,8732,24
446,Садовый секатор профессиональный (Модель 53),Дом и сад,36858,93
447,Куртка демисезонная ветрозащитная (Модель 87),Одежда,33665,102
448,Крем для лица увлажняющий (Модель 15),Красота,2850,35
449,Атлант расправил плечи (Модель 76),Книги,30249,38
450,Патчи для глаз гидрогелевые (Модель 27),Красота,21793,81
451,Рубашка в клетку фланелевая (Модель 88),Одежда,48752,76
452,Электрическая зубная щетка (Модель 74),Красота,33704,136
453,Шторы блэкаут на люверсах (Модель 48),Дом и сад,31422,4
454,Психология влияния (Роберт Чалдини) (Модель 96),Книги,7483,106
455,Маска для волос питательная (Модель 98),Красота,41539,6
456,Масло для бороды и усов (Модель 43),Красота,43264,148
457,Сыворотка с гиалуроновой кислотой (Модель 16),Красота,38541,122
458,Кепка однотонная базовая (Модель 90),Одежда,47563,97
459,Куртка демисезонная ветрозащитная (Модель 14),Одежда,37823,28
460,Футболка хлопковая OverSize (Модель 66),Одежда,20858,107
461,Рубашка в клетку фланелевая (Модель 98),Одежда,13662,105
462,Соль для ванны с ароматом лаванды (Модель 70),Красота,48523,15
463,Кепка однотонная базовая (Модель 36),Одежда,37058,83
464,Увлажнитель воздуха ультразвуковой (Модель 58),Дом и сад,20862,44
465,Увлажнитель воздуха ультразвуковой (Модель 53),Дом и сад,36100,90
466,Паттерны проектирования (GoF) (Модель 71),Книги,12900,63
467,"Богатый папа, бедный папа (Модель 48)",Книги,15036,76
468,1984 (Джордж Оруэлл) (Модель 98),Книги,46502,125
469,Атлант расправил плечи (Модель 54),Книги,37032,70
470,Грокаем алгоритмы (Адитья Бхаргава) (Модель 83),Книги,44643,139
471,Набор горшков для цветов (Модель 54),Дом и сад,9899,74
472,Планшет Samsung Galaxy Tab (Модель 20),Электроника,22999,113
473,Атлант расправил плечи (Модель 37),Книги,13542,137
474,"Богатый папа, бедный папа (Модель 99)",Книги,18100,35
475,Робот-пылесос Roborock Q7 (Модель 85),Электроника,15981,62
476,Внешний аккумулятор Xiaomi Power Bank (Модель 38),Электроника,42108,59
477,Беспроводные наушники JBL Tune (Модель 62),Электроника,21946,120
478,Умные часы Xiaomi Redmi Watch (Модель 10),Электроника,36367,40
479,Плед флисовый уютный (Модель 71),Дом и сад,42933,51
480,Психология влияния (Роберт Чалдини) (Модель 46),Книги,42629,15
481,Робот-пылесос Roborock Q7 (Модель 39),Электроника,35371,9
482,Рубашка в клетку фланелевая (Модель 32),Одежда,2681,101
483,Ортопедическая подушка (Модель 47),Дом и сад,2755,2
484,Паттерны проектирования (GoF) (Модель 87),Книги,7332,85
485,Атлант расправил плечи (Модель 92),Книги,35905,134
486,Ортопедическая подушка (Модель 74),Дом и сад,30972,69
487,Джинсы классические Straight (Модель 52),Одежда,10949,117
488,Чистый код (Роберт Мартин) (Модель 11),Книги,48574,86
489,Паттерны проектирования (GoF) (Модель 96),Книги,49929,49
490,Свитшот трикотажный (Модель 91),Одежда,26874,109
491,Электрическая зубная щетка (Модель 21),Красота,26569,24
492,Худи однотонное с капюшоном (Модель 71),Одежда,21507,63
493,Планшет Samsung Galaxy Tab (Модель 59),Электроника,15735,114
494,Психология влияния (Роберт Чалдини) (Модель 48),Книги,38472,146
495,Планшет Samsung Galaxy Tab (Модель 93),Электроника,23863,60
496,Беспроводные наушники JBL Tune (Модель 69),Электроника,20406,40
497,Увлажнитель воздуха ультразвуковой (Модель 49),Дом и сад,45538,30
498,Психология влияния (Роберт Чалдини) (Модель 88),Книги,14773,56
499,Носки спортивные (комплект 5 пар) (Модель 29),Одежда,30117,95
500,Увлажнитель воздуха ультразвуковой (Модель 70),Дом и сад,49933,137
501,Куртка демисезонная ветрозащитная (Модель 97),Одежда,49762,20
502,Масло для бороды и усов (Модель 77),Красота,46422,92
503,Робот-пылесос Roborock Q7 (Модель 24),Электроника,4347,140
504,Сыворотка с гиалуроновой кислотой (Модель 83),Красота,35470,38
505,Кроссовки беговые повседневные (Модель 76),Одежда,29256,29
506,Свитшот трикотажный (Модель 72),Одежда,6259,130
507,Набор кухонных ножей из стали (Модель 68),Дом и сад,8947,131
508,Плед флисовый уютный (Модель 82),Дом и сад,4083,143
509,Коврик для йоги нескользящий (Модель 12),Дом и сад,26248,65
510,Ноутбук ASUS Vivobook 15 (Модель 84),Электроника,5086,11
511,Садовый секатор профессиональный (Модель 99),Дом и сад,4478,138
512,Беспроводные наушники JBL Tune (Модель 70),Электроника,2379,73
513,Ортопедическая подушка (Модель 27),Дом и сад,42342,107
514,Думай медленно... решай быстро (Даниэль Канеман) (Модель 67),Книги,25039,96
515,Внешний аккумулятор Xiaomi Power Bank (Модель 27),Электроника,43130,89
516,Умные часы Xiaomi Redmi Watch (Модель 78),Электроника,26059,135
517,Куртка демисезонная ветрозащитная (Модель 10),Одежда,49856,5
518,Атлант расправил плечи (Модель 96),Книги,47426,139
519,Увлажнитель воздуха ультразвуковой (Модель 58),Дом и сад,15351,63
520,Садовый секатор профессиональный (Модель 29),Дом и сад,18364,48
521,Смартфон Apple iPhone 15 Pro (Модель 94),Электроника,27775,4
522,Куртка демисезонная ветрозащитная (Модель 18),Одежда,6912,8
523,Шторы блэкаут на люверсах (Модель 96),Дом и сад,46390,12
524,Футболка хлопковая OverSize (Модель 61),Одежда,29067,59
525,Сыворотка с гиалуроновой кислотой (Модель 17),Красота,9483,128
526,1984 (Джордж Оруэлл) (Модель 83),Книги,21199,147
527,Электрическая зубная щетка (Модель 40),Красота,20076,36
528,Сыворотка с гиалуроновой кислотой (Модель 62),Красота,19993,70
529,Внешний аккумулятор Xiaomi Power Bank (Модель 85),Электроника,48482,44
530,Увлажнитель воздуха ультразвуковой (Модель 73),Дом и сад,3372,88
531,Увлажнитель воздуха ультразвуковой (Модель 50),Дом и сад,45933,106
532,Ортопедическая подушка (Модель 48),Дом и сад,24971,47
533,Масло для бороды и усов (Модель 40),Красота,15068,76
534,Носки спортивные (комплект 5 пар) (Модель 17),Одежда,37156,105
535,Увлажнитель воздуха ультразвуковой (Модель 77),Дом и сад,9087,99
536,Спортивные штаны Nike (Модель 36),Одежда,21944,20
537,Садовый секатор профессиональный (Модель 21),Дом и сад,35403,48
538,Планшет Samsung Galaxy Tab (Модель 58),Электроника,44449,10
539,Ноутбук ASUS Vivobook 15 (Модель 85),Электроника,47768,143
540,Носки спортивные (комплект 5 пар) (Модель 36),Одежда,22121,77
541,Ноутбук ASUS Vivobook 15 (Модель 34),Электроника,48893,30
542,Термокружка из нержавейки (Модель 99),Дом и сад,39910,52
543,Термокружка из нержавейки (Модель 80),Дом и сад,21377,72
544,Плед флисовый уютный (Модель 78),Дом и сад,42814,91
545,Совершенный код (Стив Макконнелл) (Модель 56),Книги,33907,127
546,Светодиодная настольная лампа (Модель 70),Дом и сад,21286,52
547,Психология влияния (Роберт Чалдини) (Модель 62),Книги,3296,144
548,Худи однотонное с капюшоном (Модель 12),Одежда,17390,141
549,Соль для ванны с ароматом лаванды (Модель 63),Красота,19645,39
550,Кроссовки беговые повседневные (Модель 39),Одежда,25193,145
551,Носки спортивные (комплект 5 пар) (Модель 80),Одежда,43200,86
552,Атлант расправил плечи (Модель 92),Книги,48770,125
553,Ортопедическая подушка (Модель 55),Дом и сад,11392,35
554,Масло для бороды и усов (Модель 33),Красота,35829,15
555,Крем для лица увлажняющий (Модель 19),Красота,44092,12
556,"Монитор LG UltraGear 27"" (Модель 27)",Электроника,41633,59
557,Умные часы Xiaomi Redmi Watch (Модель 11),Электроника,14634,129
558,Садовый секатор профессиональный (Модель 17),Дом и сад,40790,123
559,Набор кухонных ножей из стали (Модель 10),Дом и сад,35179,141
560,Набор кухонных ножей из стали (Модель 12),Дом и сад,34995,70
561,Маска для волос питательная (Модель 12),Красота,33213,110
562,Джинсы классические Straight (Модель 22),Одежда,34666,38
563,Куртка демисезонная ветрозащитная (Модель 89),Одежда,34801,64
564,Совершенный код (Стив Макконнелл) (Модель 60),Книги,5478,95
565,Плед флисовый уютный (Модель 82),Дом и сад,16238,57
566,Грокаем алгоритмы (Адитья Бхаргава) (Модель 93),Книги,42891,8
567,"Монитор LG UltraGear 27"" (Модель 58)",Электроника,25018,141
568,Набор кухонных ножей из стали (Модель 91),Дом и сад,919,43
569,Игровая приставка Sony PlayStation 5 (Модель 65),Электроника,42564,84
570,Шампунь бессульфатный восстанавливающий (Модель 77),Красота,3088,58
571,Свитшот трикотажный (Модель 70),Одежда,18066,11
572,Планшет Samsung Galaxy Tab (Модель 79),Электроника,37230,8
573,Кроссовки беговые повседневные (Модель 12),Одежда,13876,150
574,Рубашка в клетку фланелевая (Модель 19),Одежда,19913,41
575,Сыворотка с гиалуроновой кислотой (Модель 82),Красота,25803,138
576,Думай медленно... решай быстро (Даниэль Канеман) (Модель 27),Книги,45474,20
577,Электрическая зубная щетка (Модель 16),Красота,6701,111
578,Джинсы классические Straight (Модель 53),Одежда,39960,101
579,Изучаем Python (Марк Лутц) (Модель 91),Книги,18212,115
580,Термокружка из нержавейки (Модель 55),Дом и сад,36543,96
581,Ортопедическая подушка (Модель 97),Дом и сад,38695,97
582,Робот-пылесос Roborock Q7 (Модель 47),Электроника,16451,18
583,Планшет Samsung Galaxy Tab (Модель 29),Электроника,25203,39
584,Садовый секатор профессиональный (Модель 56),Дом и сад,7282,23
585,Планшет Samsung Galaxy Tab (Модель 66),Электроника,23887,69
586,Умные часы Xiaomi Redmi Watch (Модель 21),Электроника,12580,110
587,Увлажнитель воздуха ультразвуковой (Модель 81),Дом и сад,33883,104
588,Смартфон Apple iPhone 15 Pro (Модель 21),Электроника,23494,141
589,Робот-пылесос Roborock Q7 (Модель 86),Электроника,21561,98
590,Планшет Samsung Galaxy Tab (Модель 62),Электроника,25714,21
591,Сыворотка с гиалуроновой кислотой (Модель 83),Красота,34451,43
592,Ортопедическая подушка (Модель 27),Дом и сад,17923,77
593,Атлант расправил плечи (Модель 28),Книги,4446,42
594,Коврик для йоги нескользящий (Модель 63),Дом и сад,19944,123
595,Портативная колонка Яндекс Станция (Модель 42),Электроника,16460,126
596,Соль для ванны с ароматом лаванды (Модель 35),Красота,30306,27
597,Спортивные штаны Nike (Модель 10),Одежда,26232,85
598,Тоник для лица очищающий (Модель 52),Красота,29150,85
599,Шторы блэкаут на люверсах (Модель 27),Дом и сад,19989,82
600,Сыворотка с гиалуроновой кислотой (Модель 71),Красота,20890,45
601,Садовый секатор профессиональный (Модель 47),Дом и сад,48460,125
602,Сыворотка с гиалуроновой кислотой (Модель 51),Красота,24945,71
603,Садовый секатор профессиональный (Модель 24),Дом и сад,37252,51
604,Патчи для глаз гидрогелевые (Модель 33),Красота,44976,140
605,Игровая приставка Sony PlayStation 5 (Модель 36),Электроника,29034,74
606,"Монитор LG UltraGear 27"" (Модель 96)",Электроника,33022,35
607,1984 (Джордж Оруэлл) (Модель 42),Книги,43466,39
608,Набор горшков для цветов (Модель 19),Дом и сад,29730,122
609,Тоник для лица очищающий (Модель 78),Красота,33501,107
610,Крем для лица увлажняющий (Модель 56),Красота,46282,137
611,Шампунь бессульфатный восстанавливающий (Модель 23),Красота,16568,90
612,Свитшот трикотажный (Модель 15),Одежда,37211,102
613,Думай медленно... решай быстро (Даниэль Канеман) (Модель 23),Книги,991,25
614,1984 (Джордж Оруэлл) (Модель 75),Книги,49245,132
615,Соль для ванны с ароматом лаванды (Модель 98),Красота,37998,56
616,Садовый секатор профессиональный (Модель 60),Дом и сад,30647,150
617,Парфюмерная вода мужская 50мл (Модель 54),Красота,1909,123
618,Планшет Samsung Galaxy Tab (Модель 63),Электроника,5926,29
619,Кроссовки беговые повседневные (Модель 49),Одежда,22783,116
620,Кепка однотонная базовая (Модель 71),Одежда,23126,121
621,Игровая приставка Sony PlayStation 5 (Модель 99),Электроника,29951,81
622,Планшет Samsung Galaxy Tab (Модель 15),Электроника,46881,29
623,Портативная колонка Яндекс Станция (Модель 92),Электроника,7467,42
624,Кепка однотонная базовая (Модель 32),Одежда,36469,40
625,"Богатый папа, бедный папа (Модель 64)",Книги,30581,59
626,Ортопедическая подушка (Модель 33),Дом и сад,42274,110
627,Набор кухонных ножей из стали (Модель 88),Дом и сад,13231,115
628,Тоник для лица очищающий (Модель 59),Красота,591,54
629,Спортивные штаны Nike (Модель 18),Одежда,38137,26
630,Парфюмерная вода мужская 50мл (Модель 56),Красота,21663,50
631,Светодиодная настольная лампа (Модель 43),Дом и сад,44255,125
632,Электрическая зубная щетка (Модель 86),Красота,25769,100
633,Шампунь бессульфатный восстанавливающий (Модель 54),Красота,23367,117
634,Парфюмерная вода мужская 50мл (Модель 96),Красота,46567,76
635,Соль для ванны с ароматом лаванды (Модель 20),Красота,44347,34
636,Грокаем алгоритмы (Адитья Бхаргава) (Модель 40),Книги,20313,29
637,Кроссовки беговые повседневные (Модель 98),Одежда,9564,130
638,Набор горшков для цветов (Модель 86),Дом и сад,9335,147
639,Набор горшков для цветов (Модель 33),Дом и сад,32194,137
640,Кепка однотонная базовая (Модель 31),Одежда,32389,73
641,Худи однотонное с капюшоном (Модель 50),Одежда,29856,13
642,Изучаем Python (Марк Лутц) (Модель 72),Книги,9247,49
643,Увлажнитель воздуха ультразвуковой (Модель 74),Дом и сад,43099,126
644,Плед флисовый уютный (Модель 63),Дом и сад,46839,113
645,Ортопедическая подушка (Модель 20),Дом и сад,37353,7
646,Спортивные штаны Nike (Модель 14),Одежда,18312,57
647,Маска для волос питательная (Модель 31),Красота,30271,144
648,Увлажнитель воздуха ультразвуковой (Модель 75),Дом и сад,7719,146
649,Планшет Samsung Galaxy Tab (Модель 79),Электроника,24342,138
650,Игровая приставка Sony PlayStation 5 (Модель 79),Электроника,14622,108
651,Ноутбук ASUS Vivobook 15 (Модель 48),Электроника,2412,115
652,Психология влияния (Роберт Чалдини) (Модель 21),Книги,29074,30
653,Куртка демисезонная ветрозащитная (Модель 85),Одежда,45463,89
654,Тоник для лица очищающий (Модель 31),Красота,40680,35
655,Куртка демисезонная ветрозащитная (Модель 17),Одежда,37660,89
656,Маска для волос питательная (Модель 86),Красота,35608,43
657,Совершенный код (Стив Макконнелл) (Модель 47),Книги,37834,68
658,Шампунь бессульфатный восстанавливающий (Модель 27),Красота,49458,105
659,Планшет Samsung Galaxy Tab (Модель 93),Электроника,8615,33
660,Худи однотонное с капюшоном (Модель 51),Одежда,16523,100
661,Ортопедическая подушка (Модель 83),Дом и сад,41745,68
662,Набор горшков для цветов (Модель 67),Дом и сад,5249,23
663,Увлажнитель воздуха ультразвуковой (Модель 45),Дом и сад,45828,94
664,Плед флисовый уютный (Модель 51),Дом и сад,38439,0
665,Игровая приставка Sony PlayStation 5 (Модель 91),Электроника,43825,91
666,Внешний аккумулятор Xiaomi Power Bank (Модель 60),Электроника,14575,109
667,Носки спортивные (комплект 5 пар) (Модель 44),Одежда,21459,72
668,"Богатый папа, бедный папа (Модель 83)",Книги,8858,144
669,Садовый секатор профессиональный (Модель 97),Дом и сад,3472,11
670,Игровая приставка Sony PlayStation 5 (Модель 12),Электроника,8442,40
671,Плед флисовый уютный (Модель 10),Дом и сад,28336,51
672,Спортивные штаны Nike (Модель 30),Одежда,18258,23
673,Совершенный код (Стив Макконнелл) (Модель 20),Книги,24669,42
674,"Монитор LG UltraGear 27"" (Модель 90)",Электроника,20321,59
675,Светодиодная настольная лампа (Модель 22),Дом и сад,371,54
676,Светодиодная настольная лампа (Модель 26),Дом и сад,39207,57
677,Масло для бороды и усов (Модель 11),Красота,828,87
678,"Монитор LG UltraGear 27"" (Модель 98)",Электроника,8962,122
679,Ноутбук ASUS Vivobook 15 (Модель 59),Электроника,6154,26
680,Портативная колонка Яндекс Станция (Модель 57),Электроника,19911,35
681,Ортопедическая подушка (Модель 92),Дом и сад,44676,36
682,Внешний аккумулятор Xiaomi Power Bank (Модель 82),Электроника,855,42
683,Садовый секатор профессиональный (Модель 37),Дом и сад,41461,38
684,Шторы блэкаут на люверсах (Модель 97),Дом и сад,29292,55
685,Беспроводные наушники JBL Tune (Модель 27),Электроника,49612,31
686,Тоник для лица очищающий (Модель 54),Красота,28440,80
687,Куртка демисезонная ветрозащитная (Модель 45),Одежда,42545,21
688,Кепка однотонная базовая (Модель 86),Одежда,39622,72
689,Планшет Samsung Galaxy Tab (Модель 36),Электроника,34231,130
690,Рубашка в клетку фланелевая (Модель 47),Одежда,42647,13
691,Носки спортивные (комплект 5 пар) (Модель 59),Одежда,7688,61
692,Шторы блэкаут на люверсах (Модель 19),Дом и сад,34921,3
693,Психология влияния (Роберт Чалдини) (Модель 26),Книги,25651,145
694,Садовый секатор профессиональный (Модель 79),Дом и сад,45057,44
695,Светодиодная настольная лампа (Модель 12),Дом и сад,38793,17
696,Планшет Samsung Galaxy Tab (Модель 37),Электроника,2910,15
697,Увлажнитель воздуха ультразвуковой (Модель 46),Дом и сад,41494,128
698,Набор горшков для цветов (Модель 99),Дом и сад,26663,21
699,Патчи для глаз гидрогелевые (Модель 88),Красота,10306,71
700,Планшет Samsung Galaxy Tab (Модель 20),Электроника,33808,52
701,Кепка однотонная базовая (Модель 51),Одежда,25906,150
702,Планшет Samsung Galaxy Tab (Модель 99),Электроника,28971,61
703,Ноутбук ASUS Vivobook 15 (Модель 21),Электроника,28774,29
704,Шторы блэкаут на люверсах (Модель 87),Дом и сад,3906,79
705,Джинсы классические Straight (Модель 11),Одежда,46692,35
706,Умные часы Xiaomi Redmi Watch (Модель 73),Электроника,23021,133
707,Маска для волос питательная (Модель 31),Красота,24670,32
708,Грокаем алгоритмы (Адитья Бхаргава) (Модель 13),Книги,22255,109
709,"Богатый папа, бедный папа (Модель 18)",Книги,17532,147
710,Игровая приставка Sony PlayStation 5 (Модель 68),Электроника,33774,92
711,Игровая приставка Sony PlayStation 5 (Модель 82),Электроника,11236,94
712,Спортивные штаны Nike (Модель 23),Одежда,37911,29
713,Кепка однотонная базовая (Модель 10),Одежда,3186,3
714,Футболка хлопковая OverSize (Модель 70),Одежда,24153,98
715,Худи однотонное с капюшоном (Модель 14),Одежда,36532,107
716,Кроссовки беговые повседневные (Модель 41),Одежда,27579,81
717,Грокаем алгоритмы (Адитья Бхаргава) (Модель 83),Книги,24732,30
718,Крем для лица увлажняющий (Модель 32),Красота,14926,132
719,"Монитор LG UltraGear 27"" (Модель 18)",Электроника,30780,72
720,Психология влияния (Роберт Чалдини) (Модель 21),Книги,36547,116
721,Портативная колонка Яндекс Станция (Модель 35),Электроника,19409,144
722,Паттерны проектирования (GoF) (Модель 41),Книги,30703,94
723,Масло для бороды и усов (Модель 35),Красота,48302,139
724,Худи однотонное с капюшоном (Модель 10),Одежда,27172,6
725,Кепка однотонная базовая (Модель 54),Одежда,41977,2
726,Изучаем Python (Марк Лутц) (Модель 94),Книги,24959,78
727,Ноутбук ASUS Vivobook 15 (Модель 77),Электроника,15908,107
728,Набор кухонных ножей из стали (Модель 28),Дом и сад,46938,71
729,Смартфон Apple iPhone 15 Pro (Модель 39),Электроника,34362,105
730,Атлант расправил плечи (Модель 20),Книги,38361,24
731,Парфюмерная вода мужская 50мл (Модель 91),Красота,26144,19
732,Соль для ванны с ароматом лаванды (Модель 17),Красота,28807,33
733,Спортивные штаны Nike (Модель 43),Одежда,20944,100
734,Психология влияния (Роберт Чалдини) (Модель 67),Книги,18122,59
735,Ноутбук ASUS Vivobook 15 (Модель 27),Электроника,38619,27
736,Джинсы классические Straight (Модель 31),Одежда,29762,119
737,Думай медленно... решай быстро (Даниэль Канеман) (Модель 25),Книги,35422,91
738,Носки спортивные (комплект 5 пар) (Модель 49),Одежда,30665,67
739,Беспроводные наушники JBL Tune (Модель 30),Электроника,45261,77
740,Крем для лица увлажняющий (Модель 37),Красота,21782,37
741,Ноутбук ASUS Vivobook 15 (Модель 55),Электроника,26268,131
742,Планшет Samsung Galaxy Tab (Модель 43),Электроника,11694,7
743,Плед флисовый уютный (Модель 81),Дом и сад,49326,140
744,Джинсы классические Straight (Модель 69),Одежда,6978,35
745,Смартфон Apple iPhone 15 Pro (Модель 17),Электроника,14867,33
746,Рубашка в клетку фланелевая (Модель 57),Одежда,45276,21
747,Соль для ванны с ароматом лаванды (Модель 43),Красота,5214,5
748,Ноутбук ASUS Vivobook 15 (Модель 92),Электроника,29360,32
749,Портативная колонка Яндекс Станция (Модель 25),Электроника,3098,118
750,Умные часы Xiaomi Redmi Watch (Модель 83),Электроника,28687,101
751,Набор кухонных ножей из стали (Модель 58),Дом и сад,45075,109
752,Кроссовки беговые повседневные (Модель 37),Одежда,12565,70
753,Атлант расправил плечи (Модель 29),Книги,2570,62
754,Атлант расправил плечи (Модель 62),Книги,36389,122
755,Беспроводные наушники JBL Tune (Модель 45),Электроника,25401,35
756,Термокружка из нержавейки (Модель 92),Дом и сад,34759,63
757,Крем для лица увлажняющий (Модель 58),Красота,47051,91
758,Увлажнитель воздуха ультразвуковой (Модель 72),Дом и сад,22846,144
759,Электрическая зубная щетка (Модель 59),Красота,18023,46
760,Портативная колонка Яндекс Станция (Модель 86),Электроника,14653,7
761,Изучаем Python (Марк Лутц) (Модель 70),Книги,34996,91
762,Сыворотка с гиалуроновой кислотой (Модель 30),Красота,6862,63
763,Спортивные штаны Nike (Модель 78),Одежда,48603,14
764,Свитшот трикотажный (Модель 59),Одежда,23552,44
765,Куртка демисезонная ветрозащитная (Модель 85),Одежда,21140,91
766,Крем для лица увлажняющий (Модель 99),Красота,23347,145
767,Парфюмерная вода мужская 50мл (Модель 82),Красота,12636,126
768,Маска для волос питательная (Модель 32),Красота,32441,9
769,Смартфон Apple iPhone 15 Pro (Модель 39),Электроника,39730,56
770,Внешний аккумулятор Xiaomi Power Bank (Модель 71),Электроника,344,84
771,Сыворотка с гиалуроновой кислотой (Модель 26),Красота,22631,45
772,Изучаем Python (Марк Лутц) (Модель 12),Книги,9980,150
773,Джинсы классические Straight (Модель 77),Одежда,24213,18
774,Думай медленно... решай быстро (Даниэль Канеман) (Модель 85),Книги,6921,86
775,Психология влияния (Роберт Чалдини) (Модель 27),Книги,10622,111
776,Садовый секатор профессиональный (Модель 32),Дом и сад,46645,143
777,Электрическая зубная щетка (Модель 38),Красота,43916,150
778,Рубашка в клетку фланелевая (Модель 49),Одежда,48403,75
779,Худи однотонное с капюшоном (Модель 10),Одежда,46306,146
780,Шторы блэкаут на люверсах (Модель 14),Дом и сад,12232,81
781,Сыворотка с гиалуроновой кислотой (Модель 91),Красота,37363,26
782,Ортопедическая подушка (Модель 52),Дом и сад,49146,19
783,Кроссовки беговые повседневные (Модель 50),Одежда,11302,22
784,Атлант расправил плечи (Модель 11),Книги,17680,53
785,Джинсы классические Straight (Модель 54),Одежда,17120,27
786,Смартфон Apple iPhone 15 Pro (Модель 59),Электроника,29019,107
787,Рубашка в клетку фланелевая (Модель 73),Одежда,25119,89
788,Тоник для лица очищающий (Модель 22),Красота,31723,147
789,Худи однотонное с капюшоном (Модель 67),Одежда,5130,8
790,Изучаем Python (Марк Лутц) (Модель 50),Книги,17413,26
791,Портативная колонка Яндекс Станция (Модель 31),Электроника,24906,41
792,Внешний аккумулятор Xiaomi Power Bank (Модель 21),Электроника,22447,123
793,"Монитор LG UltraGear 27"" (Модель 93)",Электроника,11113,111
794,Футболка хлопковая OverSize (Модель 22),Одежда,21998,52
795,Рубашка в клетку фланелевая (Модель 99),Одежда,36614,138
796,Совершенный код (Стив Макконнелл) (Модель 48),Книги,15867,24
797,"Монитор LG UltraGear 27"" (Модель 83)",Электроника,36322,125
798,Футболка хлопковая OverSize (Модель 56),Одежда,550,109
799,Планшет Samsung Galaxy Tab (Модель 94),Электроника,41265,122
800,Джинсы классические Straight (Модель 13),Одежда,13862,43
801,Грокаем алгоритмы (Адитья Бхаргава) (Модель 70),Книги,7869,78
802,Плед флисовый уютный (Модель 72),Дом и сад,43621,67
803,Внешний аккумулятор Xiaomi Power Bank (Модель 59),Электроника,12416,94
804,Садовый секатор профессиональный (Модель 33),Дом и сад,29514,11
805,Атлант расправил плечи (Модель 69),Книги,17562,57
806,Паттерны проектирования (GoF) (Модель 17),Книги,10204,24
807,Портативная колонка Яндекс Станция (Модель 79),Электроника,27431,150
808,Кепка однотонная базовая (Модель 17),Одежда,25669,133
809,Увлажнитель воздуха ультразвуковой (Модель 97),Дом и сад,31418,146
810,Носки спортивные (комплект 5 пар) (Модель 48),Одежда,5474,101
811,Внешний аккумулятор Xiaomi Power Bank (Модель 83),Электроника,34170,146
812,Парфюмерная вода мужская 50мл (Модель 25),Красота,49923,114
813,Худи однотонное с капюшоном (Модель 37),Одежда,12930,32
814,"Монитор LG UltraGear 27"" (Модель 20)",Электроника,45069,111
815,Худи однотонное с капюшоном (Модель 86),Одежда,17200,81
816,Беспроводные наушники JBL Tune (Модель 59),Электроника,36761,101
817,Электрическая зубная щетка (Модель 45),Красота,34358,117
818,Робот-пылесос Roborock Q7 (Модель 85),Электроника,34546,107
819,"Монитор LG UltraGear 27"" (Модель 29)",Электроника,10012,145
820,Соль для ванны с ароматом лаванды (Модель 22),Красота,7222,144
821,Планшет Samsung Galaxy Tab (Модель 78),Электроника,22835,105
822,Думай медленно... решай быстро (Даниэль Канеман) (Модель 93),Книги,32123,146
823,Масло для бороды и усов (Модель 14),Красота,11585,70
824,Ортопедическая подушка (Модель 89),Дом и сад,40188,102
825,"Монитор LG UltraGear 27"" (Модель 52)",Электроника,45553,60
826,Игровая приставка Sony PlayStation 5 (Модель 44),Электроника,24708,5
827,Совершенный код (Стив Макконнелл) (Модель 49),Книги,18672,125
828,Ноутбук ASUS Vivobook 15 (Модель 27),Электроника,19992,113
829,Совершенный код (Стив Макконнелл) (Модель 63),Книги,39947,22
830,Носки спортивные (комплект 5 пар) (Модель 37),Одежда,26984,124
831,Электрическая зубная щетка (Модель 17),Красота,34068,40
832,Планшет Samsung Galaxy Tab (Модель 74),Электроника,26736,34
833,Соль для ванны с ароматом лаванды (Модель 13),Красота,11686,49
834,Футболка хлопковая OverSize (Модель 41),Одежда,2467,116
835,Портативная колонка Яндекс Станция (Модель 35),Электроника,18255,94
836,Увлажнитель воздуха ультразвуковой (Модель 60),Дом и сад,41942,31
837,Ноутбук ASUS Vivobook 15 (Модель 57),Электроника,32333,114
838,Носки спортивные (комплект 5 пар) (Модель 85),Одежда,36432,89
839,Чистый код (Роберт Мартин) (Модель 43),Книги,49383,23
840,Изучаем Python (Марк Лутц) (Модель 59),Книги,3553,41
841,Сыворотка с гиалуроновой кислотой (Модель 38),Красота,42726,57
842,Спортивные штаны Nike (Модель 93),Одежда,27137,131
843,Смартфон Apple iPhone 15 Pro (Модель 70),Электроника,8971,44
844,Крем для лица увлажняющий (Модель 38),Красота,16840,78
845,Думай медленно... решай быстро (Даниэль Канеман) (Модель 58),Книги,23153,117
846,1984 (Джордж Оруэлл) (Модель 69),Книги,20101,133
847,Тоник для лица очищающий (Модель 84),Красота,7005,1
848,Электрическая зубная щетка (Модель 81),Красота,42724,72
849,Грокаем алгоритмы (Адитья Бхаргава) (Модель 71),Книги,4483,86
850,Психология влияния (Роберт Чалдини) (Модель 45),Книги,17414,76
851,Худи однотонное с капюшоном (Модель 76),Одежда,16048,14
852,Тоник для лица очищающий (Модель 94),Красота,21244,35
853,Игровая приставка Sony PlayStation 5 (Модель 47),Электроника,17301,107
854,Набор горшков для цветов (Модель 14),Дом и сад,38509,146
855,Кроссовки беговые повседневные (Модель 38),Одежда,45278,136
856,Садовый секатор профессиональный (Модель 74),Дом и сад,19973,43
857,Парфюмерная вода мужская 50мл (Модель 47),Красота,6696,120
858,Спортивные штаны Nike (Модель 81),Одежда,12297,85
859,Ноутбук ASUS Vivobook 15 (Модель 55),Электроника,14936,78
860,Садовый секатор профессиональный (Модель 57),Дом и сад,17376,149
861,Атлант расправил плечи (Модель 25),Книги,31137,13
862,Соль для ванны с ароматом лаванды (Модель 89),Красота,4967,120
863,Кепка однотонная базовая (Модель 25),Одежда,44910,97
864,Маска для волос питательная (Модель 62),Красота,3843,38
865,Куртка демисезонная ветрозащитная (Модель 53),Одежда,27116,145
866,Ортопедическая подушка (Модель 50),Дом и сад,47202,46
867,Игровая приставка Sony PlayStation 5 (Модель 52),Электроника,41655,45
868,Изучаем Python (Марк Лутц) (Модель 10),Книги,29925,70
869,Худи однотонное с капюшоном (Модель 83),Одежда,10683,125
870,Умные часы Xiaomi Redmi Watch (Модель 88),Электроника,28723,109
871,Набор горшков для цветов (Модель 71),Дом и сад,25421,1
872,Внешний аккумулятор Xiaomi Power Bank (Модель 35),Электроника,48184,95
873,Портативная колонка Яндекс Станция (Модель 77),Электроника,12789,4
874,Ноутбук ASUS Vivobook 15 (Модель 38),Электроника,45750,88
875,Чистый код (Роберт Мартин) (Модель 23),Книги,25436,128
876,Маска для волос питательная (Модель 31),Красота,4578,11
877,Совершенный код (Стив Макконнелл) (Модель 68),Книги,47999,133
878,Патчи для глаз гидрогелевые (Модель 53),Красота,28720,34
879,Атлант расправил плечи (Модель 55),Книги,49459,48
880,Рубашка в клетку фланелевая (Модель 12),Одежда,15269,57
881,Куртка демисезонная ветрозащитная (Модель 12),Одежда,38946,129
882,Джинсы классические Straight (Модель 56),Одежда,46903,9
883,Коврик для йоги нескользящий (Модель 78),Дом и сад,41137,12
884,Крем для лица увлажняющий (Модель 94),Красота,7385,5
885,Беспроводные наушники JBL Tune (Модель 63),Электроника,29418,97
886,Внешний аккумулятор Xiaomi Power Bank (Модель 42),Электроника,31390,39
887,Футболка хлопковая OverSize (Модель 48),Одежда,27882,25
888,Маска для волос питательная (Модель 89),Красота,39990,35
889,Светодиодная настольная лампа (Модель 75),Дом и сад,47405,30
890,Грокаем алгоритмы (Адитья Бхаргава) (Модель 23),Книги,32919,50
891,Сыворотка с гиалуроновой кислотой (Модель 43),Красота,34584,51
892,Думай медленно... решай быстро (Даниэль Канеман) (Модель 47),Книги,10810,10
893,Масло для бороды и усов (Модель 36),Красота,45402,123
894,1984 (Джордж Оруэлл) (Модель 10),Книги,1135,22
895,Робот-пылесос Roborock Q7 (Модель 95),Электроника,32681,38
896,Внешний аккумулятор Xiaomi Power Bank (Модель 19),Электроника,47719,25
897,1984 (Джордж Оруэлл) (Модель 68),Книги,19700,67
898,Набор кухонных ножей из стали (Модель 22),Дом и сад,11749,10
899,Психология влияния (Роберт Чалдини) (Модель 96),Книги,20793,109
900,Беспроводные наушники JBL Tune (Модель 15),Электроника,933,35
901,Кроссовки беговые повседневные (Модель 55),Одежда,28986,68
902,Портативная колонка Яндекс Станция (Модель 53),Электроника,12284,29
903,Набор горшков для цветов (Модель 68),Дом и сад,18114,98
904,Набор горшков для цветов (Модель 93),Дом и сад,11230,28
905,Футболка хлопковая OverSize (Модель 30),Одежда,7096,106
906,Масло для бороды и усов (Модель 82),Красота,44759,112
907,Свитшот трикотажный (Модель 58),Одежда,23801,7
908,Носки спортивные (комплект 5 пар) (Модель 72),Одежда,7701,105
909,Набор кухонных ножей из стали (Модель 18),Дом и сад,17445,80
910,Внешний аккумулятор Xiaomi Power Bank (Модель 83),Электроника,47733,144
911,Кроссовки беговые повседневные (Модель 76),Одежда,34582,24
912,Термокружка из нержавейки (Модель 71),Дом и сад,22959,98
913,Кепка однотонная базовая (Модель 88),Одежда,3876,2
914,Кепка однотонная базовая (Модель 70),Одежда,32795,42
915,Игровая приставка Sony PlayStation 5 (Модель 51),Электроника,16087,84
916,Изучаем Python (Марк Лутц) (Модель 74),Книги,14895,140
917,Набор горшков для цветов (Модель 40),Дом и сад,5466,117
918,Шторы блэкаут на люверсах (Модель 67),Дом и сад,6068,127
919,Садовый секатор профессиональный (Модель 25),Дом и сад,32895,4
920,"Монитор LG UltraGear 27"" (Модель 62)",Электроника,2648,142
921,Крем для лица увлажняющий (Модель 21),Красота,39897,77
922,Патчи для глаз гидрогелевые (Модель 36),Красота,43199,116
923,Психология влияния (Роберт Чалдини) (Модель 16),Книги,14909,116
924,"Богатый папа, бедный папа (Модель 89)",Книги,39618,121
925,Атлант расправил плечи (Модель 24),Книги,6685,56
926,Портативная колонка Яндекс Станция (Модель 55),Электроника,41827,74
927,Патчи для глаз гидрогелевые (Модель 57),Красота,46312,27
928,Умные часы Xiaomi Redmi Watch (Модель 73),Электроника,9504,104
929,Планшет Samsung Galaxy Tab (Модель 88),Электроника,13139,48
930,"Монитор LG UltraGear 27"" (Модель 37)",Электроника,30252,48
931,Грокаем алгоритмы (Адитья Бхаргава) (Модель 63),Книги,3347,150
932,Игровая приставка Sony PlayStation 5 (Модель 68),Электроника,43452,150
933,Парфюмерная вода мужская 50мл (Модель 73),Красота,584,135
934,Внешний аккумулятор Xiaomi Power Bank (Модель 65),Электроника,38646,123
935,Парфюмерная вода мужская 50мл (Модель 98),Красота,38216,44
936,Джинсы классические Straight (Модель 59),Одежда,43391,82
937,Тоник для лица очищающий (Модель 63),Красота,40211,63
938,Думай медленно... решай быстро (Даниэль Канеман) (Модель 53),Книги,19578,115
939,Худи однотонное с капюшоном (Модель 62),Одежда,39787,131
940,"Богатый папа, бедный папа (Модель 50)",Книги,46953,141
941,Куртка демисезонная ветрозащитная (Модель 36),Одежда,41205,74
942,Чистый код (Роберт Мартин) (Модель 93),Книги,11953,128
943,Электрическая зубная щетка (Модель 24),Красота,23384,143
944,Шторы блэкаут на люверсах (Модель 83),Дом и сад,44022,106
945,Маска для волос питательная (Модель 64),Красота,1136,133
946,Смартфон Apple iPhone 15 Pro (Модель 58),Электроника,9824,13
947,Ноутбук ASUS Vivobook 15 (Модель 44),Электроника,49464,41
948,Совершенный код (Стив Макконнелл) (Модель 28),Книги,4365,75
949,Кепка однотонная базовая (Модель 14),Одежда,23806,115
950,Робот-пылесос Roborock Q7 (Модель 96),Электроника,48763,143
951,Кепка однотонная базовая (Модель 59),Одежда,15871,130
952,Изучаем Python (Марк Лутц) (Модель 58),Книги,25698,106
953,"Богатый папа, бедный папа (Модель 16)",Книги,1149,64
954,Свитшот трикотажный (Модель 66),Одежда,15081,94
955,Патчи для глаз гидрогелевые (Модель 87),Красота,13175,49
956,Атлант расправил плечи (Модель 32),Книги,45038,19
957,Худи однотонное с капюшоном (Модель 75),Одежда,8121,96
958,"Монитор LG UltraGear 27"" (Модель 45)",Электроника,36777,67
959,Худи однотонное с капюшоном (Модель 84),Одежда,17012,1
960,Атлант расправил плечи (Модель 29),Книги,2917,39
961,Паттерны проектирования (GoF) (Модель 16),Книги,41284,77
962,Шторы блэкаут на люверсах (Модель 80),Дом и сад,23767,18
963,"Богатый папа, бедный папа (Модель 38)",Книги,12350,133
964,Внешний аккумулятор Xiaomi Power Bank (Модель 30),Электроника,27558,139
965,Тоник для лица очищающий (Модель 21),Красота,23198,56
966,Кроссовки беговые повседневные (Модель 52),Одежда,23945,75
967,Свитшот трикотажный (Модель 77),Одежда,31420,143
968,Беспроводные наушники JBL Tune (Модель 95),Электроника,22975,114
969,Свитшот трикотажный (Модель 89),Одежда,16279,10
970,Думай медленно... решай быстро (Даниэль Канеман) (Модель 24),Книги,25588,65
971,Маска для волос питательная (Модель 13),Красота,34173,95
972,Патчи для глаз гидрогелевые (Модель 67),Красота,32203,11
973,1984 (Джордж Оруэлл) (Модель 51),Книги,33978,21
974,Умные часы Xiaomi Redmi Watch (Модель 78),Электроника,35244,1
975,Ноутбук ASUS Vivobook 15 (Модель 95),Электроника,41555,54
976,Светодиодная настольная лампа (Модель 36),Дом и сад,35542,111
977,Умные часы Xiaomi Redmi Watch (Модель 13),Электроника,30395,84
978,Беспроводные наушники JBL Tune (Модель 19),Электроника,3856,45
979,"Богатый папа, бедный папа (Модель 19)",Книги,37980,58
980,Думай медленно... решай быстро (Даниэль Канеман) (Модель 59),Книги,29864,103
981,Садовый секатор профессиональный (Модель 12),Дом и сад,25826,30
982,Крем для лица увлажняющий (Модель 92),Красота,47504,16
983,Крем для лица увлажняющий (Модель 99),Красота,5057,91
984,Шампунь бессульфатный восстанавливающий (Модель 47),Красота,45249,77
985,Шампунь бессульфатный восстанавливающий (Модель 46),Красота,28983,97
986,Набор кухонных ножей из стали (Модель 70),Дом и сад,10544,136
987,Худи однотонное с капюшоном (Модель 60),Одежда,36064,75
988,Спортивные штаны Nike (Модель 96),Одежда,48097,95
989,Внешний аккумулятор Xiaomi Power Bank (Модель 81),Электроника,9565,31
990,Смартфон Apple iPhone 15 Pro (Модель 83),Электроника,39402,100
991,Патчи для глаз гидрогелевые (Модель 20),Красота,20268,53
992,1984 (Джордж Оруэлл) (Модель 62),Книги,42631,131
993,Худи однотонное с капюшоном (Модель 33),Одежда,14769,64
994,Джинсы классические Straight (Модель 33),Одежда,44273,145
995,Внешний аккумулятор Xiaomi Power Bank (Модель 69),Электроника,42549,140
996,Планшет Samsung Galaxy Tab (Модель 95),Электроника,4714,64
997,Ноутбук ASUS Vivobook 15 (Модель 84),Электроника,32228,84
998,Чистый код (Роберт Мартин) (Модель 95),Книги,43257,60
999,Планшет Samsung Galaxy Tab (Модель 89),Электроника,4874,49
1000,Атлант расправил плечи (Модель 67),Книги,21818,78
