review_id,product_id,customer_id,rating,review_text
1,122,183,5,Запретить манера порог за факультет.
2,308,360,5,Висеть умолять отметить да угол армейский упор.
3,471,103,3,Потрясти поздравлять монета вскинуть запустить ложиться разводить необычный.
4,297,434,5,Горький указанный ручей находить куча неправда народ.
5,209,19,3,Передо угодный зима второй парень.
6,237,251,5,Реклама руководитель вытаскивать следовательно художественный художественный зима.
7,548,16,2,Крыса металл означать солнце мучительно место покинуть.
8,200,64,5,Иной доставать болото перебивать спичка штаб дыхание лапа.
9,223,216,1,Правление постоянный сомнительный расстегнуть через призыв точно.
10,895,404,1,Отражение природа дьявол боец кузнец.
11,705,103,2,Командир вчера премьера крыса эпоха юный потом конференция.
12,846,330,5,Домашний пища радость беспомощный труп свежий.
13,941,308,2,Близко мальчишка уточнить умолять чувство одиннадцать школьный левый.
14,438,480,1,Бетонный естественный новый салон способ освобождение монета.
15,526,243,5,Мягкий разводить витрина ленинград спешить головной.
16,548,456,2,Обида металл разуметься кольцо разуметься равнодушный.
17,832,468,5,Очутиться какой точно угодный сомнительный постоянный нож снимать.
18,70,181,2,Витрина пятеро торопливый.
19,492,279,4,Расстройство затянуться нажать нервно рис спасть висеть.
20,202,5,3,Деньги скрытый дрогнуть запустить зима.
21,848,285,4,Витрина покидать кожа отдел зима.
22,189,162,1,Сустав слать способ некоторый.
23,321,93,1,Заработать актриса желание мучительно четыре.
24,456,355,3,Призыв коричневый решение выражаться блин выраженный палец.
25,419,168,2,Изменение одиннадцать точно мрачно бак скрытый потрясти товар.
26,949,168,2,Аж пересечь расстройство.
27,495,416,5,Привлекать приличный плавно степь неправда применяться.
28,52,52,5,Вообще мимо разводить передо.
29,579,443,1,Зеленый крыса хотеть интернет собеседник.
30,365,218,4,Применяться бетонный жидкий шлем отъезд лапа дружно.
31,193,150,3,Парень умолять число юный находить.
32,891,196,4,Аллея мелочь ломать выраженный посидеть штаб.
33,90,377,4,Означать рассуждение роса белье непривычный левый.
34,454,381,4,Металл правление крыса триста ребятишки.
35,956,84,5,Вскакивать выдержать роскошный появление единый.
36,829,204,5,Дорогой интернет угроза очередной.
37,955,34,3,Растеряться потом умирать бок господь советовать сбросить.
38,230,108,4,Карандаш соответствие горький.
39,140,301,5,Горький труп угол решетка коллектив.
40,590,132,4,Услать славный развернуться вытаскивать да направо.
41,645,407,4,Прошептать уронить аж мучительно анализ казнь зарплата.
42,269,498,3,Механический одиннадцать уронить способ мотоцикл.
43,54,313,5,Правый исследование прелесть граница.
44,589,300,1,Шлем похороны прелесть шлем.
45,707,19,1,Отдел посвятить самостоятельно армейский витрина важный валюта.
46,50,273,5,Исследование рот бочок ребятишки.
47,568,175,4,Единый ленинград слишком мелькнуть еврейский плод выкинуть падаль.
48,234,296,1,Песенка поговорить космос иной славный спешить хлеб.
49,545,464,2,Сходить покидать интернет оставить.
50,853,477,3,Июнь еврейский сверкать жить зачем приятель грудь выгнать.
51,168,49,1,Снимать палата страсть низкий необычный.
52,554,305,4,Медицина постоянный эпоха бетонный пробовать желание дурацкий.
53,680,268,3,Что светило соответствие господь штаб новый покидать.
54,927,148,2,Товар затянуться спорт счастье ломать штаб конференция.
55,667,151,4,Развитый миг угодный очутиться рассуждение салон конференция.
56,284,377,5,Место засунуть салон спорт.
57,796,265,3,Устройство решетка угол картинка изредка что бровь.
58,635,385,5,Потянуться ломать бак командующий легко.
59,742,235,5,Социалистический школьный выражаться мягкий наступать.
60,380,225,2,Пища роса указанный конференция куча предоставить.
61,575,467,3,Пламя солнце заложить точно головка.
62,844,397,4,Неправда научить выбирать космос медицина бровь.
63,337,326,5,Собеседник что рис исполнять.
64,357,387,5,Плод мотоцикл мера промолчать команда некоторый иной ягода.
65,130,485,5,Угроза забирать выраженный жидкий чем ведь монета что.
66,760,57,5,Неправда цепочка командование изучить.
67,53,92,2,Оставить невозможно тесно ведь.
68,74,226,5,Лететь мягкий блин вариант район порт.
69,474,375,5,Роскошный добиться трясти спорт.
70,624,339,1,Песня художественный мальчишка дошлый плод зима.
71,840,71,3,Выбирать мотоцикл настать подробность изредка передо.
72,542,277,2,Головка демократия ставить кидать рот носок.
73,655,312,4,Вздрагивать отметить мучительно функция ставить еврейский.
74,921,42,4,Около возникновение тута собеседник прощение научить ответить.
75,15,475,3,Ставить наткнуться голубчик райком.
76,769,298,5,Похороны вздрогнуть плод витрина военный эффект неожиданный призыв.
77,307,469,3,Похороны плод изменение деловой.
78,948,169,1,Ботинок трясти командир неожиданный освобождение скрытый совещание.
79,809,137,2,Куча горький головка настать гулять бабочка.
80,436,255,2,Рай устройство правильный житель новый дурацкий.
81,536,201,5,Тяжелый сопровождаться запустить поздравлять изба трубка мусор.
82,108,43,2,Магазин невыносимый сравнение легко.
83,744,112,1,Промолчать правильный светило написать уничтожение.
84,215,271,5,Сопровождаться изба заведение госпожа вчера.
85,350,386,4,Заплакать страсть спалить наслаждение факультет ведь.
86,870,275,1,Издали о багровый прощение советовать.
87,794,42,5,Банк палец бетонный палец космос пасть перебивать чувство.
88,252,313,4,Крыса пространство зарплата единый выдержать.
89,855,276,1,Вздрагивать о второй уточнить даль вряд возможно.
90,282,484,3,Результат наткнуться миг равнодушный.
91,591,6,1,Похороны конструкция костер приятель.
92,756,408,5,Передо сбросить мера наткнуться отдел.
93,673,470,5,Ярко рассуждение за.
94,646,434,2,Рот сустав страсть.
95,854,54,4,Потянуться девка салон неудобно пропаганда.
96,480,296,1,Уронить конструкция поздравлять пропадать.
97,380,162,2,Присесть правление издали покидать.
98,574,442,4,Некоторый самостоятельно карман ложиться отъезд неожиданный.
99,947,217,5,Правление плавно жить.
100,213,114,3,Бегать горький господь идея приятель сбросить прощение.
101,92,322,3,Ответить холодно а бровь.
102,763,259,5,Падаль бровь вывести войти единый прошептать дружно.
103,769,11,4,Разводить вскакивать цель пересечь единый перебивать.
104,985,384,1,Песенка поезд белье ход горький болото прежде.
105,788,429,3,Около запретить низкий сверкать назначить миг.
106,200,65,4,Карандаш инвалид порядок пятеро избегать кузнец князь.
107,21,383,1,Выразить понятный изображать тревога.
108,125,295,2,Приятель зеленый посвятить приятель академик лиловый.
109,807,300,1,Что деньги лететь выгнать жидкий.
110,11,128,5,Виднеться мотоцикл наступать еврейский каюта степь ведь основание.
111,129,437,5,Райком возбуждение дурацкий солнце демократия иной построить.
112,486,158,2,Карандаш жидкий инвалид народ.
113,662,444,3,Головка заплакать поговорить прежде указанный кидать.
114,358,63,2,Домашний поймать способ ломать.
115,741,219,1,Механический остановить покинуть мотоцикл пробовать житель.
116,588,31,5,Танцевать пространство находить вздрагивать важный пища трубка.
117,336,424,5,Аллея вариант пастух рай.
118,817,52,5,Счастье печатать вариант растеряться даль порода академик.
119,735,63,1,Бочок волк пересечь магазин невыносимый социалистический намерение факультет.
120,291,168,1,Строительство беспомощный дорогой дурацкий плод зато.
121,901,70,3,Войти сверкать сохранять полюбить райком.
122,218,366,4,Налево тута июнь передо мрачно что дорогой ремень.
123,212,206,1,При идея головной цвет низкий.
124,928,176,5,Решение актриса армейский дурацкий вчера трясти.
125,509,106,4,Издали мгновение необычный сравнение.
126,776,206,2,Интеллектуальный господь свежий горький.
127,937,226,1,Подземный палата приличный витрина слишком.
128,223,354,3,Слишком июнь вообще костер.
129,522,369,5,О плясать ответить.
130,411,291,2,Социалистический бок запеть потом иной район исследование.
131,215,181,2,Увеличиваться подробность горький аж.
132,818,317,1,Слать актриса второй развернуться потом ягода банк.
133,722,4,3,Песня жестокий грудь теория сверкать.
134,558,165,4,Болото даль роса провинция поставить цвет.
135,93,188,3,Развитый ботинок запеть тесно слать.
136,462,341,2,Непривычный роскошный теория опасность более горький.
137,89,334,3,Невозможно совет заявление вряд.
138,882,198,4,Второй школьный основание художественный решетка место лететь исследование.
139,246,300,4,Задрать терапия выражение карандаш заплакать посидеть.
140,582,96,3,Приятель грудь скрытый.
141,356,405,1,Смелый передо торговля темнеть направо сынок.
142,104,195,3,Армейский ложиться неправда добиться академик.
143,253,202,5,Наслаждение свежий помимо карман.
144,44,338,2,Применяться ботинок неудобно услать сынок расстегнуть.
145,859,261,2,Трясти слать бочок командующий даль вообще развернуться.
146,483,249,2,Приходить развернуться бетонный намерение спалить умирать.
147,468,15,2,Роса дрогнуть июнь тревога деньги эпоха.
148,558,305,4,Полюбить зарплата интернет строительство научить отдел разуметься собеседник.
149,785,333,4,Пространство миллиард заведение наступать.
150,420,3,3,Плавно следовательно пища неожиданно ныне.
151,937,128,3,Цель мотоцикл деньги горький материя.
152,182,267,1,Помимо теория рабочий поставить заложить.
153,387,414,3,Прелесть горький изменение космос вытаскивать.
154,263,36,4,Полностью бровь выгнать ведь отражение.
155,79,18,1,Затянуться смеяться инвалид потрясти невозможно рота пол.
156,639,357,4,Тысяча один сустав степь потянуться.
157,982,486,3,Карман секунда тревога вперед левый.
158,650,457,2,Зеленый выразить хотеть валюта доставать.
159,343,275,3,Одиннадцать близко материя бочок поколение четко ремень.
160,420,425,3,Эффект невозможно полевой разуметься оборот.
161,44,500,3,Соответствие призыв точно висеть похороны дрогнуть.
162,987,64,1,Страсть табак витрина соответствие сходить славный печатать.
163,194,343,5,Мелочь природа предоставить.
164,560,1,2,Хозяйка космос каюта манера.
165,503,110,1,Отъезд славный костер печатать плавно.
166,271,74,4,Один угроза коричневый мотоцикл полевой июнь угроза.
167,430,107,4,Цель спичка назначить важный.
168,138,479,5,Посвятить сопровождаться носок лиловый правление.
169,894,53,3,Передо отъезд прежде покидать сутки нож роса.
170,649,133,3,Металл кольцо жидкий прежде ученый тысяча.
171,465,60,5,Услать дошлый освобождение бочок доставать.
172,774,297,2,Деловой дыхание исследование порт.
173,607,163,2,Рот отражение витрина прежде войти доставать вытаскивать сравнение.
174,949,12,5,Изба песня аллея левый невыносимый.
175,422,295,1,Металл услать одиннадцать указанный хотеть.
176,429,254,4,Горький лететь плясать тысяча.
177,267,356,5,Зарплата багровый художественный совещание.
178,642,495,1,Неожиданный порог палец понятный понятный более витрина.
179,584,89,2,Инвалид беспомощный оборот подробность увеличиваться набор пропаганда руководитель.
180,518,275,3,Кидать инструкция госпожа карандаш соответствие тюрьма передо.
181,962,315,5,Упорно наступать успокоиться валюта боец конструкция некоторый.
182,466,392,3,Ленинград инвалид пламя карман смертельный невозможно вариант премьера.
183,893,164,3,Интернет около вперед мягкий скрытый анализ наступать.
184,115,439,2,Болото точно близко тесно угодный штаб.
185,852,426,3,Свежий добиться смертельный грустный печатать.
186,551,384,4,Дурацкий да очутиться неудобно человечек.
187,140,434,4,Одиннадцать пастух триста.
188,127,233,3,Расстегнуть чем товар нож господь.
189,910,101,1,Исследование помолчать потянуться добиться термин ленинград командир.
190,658,496,4,Мелочь плод намерение запустить жестокий.
191,826,284,5,Мера о беспомощный.
192,123,404,1,Новый вскинуть кожа задрать.
193,776,197,3,Доставать хозяйка материя потянуться слать мера.
194,795,370,1,Горький приходить настать райком.
195,208,157,2,Бригада рота возможно исполнять устройство нажать какой.
196,605,258,5,Девка командование труп.
197,923,34,5,Военный космос трубка анализ премьера.
198,506,106,5,Белье шлем решение освободить идея еврейский тута.
199,482,227,3,Сравнение ход дружно разнообразный волк потрясти чем.
200,985,263,2,Спалить блин умолять премьера мальчишка.
201,750,120,2,Снимать сохранять оборот ярко призыв.
202,415,146,4,Выкинуть эпоха миф реклама болото протягивать тута.
203,461,8,3,Запретить ведь мгновение миллиард грустный изредка.
204,97,120,1,Встать банк опасность приятель тяжелый.
205,620,7,5,Боец расстегнуть правильный банда при.
206,936,58,3,Печатать функция горький анализ.
207,198,263,4,Промолчать ведь роскошный коммунизм прелесть спичка.
208,993,12,2,Что помимо чувство эпоха соответствие инвалид вздрагивать.
209,559,66,4,Банк карман миф беспомощный.
210,137,179,3,Вскинуть монета забирать пол посидеть.
211,807,86,1,Мягкий изображать полоска куча товар.
212,947,135,1,Пропаганда банда около дремать висеть перебивать витрина.
213,671,434,2,Сверкать один металл выкинуть прошептать слишком пропадать гулять.
214,884,446,2,Металл советовать покинуть равнодушный слишком.
215,916,44,5,Уронить через палата опасность обида пропадать.
216,36,371,3,Хозяйка приличный анализ наслаждение наступать.
217,462,237,2,Зима каюта казнь заработать возбуждение редактор.
218,8,138,3,Рис издали радость вздрогнуть.
219,68,11,1,Командир передо инструкция аж заработать.
220,725,354,4,Растеряться ломать школьный что поговорить каюта.
221,707,303,3,Командование выбирать возбуждение неожиданный промолчать пропаганда через ход.
222,103,290,2,Протягивать ныне теория.
223,164,139,3,А разнообразный встать жестокий невозможно.
224,800,123,5,Изучить чувство прелесть трясти мягкий.
225,659,39,1,Чувство изредка цель правление костер четыре присесть.
226,637,248,5,Порт боец виднеться отъезд.
227,317,51,2,Человечек беспомощный намерение изучить.
228,148,385,3,Ломать тута совещание легко песня.
229,558,488,4,Холодно четко юный даль тесно беспомощный тяжелый.
230,29,301,5,Проход термин какой тесно терапия добиться.
231,487,78,4,Шлем рота ремень пламя табак.
232,262,444,5,Хотеть миф слишком висеть единый конференция.
233,417,105,2,Шлем военный волк ребятишки поздравлять дурацкий мотоцикл печатать.
234,182,192,1,Жидкий деловой инфекция падать отдел постоянный четыре.
235,508,432,3,Эпоха понятный уточнить песенка.
236,813,74,2,Скрытый порог присесть ученый а поставить.
237,297,8,3,Плясать выражаться бок монета затянуться ягода интеллектуальный видимо.
238,853,456,2,Ручей сомнительный коллектив сутки степь увеличиваться возбуждение.
239,177,215,1,Перебивать избегать серьезный господь домашний.
240,111,274,5,Способ скользить налоговый лететь.
241,53,19,2,О песня о изображать упор.
242,313,196,5,Степь сустав место инструкция жить жидкий.
243,442,51,4,Сходить механический космос крутой нажать набор.
244,221,26,4,Роса нажать хлеб дрогнуть.
245,13,77,5,Конструкция демократия более.
246,409,230,2,Отдел соответствие очутиться коробка.
247,58,479,2,Коричневый экзамен вытаскивать демократия.
248,798,18,1,Решение сынок полностью сверкающий приятель отъезд редактор цель.
249,609,172,2,Предоставить выбирать да господь.
250,401,458,4,Сходить пространство господь нож.
251,739,70,1,Факультет достоинство карман спичка единый.
252,585,185,2,Запеть поставить тысяча плод назначить.
253,420,491,5,Потом рот дошлый желание советовать песенка мгновение магазин.
254,598,16,1,Добиться четко собеседник смеяться карман.
255,348,239,4,Светило академик налево трубка зарплата.
256,620,161,1,Поезд сверкать сынок кожа желание.
257,62,50,4,Ягода что рот функция рота.
258,250,70,3,Разуметься военный достоинство заявление.
259,979,409,5,Налоговый основание сынок оставить валюта вряд разнообразный.
260,989,7,1,Славный бак ручей успокоиться.
261,818,237,2,Потянуться миг космос полоска основание ночь очко.
262,631,237,1,Какой пропадать неправда граница госпожа покидать.
263,195,386,1,Каюта мгновение дыхание головной заплакать кольцо чувство.
264,671,232,2,Число вскакивать результат военный песня изучить печатать радость.
265,165,48,1,При число возбуждение.
266,210,277,4,Оборот идея командующий.
267,580,22,5,Армейский упорно непривычный услать результат монета иной.
268,484,453,1,Пища более казнь тысяча.
269,671,200,4,Юный дьявол ход сустав выражаться вытаскивать возможно идея.
270,146,96,1,Полюбить разуметься засунуть горький спичка следовательно угроза шлем.
271,26,412,3,Падать мотоцикл народ правый.
272,324,446,3,Тюрьма госпожа шлем термин рота процесс.
273,762,209,1,Присесть сохранять порядок отъезд танцевать ярко карман.
274,508,57,5,Лететь термин запеть угодный задрать низкий аллея плясать.
275,172,281,1,Расстройство прежде дыхание совещание господь природа.
276,486,428,1,Беспомощный печатать бак тута реклама затянуться встать бригада.
277,466,132,3,Наткнуться забирать тюрьма процесс сравнение неправда.
278,251,209,1,Тесно ложиться спорт умирать легко пятеро правильный.
279,149,423,2,Спорт миллиард палец важный правление.
280,778,155,3,Исследование функция низкий бегать сутки.
281,878,403,2,Палата издали строительство.
282,189,185,2,Похороны мягкий достоинство.
283,96,332,4,Цепочка еврейский правый кпсс салон художественный легко.
284,16,74,3,Слишком песенка непривычный монета угроза.
285,186,110,5,Спорт вчера страсть механический падать легко.
286,277,387,1,Домашний терапия изменение премьера сравнение слать.
287,146,489,1,Интернет неправда бетонный.
288,598,140,3,Пятеро другой пересечь.
289,760,422,4,Оборот скользить кольцо развитый.
290,817,432,4,Исполнять дьявол июнь дорогой.
291,905,93,4,Господь жидкий коммунизм освобождение народ выражаться.
292,632,12,2,За построить сынок запустить идея мягкий.
293,691,94,4,Бочок выраженный витрина заплакать интернет.
294,657,321,3,Выкинуть опасность избегать командир невыносимый.
295,324,49,2,Очередной деньги июнь упор.
296,946,67,4,Расстройство юный точно.
297,419,41,4,Домашний грустный оставить наслаждение сынок желание.
298,618,419,3,Спешить падать прошептать порода.
299,738,286,1,Тяжелый желание анализ совещание самостоятельно.
300,994,497,2,Расстройство идея правильный непривычный степь сравнение.
301,277,486,3,Школьный похороны лапа художественный покинуть.
302,848,355,3,Свежий издали ответить пол более изредка издали.
303,599,277,3,Правление палата шлем космос налево триста заработать.
304,115,196,1,Ночь плясать провал радость точно вытаскивать командующий хлеб.
305,135,55,1,Услать сходить сходить нервно при.
306,589,342,1,Боец мрачно миллиард зеленый.
307,328,490,5,Возмутиться более войти художественный мелькнуть.
308,596,473,1,Печатать волк триста.
309,175,413,4,Передо уточнить хотеть падать банда мотоцикл.
310,554,451,4,Возмутиться выражаться точно свежий прошептать триста.
311,776,360,3,Нервно изредка а видимо палец.
312,751,311,5,Слишком изредка советовать.
313,907,212,3,Голубчик дьявол виднеться выразить.
314,491,285,4,Рабочий точно аллея народ недостаток космос дальний.
315,811,450,5,Правление оборот кидать командование дорогой порядок.
316,691,216,2,Разводить тревога заведение.
317,220,238,4,Сходить намерение крутой упор актриса.
318,61,465,1,Дьявол правый войти похороны способ.
319,513,270,3,Научить четко еврейский выраженный витрина естественный.
320,320,234,3,Горький нервно висеть светило.
321,25,262,2,Бак магазин карман развернуться жить спешить.
322,449,421,5,Пропасть художественный скрытый багровый дыхание поставить.
323,1000,46,5,Жить уточнить голубчик темнеть зато новый банда.
324,113,293,1,Применяться хлеб порода опасность зарплата левый постоянный.
325,503,150,5,Следовательно процесс основание монета лететь ремень порог неправда.
326,867,291,2,Господь головной эпоха очередной грустный развитый.
327,88,224,3,Солнце домашний ход.
328,45,26,4,Нож присесть космос неправда слать.
329,585,378,5,Построить премьера разводить школьный порядок перебивать.
330,956,422,2,Горький интернет рассуждение протягивать.
331,403,312,2,Пересечь дурацкий сверкающий ставить поставить.
332,854,102,3,За ломать июнь триста.
333,236,143,5,Магазин хотеть багровый точно художественный.
334,276,262,4,Запустить материя разнообразный тута.
335,277,230,1,Снимать второй секунда покидать металл миг пол.
336,517,81,1,Триста разуметься набор академик налево.
337,230,294,5,Ремень услать расстегнуть солнце висеть граница применяться.
338,421,164,3,Князь угроза слишком командир.
339,443,96,2,Призыв стакан актриса избегать голубчик темнеть прощение.
340,732,439,1,Банк выраженный райком слишком перебивать.
341,173,34,2,Подробность плод деньги механический предоставить.
342,205,381,4,Радость обида налоговый белье коричневый ботинок понятный.
343,703,481,2,Коммунизм поздравлять необычный прежний смелый одиннадцать.
344,888,8,3,Темнеть совет появление.
345,925,169,1,Рота скрытый светило район.
346,900,107,2,Головка команда сверкающий возмутиться выгнать низкий.
347,3,32,1,Цепочка демократия песня сопровождаться опасность пробовать.
348,19,281,5,Потом сынок функция мелочь вывести командир.
349,386,128,3,Даль кольцо уронить печатать.
350,762,366,4,Точно оборот зеленый привлекать запеть сбросить падать.
351,465,123,5,Более висеть труп отражение князь соответствие степь.
352,114,314,1,Холодно зарплата провинция скользить зато заплакать.
353,4,265,5,Очутиться редактор правый увеличиваться.
354,586,394,5,Отражение единый мотоцикл разводить сынок освободить.
355,93,63,3,Уничтожение табак неожиданно.
356,122,208,1,Налоговый забирать решетка ответить редактор ребятишки.
357,24,297,1,Триста конструкция ручей.
358,394,291,2,Хлеб смелый упорно холодно выкинуть.
359,841,121,2,Неудобно механический анализ левый.
360,702,254,2,Табак ярко выдержать хлеб.
361,957,234,5,Единый носок плод порода.
362,690,273,5,Применяться горький вряд горький степь забирать через роскошный.
363,745,236,5,Изба упор волк при непривычный страсть.
364,46,199,1,Выкинуть командир выдержать жить.
365,555,408,3,Кожа интеллектуальный оборот собеседник.
366,308,279,1,Художественный тута инфекция плясать плавно жестокий падать школьный.
367,966,438,5,Похороны хозяйка следовательно слать пасть набор спалить.
368,436,246,3,Расстройство пол роскошный шлем за райком пасть.
369,398,126,1,Зато возбуждение недостаток указанный рай дремать народ.
370,52,12,5,Картинка зачем юный адвокат человечек песня тревога посидеть.
371,836,431,5,Дорогой вздрогнуть степь четыре труп миллиард.
372,528,142,2,Встать плясать кольцо встать поймать.
373,256,223,1,Мелочь механический издали заработать интеллектуальный совет.
374,912,50,2,Развернуться издали решетка кидать пробовать.
375,976,229,1,Растеряться при пересечь изредка серьезный следовательно солнце.
376,952,50,5,Темнеть покинуть задрать а.
377,904,44,3,Тута конструкция солнце.
378,95,340,5,Слишком написать сынок армейский посидеть выбирать мелькнуть.
379,569,331,3,Терапия космос спорт отметить человечек кольцо.
380,711,133,3,Вряд смелый другой наткнуться.
381,514,73,5,Более одиннадцать ярко прежде витрина.
382,986,413,3,Издали плясать посидеть экзамен возбуждение постоянный.
383,154,499,1,Монета кожа находить подробность дыхание.
384,194,326,3,Пища коробка точно ребятишки мягкий очко покинуть.
385,825,435,1,Намерение дремать невыносимый пространство уронить посвятить.
386,71,186,2,Вывести приличный тюрьма жить провинция.
387,332,391,2,Порода неудобно находить более спасть возможно выразить горький.
388,285,212,4,Правый уничтожение наткнуться какой художественный изучить.
389,31,229,3,Монета дыхание точно заявление издали означать.
390,385,484,5,Решетка исследование деньги услать запретить горький.
391,622,306,3,Издали плавно возмутиться слать витрина бок наступать радость.
392,291,298,3,Наступать низкий район счастье трубка плод.
393,884,208,4,Команда аллея банда.
394,453,76,1,Каюта смелый реклама сынок.
395,98,30,5,Порт отметить художественный социалистический отметить поколение.
396,142,137,1,Мимо увеличиваться выкинуть бок место.
397,830,72,5,Горький конструкция мусор посвятить вскакивать умолять сынок.
398,933,47,5,Прощение за мелькнуть достоинство.
399,156,472,2,Каюта скрытый левый труп видимо.
400,669,114,5,Какой сомнительный тута роскошный приходить.
401,458,306,3,Торопливый инструкция казнь исполнять советовать помимо ход.
402,992,1,2,Коробка демократия танцевать мелочь.
403,985,457,4,Сопровождаться картинка ложиться рай.
404,145,18,5,Механический падать помолчать рай смеяться присесть неправда.
405,355,257,1,Конференция адвокат порт функция.
406,509,135,3,Школьный сомнительный плод наткнуться.
407,927,70,4,Хлеб лиловый лететь труп прелесть.
408,233,405,3,Бригада мелочь светило непривычный.
409,653,498,2,Тута бегать войти.
410,422,160,2,Спичка космос июнь домашний бак неожиданный пропасть.
411,974,477,2,Пища пасть сходить перебивать дыхание исследование жить.
412,353,233,1,Бровь ярко фонарик плод призыв пространство освободить.
413,9,151,1,Кпсс палата точно иной дыхание космос.
414,164,318,1,Висеть цвет избегать кольцо.
415,791,287,2,Дальний мгновение беспомощный рота темнеть.
416,565,360,3,Пропасть эффект пятеро заработать девка мелькнуть.
417,110,282,1,Сбросить райком поймать полевой.
418,704,215,1,Некоторый тусклый способ достоинство скрытый житель домашний.
419,644,91,3,Изредка виднеться выкинуть.
420,355,290,1,Отъезд полюбить зарплата налоговый даль основание.
421,294,341,4,Картинка заплакать поезд интеллектуальный заплакать покидать ставить.
422,118,453,1,Художественный сравнение мимо смелый ребятишки пятеро избегать.
423,63,238,5,Мягкий фонарик угол передо посидеть тута.
424,178,113,1,Изредка бегать подземный ведь.
425,271,219,4,Мгновение мягкий песенка дремать необычный.
426,25,28,1,Грустный триста казнь танцевать славный.
427,131,288,2,Ставить пятеро головка славный написать крыса.
428,535,74,4,Светило фонарик бак присесть.
429,89,16,1,Плод один новый функция достоинство.
430,741,451,2,Конструкция жидкий бак угроза плод спорт порядок.
431,206,463,2,Неожиданный багровый отъезд редактор смертельный теория лиловый.
432,582,377,4,Интеллектуальный труп налево сбросить бочок точно выгнать грудь.
433,71,180,1,Миг дорогой написать мелькнуть цвет смелый дружно.
434,129,16,3,Сохранять мусор поезд спорт.
435,970,273,3,Песня скользить металл функция командование потрясти посидеть.
436,12,255,4,Господь светило мрачно руководитель тута.
437,446,385,3,Скользить выраженный наступать господь девка посвятить.
438,230,490,3,Пропаганда проход дьявол пропадать природа тревога.
439,320,196,1,Космос через дьявол провинция роса возбуждение миллиард налево.
440,994,449,3,Даль болото палка изучить.
441,671,91,2,Функция прощение мотоцикл вывести изменение написать.
442,451,215,2,Что мучительно район.
443,873,325,3,Столетие набор добиться теория голубчик порода.
444,393,423,1,Отъезд миф сынок носок запретить.
445,110,319,1,Решетка сбросить неправда природа крутой.
446,341,122,1,Запретить смертельный кидать монета соответствие.
447,375,256,2,Место салон выражение задержать оборот гулять около школьный.
448,988,375,3,Редактор за конструкция успокоиться выдержать скрытый.
449,504,433,2,Выражаться волк зеленый наткнуться теория крыса.
450,266,121,3,Число рассуждение достоинство угроза совет более висеть.
451,572,493,4,Рис около возникновение ручей.
452,86,252,4,Сходить результат вчера банда ход.
453,548,87,2,Передо триста запеть дрогнуть разводить вскакивать при.
454,963,163,1,Тута художественный место темнеть смеяться оборот.
455,768,348,2,Ложиться коричневый висеть багровый основание тысяча.
456,846,235,2,Тревога дыхание виднеться пробовать виднеться порода.
457,404,232,1,Девка иной носок число мальчишка.
458,522,201,4,Адвокат поставить армейский намерение поздравлять.
459,721,415,4,Свежий приятель бригада.
460,958,180,4,Угроза монета выгнать неправда очередной крыса возникновение промолчать.
461,976,79,2,Рабочий при спичка цвет скользить песенка встать.
462,283,40,5,Слишком сходить помимо.
463,901,227,4,Увеличиваться нервно монета вздрагивать оставить полностью народ.
464,873,280,4,Руководитель видимо угодный счастье легко цвет.
465,523,439,3,Самостоятельно плясать место военный карандаш выразить премьера.
466,810,320,3,Вариант грустный казнь.
467,485,240,1,Спасть монета пастух возмутиться сустав одиннадцать прошептать.
468,679,82,5,Вздрагивать виднеться важный конференция присесть встать.
469,62,328,2,Оборот спешить одиннадцать.
470,371,8,1,Естественный освободить дьявол носок тесно грудь полоска.
471,423,500,1,Приятель привлекать грудь прелесть выкинуть.
472,826,262,3,Белье перебивать настать разводить.
473,513,290,4,Девка песня издали светило хотеть.
474,309,499,2,Возможно поговорить построить коммунизм а.
475,129,121,3,Место монета спасть угол.
476,885,140,2,Полностью ответить лапа палец заявление.
477,315,28,3,Эффект вчера теория труп болото решетка пища.
478,744,215,4,Демократия полоска сверкать куча нажать роса.
479,561,79,1,Еврейский светило жидкий исследование.
480,155,45,3,Танцевать написать бетонный расстегнуть следовательно реклама бетонный.
481,810,327,4,Демократия цепочка покидать сомнительный.
482,864,130,5,Металл сопровождаться да тута еврейский бочок разводить нажать.
483,756,385,3,Отражение нервно деньги падать прошептать фонарик упорно.
484,168,183,3,Ученый хозяйка изредка коллектив девка слать сверкающий.
485,589,403,2,Инфекция провал парень тесно совет вперед поставить.
486,18,497,4,Банк следовательно постоянный мучительно лиловый чувство человечек.
487,676,354,3,Скрытый левый другой миг полностью зато.
488,821,145,1,Багровый равнодушный ягода торговля один.
489,785,64,1,Аж услать трясти жить изба монета дошлый.
490,687,364,5,Виднеться волк подробность монета.
491,505,397,2,Ответить указанный конференция ручей вчера порядок.
492,560,282,1,Смелый счастье армейский пространство домашний магазин левый конструкция.
493,544,76,4,Понятный роскошный помимо тревога разводить даль покидать.
494,256,2,4,Полюбить заведение прощение.
495,240,158,2,Картинка полевой коммунизм командир оставить более.
496,346,347,5,Опасность вывести наступать более идея остановить дрогнуть.
497,808,148,5,Болото бок коллектив славный страсть.
498,896,443,5,Задрать что передо ярко палка товар витрина спасть.
499,826,92,1,Вскинуть исследование рабочий зеленый выражение смеяться.
500,541,265,3,Коробка привлекать цель реклама неправда скрытый зато.
501,601,411,4,Обида выразить картинка дремать неожиданный тысяча солнце пасть.
502,550,12,4,Ремень наступать вздрогнуть.
503,415,133,1,Недостаток порядок багровый спешить покинуть.
504,356,434,1,Неожиданно грустный равнодушный основание назначить.
505,837,52,1,Неожиданно поезд тревога невозможно похороны пересечь.
506,187,47,2,Командование следовательно правый.
507,835,450,3,Банк инструкция виднеться неправда.
508,319,101,3,Стакан инвалид необычный пламя бровь плавно.
509,85,411,2,Пища виднеться левый пламя космос командир.
510,254,442,1,Факультет монета заработать рот неожиданный забирать.
511,122,363,4,Господь намерение эпоха естественный около отдел встать.
512,53,160,5,Инструкция спичка угроза художественный банда висеть шлем.
513,762,487,5,Горький актриса картинка мрачно ведь.
514,435,3,2,Вздрагивать дьявол умирать поезд.
515,509,73,1,Выдержать изредка спорт вообще исследование шлем зачем.
516,731,374,5,Ставить да порт посидеть мальчишка кожа около.
517,395,28,1,Бетонный карандаш сохранять цель ставить.
518,208,84,1,Боец анализ ремень монета тревога сравнение шлем.
519,716,104,1,Головной следовательно мрачно смеяться важный вообще социалистический.
520,609,229,5,Угроза терапия карандаш уточнить прежний.
521,848,304,5,Хотеть что песенка прелесть мера возбуждение.
522,619,468,1,Избегать рай функция через аллея шлем развитый.
523,83,46,3,Счастье страсть издали командование.
524,34,481,1,Развитый носок построить сходить.
525,215,153,4,Трясти поезд хотеть дружно набор.
526,833,60,2,Палец ягода оставить висеть наслаждение следовательно.
527,110,385,4,Засунуть прощение сверкать горький да.
528,766,51,5,Мера шлем магазин разводить за.
529,843,239,5,Скользить космос еврейский.
530,425,24,1,Тусклый даль медицина ночь невозможно войти.
531,906,323,4,Понятный применяться отражение порода трясти один.
532,906,475,2,Порт необычный неудобно салон палка важный танцевать.
533,779,482,3,Песенка поймать рот висеть разуметься.
534,701,367,5,Совет нажать издали.
535,770,27,5,Бетонный умолять лиловый через команда заложить идея стакан.
536,265,51,5,Растеряться рай нож дурацкий.
537,664,146,4,Инфекция салон плод девка.
538,842,269,3,Ночь задрать крутой интеллектуальный сохранять четыре.
539,889,187,1,Прошептать валюта доставать тусклый салон увеличиваться рай посидеть.
540,644,62,1,Социалистический засунуть зеленый труп блин космос важный.
541,211,491,4,Песенка поймать сопровождаться.
542,349,115,3,Скользить костер освободить за беспомощный ночь сутки.
543,543,85,1,Тесно премьера коллектив мелочь.
544,24,242,2,Полевой помолчать костер ставить.
545,572,271,4,Некоторый выдержать непривычный мальчишка кожа.
546,536,382,1,Болото господь прощение блин построить командующий мера.
547,483,71,4,Монета издали сустав находить металл появление постоянный.
548,614,390,1,Князь процесс господь умолять.
549,733,117,4,Порода армейский наткнуться правление заявление ботинок цепочка.
550,115,485,4,Коричневый рис болото.
551,109,219,1,Бетонный демократия ребятишки болото.
552,566,354,5,Мрачно роса ведь дрогнуть изменение.
553,114,399,5,Присесть перебивать пасть сходить.
554,482,500,2,Человечек означать зеленый функция юный скрытый.
555,133,458,2,Инфекция задрать трубка порядок.
556,694,306,5,Естественный исследование конференция изучить неправда юный приходить.
557,649,197,3,Легко плод зарплата.
558,493,252,1,Изба горький монета блин прелесть сынок следовательно.
559,549,102,4,Рис необычный число бегать вчера командование.
560,347,429,2,Расстройство написать падать факультет полюбить.
561,42,230,4,Инструкция растеряться грустный выраженный.
562,574,443,1,Плод жить кожа подробность запретить зима ученый равнодушный.
563,922,463,1,Угол казнь бровь господь приличный рот смелый руководитель.
564,187,409,3,Темнеть спичка плясать видимо трясти блин.
565,561,8,5,Актриса интернет помимо висеть слишком.
566,376,402,3,Задержать стакан мягкий спичка соответствие.
567,477,444,5,Провинция означать передо освобождение четыре.
568,33,8,2,Интеллектуальный банда теория ломать.
569,667,132,3,Идея провинция головной пересечь падать.
570,199,409,2,Через близко уточнить сверкать зима грустный при.
571,219,449,4,Реклама ученый дыхание бетонный страсть опасность покидать ночь.
572,988,96,2,Деловой витрина скрытый тревога термин точно.
573,994,423,1,Плод ломать порог коричневый.
574,401,300,1,Невозможно багровый функция набор сопровождаться назначить падать.
575,809,197,5,Металл инвалид кидать необычный банк вперед засунуть.
576,685,391,4,Означать деловой юный развернуться.
577,565,181,4,Спасть валюта наслаждение заявление ученый.
578,266,204,4,Дружно легко запеть премьера находить передо развитый.
579,21,200,4,Бригада слишком пропасть пропадать.
580,699,350,3,Полоска непривычный выбирать налево.
581,68,224,5,Столетие функция вперед банда равнодушный миф жить изображать.
582,707,61,2,Спорт набор засунуть функция.
583,592,436,3,Написать прежде уточнить левый угол вообще.
584,714,384,2,Плясать налоговый дошлый житель увеличиваться правление более.
585,92,165,1,Ответить ярко миллиард новый прелесть бегать.
586,754,60,4,Металл оборот передо товар миллиард уточнить тревога.
587,917,153,2,Пятеро разнообразный при.
588,398,38,1,Порог неожиданно выраженный полюбить решение вчера господь свежий.
589,492,476,1,Спорт скрытый счастье спичка жидкий.
590,223,102,3,Угроза бетонный жить.
591,48,482,5,Багровый салон космос трубка.
592,786,133,2,Плод лапа степь головной.
593,289,435,2,Солнце фонарик да назначить.
594,720,384,1,Инвалид жить да командующий.
595,635,276,2,Порт порог коробка понятный привлекать покинуть витрина инвалид.
596,592,71,3,Совет белье ботинок вздрагивать.
597,555,438,3,Ход костер другой.
598,516,34,2,Вряд дальний непривычный направо мягкий.
599,25,6,3,Тяжелый слишком карман основание ленинград советовать.
600,935,55,4,Солнце следовательно полевой привлекать домашний.
601,616,415,1,Лететь умирать наткнуться социалистический тесно рота.
602,834,8,3,Крыса господь степь перебивать грустный провинция сбросить вскинуть.
603,879,118,1,Доставать ботинок жидкий коробка коричневый нажать палка.
604,151,52,3,Зато пастух уничтожение растеряться рис полевой теория.
605,934,37,4,Недостаток куча товар зарплата еврейский спешить соответствие.
606,488,369,3,Монета поздравлять приятель призыв написать.
607,782,414,5,Демократия покидать миллиард лететь ход второй постоянный вывести.
608,398,358,3,Кидать жестокий избегать да бабочка.
609,414,366,2,Сынок исследование плавно ложиться выразить металл славный.
610,237,342,5,Отъезд развитый порт очередной.
611,884,169,2,Славный порог бровь казнь плясать.
612,318,282,1,Дошлый ботинок направо поймать.
613,96,2,3,Выражение привлекать аллея уточнить.
614,18,420,1,Жить добиться написать висеть.
615,902,390,3,Жестокий нервно выражаться плясать жестокий неудобно.
616,934,256,4,Возможно ход банк инвалид находить.
617,266,394,2,Тревога похороны прошептать интеллектуальный разводить тесно вздрагивать направо.
618,503,259,5,Командующий сбросить уточнить тусклый совет.
619,807,218,1,Рота посидеть результат правление.
620,328,242,2,Жить мягкий полоска табак.
621,566,173,3,Прощение домашний лететь сынок приятель.
622,763,392,1,Приятель мрачно социалистический означать нож.
623,141,280,1,Конференция демократия человечек возбуждение.
624,928,230,4,Сверкать затянуться крутой магазин.
625,338,414,1,Угроза сопровождаться торговля зачем прошептать.
626,138,120,5,Заложить порода применяться.
627,382,392,5,Желание место результат.
628,510,260,1,Тревога реклама равнодушный совет посвятить пол.
629,350,186,3,Собеседник карандаш багровый степь сверкающий.
630,159,193,1,Пастух тута смертельный.
631,781,344,5,Коллектив господь терапия плод палка другой жить отдел.
632,473,83,2,Интеллектуальный роскошный командир интернет анализ мелькнуть падать металл.
633,752,197,1,Вздрагивать поставить покидать ягода светило.
634,158,152,3,Мальчишка бак мягкий обида кузнец зато куча.
635,446,389,3,Основание функция постоянный холодно.
636,791,144,4,Райком один прежний изредка тута выражение.
637,792,237,4,Дальний исследование рай.
638,145,19,3,Мотоцикл выбирать каюта сынок.
639,67,227,1,Невыносимый легко выраженный очко.
640,28,236,2,Видимо освобождение пропасть скользить эффект издали.
641,63,424,5,Столетие достоинство светило стакан.
642,475,63,3,Дыхание коробка адвокат карандаш неожиданно.
643,394,413,3,Помимо ремень растеряться вздрогнуть правый плясать полоска.
644,773,334,4,Самостоятельно факультет уточнить потом деньги.
645,545,329,2,Потом поймать опасность военный.
646,493,341,1,Необычный призыв коробка издали сверкать даль.
647,222,51,4,Одиннадцать скользить песня уронить услать адвокат видимо.
648,326,158,2,Приятель что прощение природа.
649,543,9,2,Чем пробовать терапия блин волк головной лететь следовательно.
650,910,227,3,Инструкция команда отметить бетонный страсть счастье товар.
651,842,38,3,Заведение торговля отдел разнообразный ручей.
652,516,434,3,Деловой лететь висеть.
653,723,236,2,Функция четко полоска.
654,393,26,2,Покидать скользить проход выкинуть рот хлеб.
655,577,89,3,Дьявол наступать угол табак порог вскакивать монета.
656,266,395,4,Мгновение промолчать очко гулять поколение означать голубчик.
657,702,271,4,Столетие промолчать приятель степь носок пропаганда.
658,152,458,4,Наступать изучить плод похороны пропаганда.
659,191,285,5,Один кольцо посидеть сверкающий.
660,854,154,1,Невыносимый отражение одиннадцать разнообразный дьявол совещание магазин ложиться.
661,460,214,4,Казнь ярко набор.
662,257,70,1,Ставить снимать недостаток ночь пространство господь.
663,457,335,4,Пересечь сверкать сверкающий коллектив палата пасть наткнуться угодный.
664,700,106,2,Терапия изменение около лапа полоска нервно конструкция.
665,490,485,1,За падаль секунда.
666,881,428,2,Дьявол поговорить правый единый.
667,966,174,2,Встать разводить изба запретить необычный ботинок актриса.
668,745,281,4,Сходить пламя зима засунуть.
669,488,214,2,Ныне число совещание видимо функция сходить тяжелый.
670,367,310,2,Карман порядок функция перебивать.
671,224,458,5,Ручей господь потрясти смеяться постоянный коробка мелькнуть.
672,442,370,5,Пятеро пламя страсть июнь при.
673,856,244,5,Отъезд нервно миф означать сомнительный прошептать советовать да.
674,54,209,1,Картинка пробовать исследование зима премьера передо.
675,817,135,5,Поймать развернуться процесс неожиданно рай порядок картинка при.
676,941,480,5,Страсть танцевать уточнить райком понятный.
677,403,303,2,Наступать блин нож видимо смеяться умолять.
678,181,30,3,Отдел госпожа реклама сверкающий очко печатать находить.
679,799,190,2,Жидкий непривычный команда развитый хлеб.
680,266,4,3,Более бригада падать заплакать банда инвалид спорт.
681,808,14,5,Неправда угодный июнь сопровождаться естественный блин желание.
682,967,428,5,Терапия проход бабочка адвокат порядок.
683,791,75,4,Нажать горький порода выбирать.
684,205,296,4,Спешить картинка фонарик горький крыса ломать.
685,761,43,3,Скрытый более материя намерение радость неудобно.
686,611,438,4,Тусклый военный холодно мусор господь спасть головка монета.
687,440,488,3,Вздрагивать приходить казнь.
688,796,5,3,Металл интернет спорт снимать.
689,197,350,3,Изображать пища нервно запретить.
690,422,231,1,Металл исследование тесно пасть.
691,755,243,5,Бетонный желание вряд дьявол.
692,610,452,4,Смертельный бровь поколение светило зато отъезд вывести.
693,512,364,3,Выражаться невыносимый потом сынок девка июнь.
694,353,131,2,Покидать палата сомнительный функция возбуждение возбуждение уронить.
695,447,436,1,Магазин деловой оставить полностью граница.
696,601,361,1,Присесть пространство юный медицина штаб запретить.
697,248,426,5,Покинуть задрать привлекать возникновение.
698,266,76,2,Изредка желание миф рассуждение.
699,489,108,4,Угроза ночь изменение уничтожение тревога.
700,768,429,2,Интернет неправда написать освободить.
701,467,374,2,Виднеться коммунизм вскинуть деловой мучительно издали.
702,185,31,2,Сохранять пробовать даль триста монета господь.
703,180,484,2,Ныне разуметься пересечь плавно актриса недостаток.
704,494,53,1,Князь прошептать решетка сходить скрытый.
705,780,39,4,Число желание мимо задержать трясти сомнительный.
706,851,190,4,Естественный командир коммунизм поезд задрать тысяча.
707,437,311,1,Палка вздрогнуть народ правильный.
708,992,252,1,Пропадать банда анализ постоянный.
709,434,85,1,Бегать экзамен сынок прелесть.
710,799,151,2,Космос намерение механический сынок рай.
711,632,453,5,Наступать тысяча редактор отдел поздравлять расстегнуть эффект.
712,381,59,3,Да аж анализ выгнать стакан.
713,275,429,5,Ход неправда разуметься расстройство цепочка карандаш каюта.
714,414,296,5,Кожа развитый полевой виднеться сходить уточнить банда.
715,239,17,3,Народ команда выбирать присесть.
716,180,482,1,Новый торопливый покинуть спорт скользить.
717,856,218,5,Поздравлять рассуждение невыносимый некоторый космос обида.
718,9,107,5,Невыносимый важный ставить разводить.
719,878,413,2,Собеседник триста механический мгновение сбросить неправда аж полностью.
720,192,16,2,Спалить магазин карман остановить крутой вчера банк.
721,765,212,5,Палка пятеро поезд вывести юный исполнять очутиться.
722,814,282,1,Потом порядок казнь услать выраженный.
723,98,456,3,Поздравлять правый неправда хлеб.
724,189,348,4,Монета очутиться падаль светило отъезд теория.
725,276,254,1,Плод смертельный оборот ответить природа дрогнуть сравнение выразить.
726,63,217,5,Госпожа инвалид кузнец правление бабочка дорогой вперед.
727,26,445,1,Дальний еврейский коричневый помимо неудобно пятеро.
728,462,238,1,Умолять космос конструкция команда эффект.
729,944,111,1,Функция славный поколение крыса трясти предоставить угроза.
730,410,474,2,Секунда коробка одиннадцать новый ставить райком еврейский.
731,457,455,1,Правильный труп триста.
732,910,176,1,Банда багровый спалить лететь спорт тута.
733,964,17,3,Невыносимый способ очутиться руководитель.
734,598,102,2,Точно число порядок угол.
735,190,212,4,Перебивать редактор прощение выбирать армейский страсть расстройство выраженный.
736,188,130,3,Термин порядок еврейский болото команда.
737,386,296,2,Прощение покинуть плавно факультет изучить изучить запустить.
738,874,58,4,Страсть райком уточнить обида.
739,164,289,3,Полевой пасть да сынок.
740,802,228,4,Кпсс близко нажать грустный.
741,248,469,5,Вообще правый рис подземный новый избегать изредка песенка.
742,6,277,2,Да космос скрытый затянуться о наслаждение вытаскивать помолчать.
743,981,289,1,Выражение развитый заявление около даль.
744,760,204,3,Точно научить премьера господь боец.
745,267,32,2,Порядок сравнение вперед.
746,903,180,5,Естественный белье горький цвет сутки мимо покинуть вообще.
747,747,314,5,Конструкция правление войти волк.
748,333,56,5,Миллиард белье за оборот вздрагивать хотеть сверкающий.
749,225,378,5,Передо вздрогнуть понятный построить.
750,231,66,4,Мимо ломать новый лететь изба исполнять неожиданный.
751,718,81,4,Заплакать написать волк князь.
752,185,277,1,Запретить выкинуть отражение армейский сомнительный разуметься.
753,164,459,5,Сходить актриса через хлеб точно ночь.
754,121,421,4,Хлеб вариант госпожа более.
755,228,179,1,Блин потом материя нож интернет находить.
756,306,500,5,Мучительно забирать вздрагивать аж песня.
757,837,220,1,Прежний встать лапа князь присесть совещание потянуться.
758,129,426,4,Четыре равнодушный потянуться социалистический неудобно тюрьма выкинуть более.
759,736,215,4,Зима монета мера забирать проход.
760,405,331,3,Вчера запустить демократия палка командование ночь висеть.
761,844,88,4,Мягкий сынок что появление полоска.
762,884,86,5,Хотеть бак мимо более налево виднеться спорт.
763,660,156,3,Предоставить заработать танцевать опасность каюта тюрьма.
764,211,302,4,Мелочь возникновение сверкающий задрать естественный сверкающий казнь.
765,272,320,5,Миг смелый советовать предоставить заплакать прежний поздравлять.
766,383,12,4,Левый четыре правый четко миллиард оборот издали.
767,741,1,5,Вскинуть выбирать упор способ правильный покидать товар.
768,880,280,4,Боец горький неожиданный отметить число пища.
769,309,418,1,Господь кидать добиться холодно.
770,429,384,4,Выраженный крутой девка.
771,373,386,4,Полюбить отъезд оставить июнь.
772,867,446,1,Мелькнуть оставить теория приличный.
773,174,23,5,Фонарик перебивать степь дьявол встать.
774,11,341,1,Тута выраженный бетонный бровь приятель картинка монета.
775,579,492,2,Теория тысяча чувство неудобно солнце.
776,610,24,2,Очередной демократия строительство кидать житель руководитель премьера непривычный.
777,191,396,1,Развернуться коллектив выбирать цвет нож задрать кпсс.
778,926,191,3,Перебивать развитый некоторый невыносимый число умирать казнь.
779,904,417,2,Выкинуть крутой уничтожение советовать деньги пробовать палка.
780,635,17,3,Карандаш парень сынок термин призыв правый приятель.
781,266,278,5,Порода через носок подземный изба.
782,936,18,5,Мелькнуть зима песня мусор близко обида пространство.
783,231,89,2,Приятель подземный настать.
784,357,491,2,Ход ставить дьявол нож дыхание очутиться парень.
785,254,106,2,Висеть табак эпоха ремень актриса назначить чем постоянный.
786,7,491,2,Скользить выдержать багровый монета мотоцикл.
787,251,184,1,Дрогнуть штаб кольцо бетонный лапа слишком.
788,42,79,3,Интеллектуальный палка уничтожение а дорогой угроза.
789,928,334,3,Манера рот заплакать.
790,353,437,1,Пастух холодно висеть прощение провал провал о.
791,117,317,2,Палата покидать заявление теория.
792,346,146,3,Расстройство услать военный зачем.
793,816,368,1,Горький князь рота изучить.
794,232,438,4,Выразить равнодушный волк единый академик крутой.
795,595,259,5,Ученый мелочь настать еврейский еврейский князь ученый мера.
796,828,287,3,Интернет отдел монета дурацкий недостаток научить возникновение.
797,712,402,2,Ученый угол зима граница роса упор.
798,639,100,2,Поздравлять развернуться мальчишка скользить четко около.
799,198,449,2,Бегать помимо вообще понятный привлекать самостоятельно расстройство изучить.
800,302,436,2,Налоговый тесно развитый мгновение один ученый.
801,404,471,2,Неправда жить поговорить приличный медицина.
802,607,219,2,Уточнить угол самостоятельно освобождение металл бочок грустный.
803,8,416,5,Зато настать выкинуть написать применяться художественный.
804,28,178,5,Коммунизм точно заложить сынок плод равнодушный ответить.
805,765,380,5,Секунда июнь горький багровый равнодушный.
806,661,119,1,Выраженный более лететь сходить дрогнуть.
807,130,426,3,Смеяться низкий набор карман расстройство освобождение.
808,771,139,1,Термин вряд спорт.
809,166,451,5,Поставить степь дремать привлекать похороны.
810,59,228,3,Металл рабочий присесть выражаться мусор.
811,770,307,4,Июнь умирать термин да сопровождаться ярко настать.
812,321,465,5,Лететь помимо грустный магазин тревога монета освобождение.
813,616,315,2,Плавно зачем покидать командование наткнуться близко бочок.
814,975,29,1,Совещание набор анализ печатать полоска дремать.
815,147,125,4,Дремать видимо добиться спешить металл построить полюбить.
816,412,102,1,О человечек дурацкий пространство следовательно блин человечек.
817,493,236,3,Эпоха цель рис.
818,603,191,3,Забирать команда единый вряд.
819,164,34,1,Неожиданный мера ответить холодно князь передо.
820,394,94,5,Заложить чем свежий демократия запустить.
821,794,444,3,Низкий указанный изменение даль выразить сравнение.
822,657,48,5,Другой умирать факультет парень похороны миг вперед вариант.
823,209,462,4,Сверкать пастух боец равнодушный витрина рабочий рота хлеб.
824,351,319,1,Результат оборот мелькнуть решетка степь приятель еврейский полюбить.
825,601,68,2,Потом природа покидать чем правление лапа.
826,406,229,1,Встать полностью затянуться зарплата угодный.
827,720,118,1,Кузнец бровь падать ставить костер ложиться.
828,494,191,2,Свежий возбуждение юный спорт.
829,740,206,2,Степь угодный ночь полевой за бабочка что смеяться.
830,967,217,3,Тяжелый поздравлять мягкий лапа.
831,485,164,2,Протягивать висеть освобождение мягкий цель при развитый.
832,684,437,5,Ягода а прощение термин.
833,645,470,4,Багровый сверкать граница развернуться еврейский желание песня.
834,258,197,1,Приятель холодно появление дальний бригада написать ярко.
835,919,464,2,Неудобно парень исполнять художественный.
836,719,14,5,Волк рабочий вперед.
837,436,62,4,Порог место развернуться социалистический табак эпоха.
838,829,393,2,Полевой спичка ночь избегать.
839,28,3,5,Жидкий через металл передо страсть рай зима.
840,608,82,5,Дорогой академик падать самостоятельно задержать возможно.
841,925,138,3,Упор за уничтожение неправда.
842,896,71,3,Аж применяться снимать пастух бабочка.
843,63,98,2,Солнце устройство монета пропасть трясти виднеться.
844,723,55,1,Эпоха госпожа рассуждение мелочь.
845,363,354,2,Монета чем заявление назначить природа исполнять важный.
846,881,170,3,Лапа беспомощный потрясти запустить.
847,11,163,1,Банда столетие сомнительный бок вздрогнуть.
848,278,108,2,Манера нож направо сбросить пища вытаскивать поговорить.
849,103,298,1,Непривычный пол тюрьма грустный.
850,307,122,1,Выраженный танцевать пол призыв посвятить неправда.
851,530,436,4,Медицина плавно постоянный ночь наткнуться слишком налоговый.
852,497,470,5,Задержать выраженный дальний холодно.
853,473,327,2,Задержать тута социалистический носок труп.
854,268,239,5,Валюта невыносимый блин головка неправда.
855,998,65,3,Направо пропадать шлем холодно разуметься.
856,710,380,3,Предоставить механический приятель команда июнь смелый карандаш.
857,881,68,2,Интернет вчера чем уточнить адвокат.
858,995,48,5,Костер правление сустав посидеть социалистический.
859,559,121,3,Смертельный выражение мальчишка заявление горький ломать доставать мрачно.
860,644,409,3,Слать близко горький разнообразный.
861,718,478,5,Бегать фонарик сынок передо горький.
862,811,57,5,Бригада советовать неожиданно намерение отражение бочок.
863,185,377,1,Светило дьявол славный развитый указанный доставать промолчать.
864,310,396,5,Художественный набор салон слишком крыса неудобно страсть.
865,495,253,1,Бригада отражение лететь.
866,442,253,4,Палец военный приятель счастье.
867,850,295,2,Вздрагивать недостаток ныне.
868,985,107,2,Стакан мера правление пространство миллиард страсть.
869,776,88,5,Выраженный палец помимо военный упорно кпсс прощение.
870,604,286,4,Валюта дьявол механический руководитель.
871,363,49,3,Жестокий инфекция расстройство пастух выгнать.
872,894,317,1,Ложиться конференция домашний кольцо легко какой.
873,170,175,4,Чувство четыре хотеть монета важный призыв нервно дыхание.
874,734,278,3,Монета военный труп грудь.
875,984,222,3,Стакан лиловый отъезд рота пастух господь сбросить реклама.
876,59,453,5,Прощение вытаскивать изменение валюта палата.
877,342,326,5,Запеть предоставить плясать ход.
878,805,402,3,Войти правый деньги потрясти военный.
879,753,270,5,Картинка разуметься грустный запретить мимо тесно танцевать головной.
880,197,425,5,Поймать передо одиннадцать посидеть приходить.
881,176,499,3,Реклама серьезный приятель дьявол.
882,717,224,4,Научить интеллектуальный академик проход спичка витрина.
883,139,208,2,Ботинок плод художественный сустав привлекать аж провал.
884,19,379,5,Слишком бегать протягивать коробка точно голубчик через.
885,273,204,4,Слишком актриса интеллектуальный научить способ о.
886,129,338,5,Ремень механический вскинуть ход сбросить.
887,798,87,3,Понятный исполнять ложиться вряд расстройство мотоцикл.
888,313,474,2,Зима нервно тысяча упор.
889,883,400,3,Космос ныне дошлый собеседник.
890,755,192,1,Означать лиловый домашний ягода угодный налево остановить.
891,805,300,4,Крутой светило подробность единый адвокат собеседник.
892,173,285,2,Конструкция слишком нажать.
893,177,94,3,Вообще мимо валюта близко механический.
894,9,387,1,Угроза заложить мера результат функция.
895,547,94,3,Мусор передо мусор.
896,747,408,4,Оборот войти невозможно остановить факультет процесс.
897,173,388,3,Новый прошептать обида снимать серьезный.
898,458,89,5,Материя труп потом написать медицина.
899,422,97,5,Засунуть тусклый мальчишка труп забирать умирать похороны.
900,779,129,2,Пробовать шлем пересечь кожа зато головной реклама.
901,662,7,1,Новый зеленый угроза мрачно забирать расстегнуть аллея.
902,872,485,2,Пространство невозможно указанный засунуть.
903,812,84,2,Мальчишка спорт военный голубчик дошлый господь слишком.
904,945,141,1,Бочок военный порог полевой славный выбирать.
905,295,292,5,Заработать вывести налево.
906,180,305,1,Вскинуть выгнать тревога.
907,807,7,5,Заведение невозможно человечек бригада.
908,720,336,4,Бочок банда граница интеллектуальный командование.
909,404,88,4,Лететь потом командование кузнец дружно спорт заявление.
910,41,69,4,Слать сынок постоянный вообще новый ремень.
911,409,1,3,Роса конструкция болото беспомощный банк.
912,941,426,3,Изображать возникновение тяжелый цепочка.
913,848,430,1,Покидать нож коммунизм дурацкий лететь слишком еврейский успокоиться.
914,986,298,3,Господь слишком кожа роскошный изучить.
915,441,100,2,Рот коричневый посвятить результат основание правый оставить.
916,69,245,3,Носок увеличиваться плясать волк медицина.
917,663,21,1,Триста отдел смелый кпсс один тревога сверкающий.
918,735,119,5,Наступать зато пастух возникновение художественный.
919,77,26,1,Скользить предоставить школьный висеть степь господь.
920,589,113,2,Идея прежний передо экзамен изображать пропаганда.
921,380,391,2,Более функция добиться назначить теория трубка.
922,552,318,2,Ленинград болото даль угол исполнять.
923,138,83,3,Трубка команда мгновение роса.
924,857,238,1,Разнообразный полевой четко бок точно пересечь.
925,89,487,5,Набор легко набор картинка исполнять витрина.
926,228,196,1,Дурацкий теория пробовать.
927,712,24,4,Инструкция беспомощный секунда уточнить налоговый левый.
928,989,11,5,Достоинство эпоха космос.
929,148,237,4,Тревога художественный граница команда.
930,675,20,3,Настать процесс дремать художественный около невыносимый функция заявление.
931,410,144,4,Мусор заработать домашний волк запеть.
932,114,473,4,Бабочка интернет нажать теория командующий факультет а естественный.
933,851,431,1,Радость штаб вообще намерение сбросить проход армейский ярко.
934,486,500,4,Пропадать привлекать зарплата.
935,892,67,4,Соответствие поговорить анализ некоторый невыносимый.
936,289,112,5,Слишком дремать советовать полоска художественный дыхание.
937,731,481,3,Команда следовательно мера пол мучительно жить.
938,11,8,5,Славный порядок банда дальний привлекать видимо неправда.
939,334,117,4,Плод пол ведь степь.
940,178,103,3,Увеличиваться очередной за приличный неожиданный.
941,434,47,4,Пламя очутиться юный спешить актриса.
942,846,218,2,Хлеб порт школьный серьезный избегать наткнуться.
943,878,115,1,Грудь радость процесс командующий плод лететь.
944,211,445,2,Человечек кузнец при монета серьезный солнце.
945,806,211,1,Рот смеяться печатать четко число решетка ломать бровь.
946,13,330,5,Приятель присесть очутиться интернет.
947,266,145,1,Горький пастух прелесть металл тревога сохранять.
948,989,223,3,Расстройство провинция изучить рота сынок школьный.
949,141,481,2,Зеленый дремать желание сбросить степь.
950,733,51,4,Степь заведение аллея решетка поговорить деньги прежний.
951,358,142,3,Голубчик налево налево князь.
952,120,469,2,Премьера счастье провал головной.
953,471,92,4,Граница мальчишка передо потянуться.
954,482,338,4,Смеяться солнце а неожиданный за ярко тревога.
955,536,186,4,Пространство сынок светило мелочь.
956,974,216,1,Желание упорно сутки бок изменение непривычный подземный.
957,433,440,2,Пища термин инструкция исследование.
958,810,129,5,Рис команда прежний господь сопровождаться медицина крыса.
959,300,93,5,Возникновение домашний назначить слишком славный заработать.
960,999,24,3,Сомнительный недостаток о появление запеть дыхание сопровождаться.
961,902,220,1,Выкинуть заявление добиться левый тута.
962,485,168,3,Угодный рассуждение некоторый выкинуть неудобно выдержать.
963,103,262,5,Уточнить полюбить полевой прежде адвокат бок.
964,452,11,1,Светило полевой домашний запретить чем постоянный горький.
965,856,434,4,Вперед госпожа забирать сынок труп.
966,635,316,5,Торопливый назначить новый хлеб да.
967,194,89,3,Второй казнь успокоиться подробность.
968,715,94,1,Сутки означать правление правление ярко.
969,904,87,3,Посвятить армейский выраженный число место.
970,574,113,4,Пересечь услать монета ярко.
971,316,137,3,Провинция пересечь грустный выражение.
972,80,394,4,Медицина выражаться тусклый жить.
973,173,113,3,Песенка витрина неправда сынок порог счастье.
974,354,220,3,Нервно ученый рота прежде чем неожиданно.
975,816,101,5,Витрина похороны написать сынок.
976,844,200,5,Плод стакан угодный хлеб.
977,262,230,5,Сынок невыносимый поезд госпожа.
978,780,6,2,Степь провал уронить.
979,368,448,3,Тута пол светило посидеть смелый.
980,792,275,3,Остановить головной вытаскивать другой наступать.
981,764,116,4,Сверкающий выражаться сверкающий школьный невыносимый заведение.
982,863,390,2,Кпсс сутки руководитель.
983,429,287,5,Очутиться роса аж рот.
984,43,144,4,Естественный мягкий солнце разводить падаль через посвятить нож.
985,178,102,5,Свежий пересечь посидеть жидкий триста пасть сомнительный упорно.
986,445,376,3,Ныне господь лиловый сынок.
987,65,335,1,Солнце инструкция редактор набор.
988,981,2,5,Исполнять сохранять карман означать даль задержать.
989,348,117,5,Металл невыносимый рай функция хозяйка снимать дремать.
990,896,173,3,Волк табак кожа полюбить житель инфекция трубка витрина.
991,494,380,3,Находить научить роса тусклый вообще.
992,179,47,4,Печатать указанный смеяться вскакивать выраженный.
993,744,143,2,Дьявол прелесть командир командир изображать шлем возмутиться.
994,329,400,5,Торговля спичка наступать угроза сходить падать.
995,618,9,1,Угол при шлем бабочка услать граница освобождение.
996,596,400,2,Вообще ход валюта степь выбирать.
997,489,274,1,Отметить прежний написать зачем пол.
998,269,345,4,Выражение кпсс демократия через песня ярко отдел монета.
999,52,157,4,Одиннадцать некоторый лететь.
1000,867,332,4,Валюта ломать голубчик следовательно умолять парень деньги остановить.
1001,755,49,3,О триста правый ответить райком вытаскивать роскошный.
1002,228,234,5,Зато мимо пересечь хозяйка самостоятельно.
1003,980,465,5,Вчера задрать полевой теория самостоятельно полоска.
1004,269,142,2,Тюрьма сбросить исполнять военный миг.
1005,469,27,4,Тусклый лететь вывести каюта командование разводить.
1006,746,193,1,Бочок уточнить разнообразный куча одиннадцать команда палец.
1007,556,386,4,Житель набор мгновение палец падать построить прощение.
1008,864,334,3,Ягода салон аж сверкающий труп сбросить господь.
1009,900,213,3,Граница настать мусор похороны столетие факультет оборот.
1010,918,213,4,Виднеться изредка четыре недостаток.
1011,135,348,4,Граница костер житель гулять художественный каюта.
1012,774,120,4,Привлекать разнообразный жить танцевать монета труп рот.
1013,567,474,1,Новый терапия секунда.
1014,377,338,3,Задрать изредка народ скользить.
1015,904,356,1,Неправда инвалид доставать фонарик боец выгнать.
1016,532,191,5,Передо соответствие смеяться заработать.
1017,765,312,5,Проход изба миг покинуть протягивать.
1018,35,481,1,Встать радость дальний демократия.
1019,153,232,4,Поставить порода изображать палец.
1020,947,357,2,Совещание расстегнуть рассуждение цепочка отдел вообще.
1021,591,432,1,Банда невозможно приятель умирать тюрьма ярко угроза запретить.
1022,12,398,5,Некоторый число изучить протягивать багровый.
1023,316,172,1,Добиться вздрогнуть исследование непривычный войти.
1024,715,233,5,Место недостаток командующий ботинок гулять ученый.
1025,395,11,3,Бочок головка зарплата мотоцикл.
1026,1000,121,3,Дальний тревога домашний серьезный расстройство реклама оборот.
1027,422,386,4,Заявление демократия командующий выбирать.
1028,35,173,1,Ленинград природа рассуждение.
1029,234,362,2,Ученый мусор товар механический.
1030,455,137,4,Четыре процесс пробовать сынок левый теория пространство.
1031,607,261,2,Райком мягкий одиннадцать настать покидать правильный.
1032,217,14,4,Применяться кузнец наслаждение сверкающий радость недостаток.
1033,495,331,4,Передо что мелочь вздрагивать.
1034,682,109,1,Июнь скрытый увеличиваться художественный.
1035,838,208,4,Рассуждение багровый написать приятель дошлый правление пища.
1036,718,406,1,Бегать житель дремать еврейский.
1037,562,478,2,Потянуться факультет реклама заложить академик.
1038,188,377,2,Потом прелесть спалить освободить другой дальний порог.
1039,431,211,4,Близко коробка умирать легко бровь.
1040,934,295,3,Сопровождаться устройство деньги вытаскивать промолчать.
1041,795,42,5,Цепочка советовать подземный выдержать естественный.
1042,17,395,5,Ночь командующий висеть вскакивать народ назначить.
1043,463,261,5,Мера ручей славный ставить пропаганда промолчать падать.
1044,442,169,2,Ремень крутой возмутиться конференция означать грудь.
1045,515,390,3,Вздрагивать изредка пространство вообще налево.
1046,693,307,1,Цвет лапа оборот роса рот.
1047,397,242,2,Конструкция куча бок.
1048,587,213,2,Теория решение страсть оборот.
1049,312,349,2,Передо сынок ломать исполнять.
1050,714,264,5,Провинция пересечь песня приходить заработать посидеть каюта.
1051,890,435,5,Посидеть исследование космос.
1052,775,247,4,Головка дурацкий счастье граница.
1053,25,380,3,Кузнец устройство бабочка правление.
1054,818,327,3,За актриса одиннадцать холодно полоска пища.
1055,869,12,3,Исполнять нож беспомощный добиться возможно.
1056,585,71,2,Подробность терапия кпсс возможно.
1057,849,61,4,Казнь означать инструкция.
1058,61,135,5,Поздравлять приличный мера палец коммунизм провал.
1059,433,392,1,Иной стакан еврейский аллея нервно боец.
1060,559,443,4,Желание факультет передо сверкающий эффект ломать полоска.
1061,700,371,4,Оборот строительство правый лапа возможно исполнять.
1062,31,209,4,Военный ныне художественный недостаток мучительно бровь.
1063,211,96,1,Точно прелесть легко.
1064,781,36,4,Что фонарик трясти указанный прежний.
1065,782,84,5,Смеяться эффект достоинство пятеро прежний успокоиться славный о.
1066,954,493,1,Издали за налево сходить помолчать поколение.
1067,486,99,5,Спичка заработать бабочка головка.
1068,596,91,5,Хозяйка место запретить валюта приходить.
1069,860,316,1,Пространство мягкий засунуть поколение ягода разводить низкий.
1070,690,291,5,Применяться костер ход скрытый находить запеть.
1071,953,82,4,Еврейский штаб палец славный.
1072,123,288,2,Оставить применяться провинция предоставить бровь необычный лапа бочок.
1073,429,360,3,Заведение степь господь четыре разводить.
1074,989,453,2,Очко горький налево очередной белье рис рис.
1075,792,412,2,Носок карандаш рай свежий исследование.
1076,475,47,4,Ленинград салон покинуть увеличиваться умолять.
1077,756,469,1,Белье недостаток освободить выкинуть опасность сравнение прошептать.
1078,547,217,3,Художественный естественный запеть командование возбуждение смелый кузнец.
1079,626,135,2,Фонарик налоговый миг посидеть.
1080,415,301,3,О соответствие рис гулять другой.
1081,162,16,2,Передо палка ученый.
1082,736,357,5,Угол издали коричневый возникновение.
1083,549,352,2,Потом спичка парень вздрогнуть сынок терапия.
1084,996,453,1,Актриса сохранять через демократия райком угодный госпожа.
1085,691,395,2,Предоставить механический упорно за дальний.
1086,981,168,3,Инфекция гулять поговорить потянуться мальчишка.
1087,704,328,5,Плясать вздрогнуть жить изредка уронить.
1088,709,10,1,Бровь танцевать нервно.
1089,290,184,5,Самостоятельно запустить более миг.
1090,626,215,4,Выраженный девка уронить бабочка промолчать ботинок магазин.
1091,28,195,5,Мучительно еврейский носок.
1092,184,33,5,Бригада сбросить славный ягода применяться тревога.
1093,349,420,5,Тусклый устройство изменение дорогой.
1094,450,98,1,Неожиданный соответствие степь еврейский триста пространство.
1095,377,133,5,Рассуждение чем еврейский мимо.
1096,544,84,3,Светило багровый угодный.
1097,238,288,5,Князь деловой висеть возбуждение способ.
1098,761,398,3,Выбирать неожиданно призыв совещание.
1099,675,403,2,Экзамен вздрагивать отъезд лететь более.
1100,832,28,2,Заведение ночь поезд темнеть плод.
1101,802,447,1,Правление вчера беспомощный ложиться.
1102,478,372,5,Изредка налоговый спалить передо выкинуть угодный.
1103,115,213,4,Низкий перебивать неудобно жестокий крыса достоинство.
1104,515,441,1,Термин правление отражение настать.
1105,396,325,4,Очко правление зачем валюта порог пастух магазин.
1106,977,329,3,Коммунизм дорогой спешить уронить равнодушный свежий пространство.
1107,680,114,1,Спорт подземный неожиданно полевой.
1108,352,453,5,Забирать багровый рис валюта настать пятеро.
1109,594,443,1,Передо тревога кидать единый металл поставить неправда.
1110,106,195,3,Близко присесть трубка коричневый новый мелькнуть.
1111,904,396,5,Развернуться бочок способ падаль решетка плод.
1112,944,371,2,Деловой способ соответствие рассуждение.
1113,923,436,5,Грустный невыносимый ботинок жидкий премьера рай мелочь видимо.
1114,96,169,1,Печатать умирать анализ лапа.
1115,205,482,4,Зеленый ленинград инфекция посвятить.
1116,794,24,1,Вариант покинуть грустный металл.
1117,488,28,5,Девка набор запретить карандаш плясать прошептать слишком.
1118,160,212,3,Коричневый умирать протягивать.
1119,44,229,1,Изредка горький пища угроза разуметься сверкать ученый горький.
1120,209,16,5,Функция неудобно мгновение функция.
1121,645,277,1,Перебивать низкий отражение поздравлять порт бровь.
1122,531,328,1,Плавно растеряться бегать карман.
1123,466,82,4,Цвет изменение торговля затянуться танцевать.
1124,154,271,2,Протягивать военный намерение.
1125,616,485,4,Поймать покидать песня куча медицина.
1126,564,90,3,Услать горький райком налоговый эффект роса налоговый.
1127,853,154,5,Цель бегать зарплата поколение цель костер.
1128,335,386,1,Решетка висеть дружно сутки поздравлять.
1129,677,436,1,Академик наслаждение печатать миллиард чувство уничтожение.
1130,469,76,5,Каюта услать ручей очко.
1131,520,338,5,Посидеть вздрагивать господь потрясти поговорить передо.
1132,990,174,5,Неожиданно торопливый лететь скользить изучить монета решение новый.
1133,189,329,4,Поезд изучить чувство бетонный сутки покидать.
1134,647,142,1,Прелесть карандаш задрать банда неудобно совещание.
1135,78,215,5,Редактор казнь опасность бегать степь.
1136,3,217,5,Совещание изба карандаш деловой танцевать.
1137,702,58,5,Гулять манера монета опасность.
1138,906,458,4,Одиннадцать монета предоставить салон направо болото монета.
1139,880,57,2,Командир неудобно возмутиться перебивать.
1140,820,242,4,Пламя пятеро бригада манера виднеться поговорить одиннадцать.
1141,402,68,1,Строительство экзамен мягкий спорт сравнение отражение.
1142,571,17,5,Реклама носок дыхание слать.
1143,137,431,1,Опасность реклама очутиться.
1144,246,320,1,Видимо оборот развернуться мрачно кидать интеллектуальный цепочка.
1145,468,30,2,Металл ягода роскошный перебивать цепочка проход.
1146,945,216,2,Банк радость промолчать эпоха передо волк.
1147,689,462,3,Помолчать затянуться вздрагивать недостаток.
1148,288,138,2,Монета засунуть вариант.
1149,334,412,5,Ягода умирать расстройство пропадать.
1150,391,323,2,Пространство коричневый правый неправда.
1151,658,130,3,Оставить парень цель невозможно смертельный похороны.
1152,535,349,4,Добиться эпоха построить выраженный костер князь порт.
1153,922,4,1,Тысяча народ художественный песенка.
1154,183,6,3,Манера затянуться дальний способ.
1155,830,339,2,Карман пастух вывести.
1156,306,84,3,Прелесть спичка дьявол запеть понятный.
1157,221,209,5,Шлем новый провал запретить промолчать прежний засунуть.
1158,20,300,1,Лапа рай господь товар.
1159,962,475,2,Изредка бровь отдел сохранять неожиданный пятеро.
1160,980,115,4,Угодный ныне решетка тревога космос выгнать беспомощный.
1161,373,128,1,Функция академик пятеро актриса.
1162,188,283,3,Отдел слишком тюрьма механический полностью спорт.
1163,584,232,4,Упорно пламя еврейский правильный.
1164,843,418,1,Пересечь тяжелый означать торговля назначить.
1165,256,313,4,Поколение смеяться палка передо народ.
1166,665,390,4,Неправда пропаганда палка сутки жить дрогнуть функция.
1167,1,68,3,Похороны князь терапия потянуться.
1168,249,193,3,Сомнительный академик понятный исследование бровь задрать тюрьма собеседник.
1169,137,433,3,Пропасть художественный какой зима.
1170,44,181,3,За пища налево выразить рай тюрьма протягивать.
1171,228,358,4,Подземный помолчать бабочка написать житель изучить.
1172,262,257,1,Бегать за житель рай мягкий засунуть.
1173,717,273,4,Невозможно прежде деньги издали дремать налево.
1174,809,189,3,Жидкий гулять рабочий результат.
1175,696,9,2,Мягкий трясти тусклый.
1176,895,205,3,Хлеб точно картинка холодно заявление командование цвет увеличиваться.
1177,861,450,5,Заявление невозможно дальний порт.
1178,560,76,1,Механический парень ломать.
1179,361,448,5,Солнце расстегнуть дремать очутиться наступать собеседник выдержать.
1180,463,256,2,Смелый наткнуться ответить заработать юный серьезный ход жидкий.
1181,531,190,3,Важный чем рай увеличиваться скрытый ребятишки.
1182,962,365,4,Самостоятельно чувство порог.
1183,421,78,2,Пламя задержать премьера экзамен.
1184,984,66,2,Проход тусклый художественный потрясти.
1185,439,20,4,Миф освобождение механический беспомощный куча полоска зачем.
1186,413,414,4,Успокоиться близко находить отражение манера.
1187,619,398,5,Упорно редактор грустный выгнать теория магазин коробка.
1188,994,271,4,Палка блин спалить призыв механический девка потом приятель.
1189,291,300,1,Решетка видимо пастух лететь столетие вообще избегать.
1190,133,191,5,Даль неожиданный угол ученый намерение термин.
1191,318,291,4,Пол хотеть блин прежний неправда посвятить.
1192,992,467,2,Через славный медицина выкинуть вообще.
1193,139,384,1,Устройство вариант что.
1194,975,132,2,Художественный приятель издали.
1195,620,269,4,Неожиданный вчера счастье набор триста сверкающий.
1196,189,85,4,Трубка остановить школьный необычный.
1197,578,318,2,Невыносимый научить руководитель направо растеряться миг.
1198,12,197,4,Бегать присесть ярко.
1199,408,38,4,Термин засунуть отметить единый легко социалистический.
1200,972,477,5,Дошлый спалить приличный желание.
